prompt_id,split,category,source_row,field,n_tokens,distinct_tokens,repeated_4gram_fraction,top20_token_share,text_sha256
human-00000,human_response,brainstorming,11297,response,226,144,0.008969,0.389381,466eef4d828b9e0fbe76d9ba0ea60c9fa7877ed6cf5f2837980983f64c59ee7c
human-00001,human_response,classification,11621,response,144,70,0.042553,0.604167,ade9aea0d3fbf40af14d8395e18cf6f33e9bee6f32a384b9e5aab5f0676722ab
human-00002,human_response,brainstorming,1451,response,485,174,0.041494,0.470103,1ba45fbd3b0f8c88caa3972cc2e444c0a3b0f3025c20c06e5ec23d2cd992e6de
human-00003,human_response,general_qa,3657,response,129,73,0.007937,0.550388,26162d1cf57b5f856268c2871e951094d09b778693772ff4ad6bd1d768fabff0
human-00004,human_context,closed_qa,10167,context,249,127,0.052846,0.477912,5df9a77bd2cdb1e3673244dc887c455b8e6da1d0c1e5db5aaf30ab503384f2cd
human-00005,human_response,general_qa,1171,response,172,105,0.0,0.494186,a2bb87b71b2d9ea19d2a7bc31726f040970c141281d7a3bfccca4174a285dfce
human-00006,human_response,open_qa,6981,response,150,101,0.0,0.413333,a18724b4afdf36c3f5a81750126ca78fb4422142de11b8933b90e6b087b76df0
human-00007,human_context,summarization,491,context,188,116,0.037838,0.441489,b00f5e1323df3ae2370a671c0d6fa512fb72fe214b6baca27c59cbf0e22b6d75
human-00008,human_context,information_extraction,2020,context,142,95,0.0,0.471831,5bdd3e610856e489970f0825a71d2ca2b96e67787da75f8a217263ff4446ad0d
human-00009,human_response,general_qa,5554,response,238,138,0.004255,0.44958,246c5fc2209590b018454940b32e4d204fba04317feff2fd93b954968f4023fc
human-00010,human_response,open_qa,320,response,160,99,0.006369,0.46875,9f52db4fd3e035489d2cde7b8a3cc300925ce0c76676cc07610690ce764a8617
human-00011,human_context,information_extraction,7676,context,493,229,0.046939,0.425963,b9e55715cde6cc9d127df11eb478d9a4d8a7a38324c36f9d199836e630a10911
human-00012,human_response,creative_writing,14925,response,245,142,0.0,0.428571,1b2d388f7d5add8a222dcfa22d42c6900cc96968b66740bbd7cbda78ddca7339
human-00013,human_response,summarization,13445,response,162,95,0.0,0.450617,e3eee3713fdf6ae51ec868797667be94037eb3a97cf3607a264bd7bed64a817a
human-00014,human_context,closed_qa,13310,context,224,143,0.004525,0.424107,cc66799b0cb65bfbc5626ddf3c5aa3c7a920845034c7681ac19bc56be306d110
human-00015,human_context,information_extraction,1258,context,283,186,0.010714,0.363958,b5345ef541f3fb6516d308c47576f8f468a4ab81463f0cb8d0c2fe4449878e13
human-00016,human_context,information_extraction,1314,context,198,109,0.030769,0.429293,039aded311f7f338e8d405b76f438e5693189b4663a640ac7aba672fbd2d5ae7
human-00017,human_response,open_qa,6509,response,209,137,0.009709,0.354067,989fe956def120c39206b66c57cd07c64c9245e48c2b0e01a547b9760303dfa4
human-00018,human_context,summarization,1223,context,2191,705,0.159963,0.531264,ef85ea0614159066eeea4e456167bf7ef895fc42709a93a050643abd7778797b
human-00019,human_context,information_extraction,1358,context,536,165,0.140713,0.526119,a8b9937ea502de00c54bae4bef12c8563df9061f42448fef8fca14b74decd5cc
human-00020,human_response,general_qa,1003,response,335,171,0.01506,0.447761,a4f321f0c58442ad77bc837f0dd979cdc4742cc0bad69f640579b1508c93230b
human-00021,human_context,information_extraction,2713,context,170,94,0.065868,0.488235,0a50a171118433a1ab7b7a985798ab6f5b7621423524d546246521f9a5e04fac
human-00022,human_response,summarization,7764,response,159,114,0.0,0.408805,f3b8bfe62d14d7f1817d7c44bd275494f41e6d5c30ffa3432a31c04f0dbaaafc
human-00023,human_context,closed_qa,4906,context,169,115,0.012048,0.390533,edffc0d01e48d04b352ec3b8b7e244c8830fcb5d84e1102107661ba015e3f946
human-00024,human_response,summarization,7494,response,569,297,0.017668,0.370826,41c63ea35759a63dc738968cc63a2ced6ead141c0cba2ca4633ec630523e5e05
human-00025,human_context,closed_qa,14612,context,309,142,0.042484,0.485437,856e5299eba183c211d0311c94e0d5e1f0e709df0fc4505dfe7b9f6865eea6d3
human-00026,human_response,closed_qa,13764,response,208,106,0.073171,0.466346,346133eb0224052ed85fa286b7207d369c9f580f8719745232a9704641d16418
human-00027,human_context,information_extraction,12767,context,141,80,0.0,0.574468,f10a8a7fd3ae1d1716dd134aa9af2d967dab0da89423b33160a14f5ec1fde0f1
human-00028,human_context,closed_qa,393,context,267,169,0.011364,0.359551,843bc0da86bcf629a69c39692edf98c4ffb9796f3bd2c847e74e0095e0206712
human-00029,human_context,closed_qa,13858,context,128,73,0.008,0.507812,4315cda1ea219a554221529aa4da043adcd0c2e44124e27321c1408e8ff5a83c
human-00030,human_context,information_extraction,11754,context,148,89,0.0,0.472973,58f2bd77a95d7156066f64a1b5ee67faa3fa3d5890888c517fa203488112dd8c
human-00031,human_response,open_qa,1672,response,247,130,0.008197,0.481781,5609be9eb56b7d425f0b0ea77db06591990d76fc43d5194b670f4a2025815f56
human-00032,human_response,open_qa,9459,response,158,92,0.03871,0.449367,23d771f075c4e294f9785289ef8cf9398a7ae5add50962a99d475a21b37326ce
human-00033,human_context,closed_qa,6659,context,244,141,0.020747,0.45082,88b8ebe6bfad62f792d115f69ead28d0a16847e648a4afc1990f5e27763a1fc0
human-00034,human_response,summarization,3267,response,325,128,0.080745,0.581538,0002489da89bcd2efc159780e69db706737195afa12401c3dea79c682b03031c
human-00035,human_response,general_qa,10715,response,244,126,0.029046,0.446721,0bde1eeade6ece106ea9f873844dbd14a07515a813dd7ca1d4ce0fbe798843be
human-00036,human_context,information_extraction,11678,context,139,80,0.022059,0.52518,e19929b12276ade9cf4a9bdabdf05923bd0fafe3f2d4f86fb3a48a5cdec251d8
human-00037,human_context,closed_qa,787,context,187,118,0.016304,0.417112,c499b78775af1a48a39d7d59971b707ab1951b35ee3ce7735a76185ace9bd2d4
human-00038,human_context,information_extraction,228,context,347,164,0.034884,0.469741,d0b4349acbb72dc551e271824e3eb26f94cdc7eb59d66e094e32d8c411af9f7b
human-00039,human_context,information_extraction,12236,context,606,310,0.054726,0.40099,13436a2c0a5b19bfd553f6de1adf6d8c5bf78f32d22fa28827bc22c94a576da1
human-00040,human_response,brainstorming,4754,response,189,111,0.0,0.449735,24fc2cfdbcc53c2478a51f2a3c2aafd39a059603b3c4c2a29fc3566570909b0b
human-00041,human_context,information_extraction,10139,context,205,118,0.00495,0.458537,d5546d601a21f1a4c41bb165062b5f5a0c1529993b2dca0d0600d4d310e228f8
human-00042,human_response,general_qa,14853,response,162,98,0.0,0.450617,1fc04799a2bfcc5410aedd0ef10b068c290d6eb0989aae946fb7fba67a805632
human-00043,human_response,brainstorming,173,response,210,124,0.009662,0.428571,5e65f015c45b1a7314469f87f1c8e717580251005ba00e4cc1cef7cad93499ff
human-00044,human_context,summarization,6121,context,688,319,0.014599,0.424419,b725f9ddccf93676837cf65dca9782055af444664cde9e45221da211b5b6a319
human-00045,human_response,open_qa,9033,response,227,149,0.017857,0.396476,612cad056c1954bfcdc8f9754f411e65a576ee5e360c74bcd7fb5d0d73eb2a3c
human-00046,human_context,closed_qa,1561,context,590,248,0.010221,0.428814,4e6eb9a8f745e348a023aa6e6899cd1aefd06ed84d8d47104c12a8592ee7f3b6
human-00047,human_response,creative_writing,9748,response,252,116,0.048193,0.539683,30a5647a0b23a125a8f70925c82b21de25ba1c1ac110f0ba8ebea3d0aad09cce
human-00048,human_context,summarization,13656,context,688,278,0.065693,0.388081,da22e5a4afe609189eeceb7bedc20aad029276011515814268b033a4447afd83
human-00049,human_response,general_qa,11946,response,174,111,0.0,0.436782,8c34cd0bfce0daacdc12714d65cd2bc392a01cfd64b59b65dc02568308919ad4
human-00050,human_context,closed_qa,9226,context,657,271,0.122324,0.462709,75f331ef902d280eea10936adf70b54620b140a303d4c29ae6ab0789e8d6cd64
human-00051,human_context,information_extraction,9354,context,562,271,0.048301,0.421708,e455e16347da22e243e6a5592b021a46275d746945a726da61a551bec323d33e
human-00052,human_context,closed_qa,13241,context,390,206,0.005168,0.389744,a888608ca7bc479b7f758218e7b33efd0f0cdc253cef9dda2112b5d95115f68d
human-00053,human_response,summarization,8454,response,138,93,0.0,0.463768,19353205849e4cb15553fa0d7dcac3e54630804032d717fd0a66a81b07da671a
human-00054,human_context,summarization,2258,context,317,186,0.012739,0.400631,9f6829b8ab975e13a9bd1ca3f9aad5f8a4c24483839c2df20530e9edfaf5fdfa
human-00055,human_context,summarization,9993,context,202,99,0.030151,0.519802,9dffe65a419129dac379152386b0b47c07005adbdfea87390f809c12994aa628
human-00056,human_response,general_qa,275,response,266,141,0.072243,0.402256,741b29affe7642da83331e783c1cf960c1dd400d220c3e1368f49fec79063e40
human-00057,human_response,closed_qa,7046,response,329,192,0.009202,0.367781,102adbb367880d68e2835e3546d2af42c61bdeffdb3f3da93e014950d5628f50
human-00058,human_response,brainstorming,3457,response,281,150,0.032374,0.469751,c468a512bb21521481c8f64a005102c0021a6ed75a8422467b4b041cacee132a
human-00059,human_context,information_extraction,7157,context,410,201,0.186732,0.434146,e2ec09f52955c1137a9c872430ce2d97393619271bd1e5727113bfb4faf19848
human-00060,human_response,creative_writing,1762,response,152,94,0.006711,0.480263,b2d4a52c842cfdd36bdaa7bacd4f6f0ec4dac9fb03a1cff0b5a717821b335d76
human-00061,human_context,information_extraction,1512,context,193,137,0.005263,0.357513,2aecd0479fe17385fb59f353e0ffc0da67b1ea944a04a78417bab1f018511a43
human-00062,human_context,information_extraction,13380,context,218,139,0.018605,0.426606,08bc97213e4ef737562475e135df33a881ab90387787afd8cd866ac80a629065
human-00063,human_response,open_qa,12285,response,173,106,0.011765,0.433526,95fe184be02a413a8c00603a77cb3582d4924145717f1f2398ea75e0accaf596
human-00064,human_response,summarization,6226,response,214,121,0.047393,0.476636,63db9dff157e8e29ba96aade122d1ecd3fde5464ff4bd3a07e7f234e689e5872
human-00065,human_context,closed_qa,12190,context,295,156,0.030822,0.450847,929464f39bbda79d5c1dfbeacadb830064eec782576dc05157e6b89b954e62c8
human-00066,human_context,information_extraction,13481,context,211,132,0.0,0.417062,9f615610e2993b31ae004dd6bae7c0bc9ff980474e71d4e5b28d655c4e48d4d2
human-00067,human_context,summarization,3734,context,138,99,0.0,0.427536,672a5132270e5b6853efd30aeaed8a8667464d621b8ec5b8963be06c7a373d21
human-00068,human_response,summarization,4412,response,218,148,0.0,0.357798,003893fe7ebbc608d76202e0c6c4a637ad8c59ae5a2770633474144798786800
human-00069,human_context,summarization,6781,context,954,401,0.07571,0.439203,3d9c477e3d8becab45356169ca1e4c3a059efc7b24920bf5b6a7ec63902f472e
human-00070,human_response,open_qa,293,response,154,86,0.046358,0.5,e0368b6df0fd9a4a1aee2ea44d116317a7c22a235ba535040a95e5ddc3d4269e
human-00071,human_response,general_qa,6865,response,147,84,0.0,0.530612,a5d5d3a3ada8838821bba5b7233b779828964fe217711effaf9ff207a9ec0a63
human-00072,human_context,closed_qa,5758,context,713,330,0.059155,0.42777,833661b8912c308d93a55208c4751b3987f9b0c242e19ab2293be9b7807dc2a3
human-00073,human_response,creative_writing,9819,response,244,128,0.012448,0.45082,7c59407d34f0456966dc429f7669c1bd59377bfb25731e1a99e71ade28f63b81
human-00074,human_context,closed_qa,2601,context,741,385,0.017615,0.383266,75ef80a9c76daa2b2bc5dd53f2752b2cc64486e1f46e8d1b20baf87eb96e90d9
human-00075,human_context,closed_qa,2954,context,131,73,0.015625,0.48855,2d21dea95065748d58179882d81d78150880c893203cdb9167876e61e78d0ef6
human-00076,human_context,information_extraction,10318,context,155,89,0.032895,0.535484,02f7152904aaf108158d37863cc3a463366ef77abc9d427210ae701f55af9947
human-00077,human_context,information_extraction,4709,context,151,103,0.0,0.443709,9b875d5c8e5294a2dad3cb6e13c6787ea51e2d3f4cd7a5a4ab0aec85eb5817ae
human-00078,human_context,closed_qa,6623,context,242,149,0.0,0.409091,40bd9fdbdb2f1561d1de9ea85ea9e8151a6e3c5198da0d0f33594cf8d670915e
human-00079,human_context,information_extraction,9066,context,325,190,0.015528,0.412308,3d8c4097272162694f9168b7cf3c31c0d47acf5b3e71bd8bbd22d80c046d5ace
human-00080,human_context,closed_qa,6595,context,152,98,0.026846,0.453947,062abbb2857e287cf0ebdb9424931e25c6454d4ddf541a3570dc436576143c8c
human-00081,human_context,information_extraction,2292,context,171,95,0.011905,0.491228,49cdfce26a63678b332e9a0cac62146b314f69d89aebbbb19e93ecbdba1c33df
human-00082,human_response,brainstorming,3760,response,181,103,0.044944,0.491713,fa989082d9007d29d1ab7842e5754ee020b57d62176031b668550e0104a52774
human-00083,human_response,creative_writing,2543,response,259,127,0.015625,0.498069,a92b73e0a4a932ffaaf61805d20c6ab107dd9eea30a9dd752861d5a87ac4e660
human-00084,human_context,closed_qa,631,context,178,107,0.005714,0.47191,2fb8402f8b6b43e244246980dd5c93c646bac2b841db68cb5222eeaba93ded2e
human-00085,human_context,information_extraction,3903,context,132,85,0.007752,0.454545,f49bd2bb4b6ac93f577293cb5eef3be5e930b3648d07e7523b64cc0fd4210eb6
human-00086,human_context,summarization,5014,context,135,91,0.007576,0.474074,07f75c3c05be4d83a26fa34834099ea9b30db927cd831824fb8486918aef438e
human-00087,human_context,summarization,10804,context,183,120,0.0,0.442623,853686830b89b853615678d486aefb9b4bfa1e5dff3cb8447d14c60a0ca4a20f
human-00088,human_response,general_qa,7015,response,129,76,0.039683,0.565891,a6b3b6766071950569b7b3ba8ddf2c0d937a7c6d01a1c7da7ee32ab0339c9c34
human-00089,human_response,creative_writing,14936,response,149,101,0.0,0.42953,d0f1449c0fefea75378e7e2826b448a2c0bc09c744a30b8b0b2fad2c237e8605
human-00090,human_response,general_qa,395,response,167,100,0.006098,0.449102,7f9720d0c3fafd4b0c1b5fbac03f00f700d22bde71aedde1e9d15f00238996c0
human-00091,human_context,summarization,13035,context,208,124,0.0,0.456731,7a8a105eda14ce3b42725cd21db8ba82ac4f6a2b7d820a00f681820ec2278db3
human-00092,human_response,creative_writing,7847,response,338,189,0.0,0.387574,1533c876f3049ae757234476e633e6d0b054f7d4643b5db000b284565ad7487f
human-00093,human_response,general_qa,4804,response,318,190,0.003175,0.415094,5df376da26ac6280d2ba5294f3643590133b1bb98d52c4ee9580b261088fadac
human-00094,human_context,closed_qa,7163,context,1384,573,0.028965,0.338873,01b90d4d8203b02646fb32558bc060ebcfa6b35bc279c967ffa3911f1ebfb8f7
human-00095,human_response,brainstorming,14167,response,355,202,0.048295,0.433803,a004ab5806c09c5603aa7549010fc7834969e3a7048cc8240101986f2396c37a
human-00096,human_response,summarization,11210,response,280,169,0.00361,0.371429,59fa7faf6aca5c446be1d18c26f25f4e715de678897e16321264e0e1e834785b
human-00097,human_response,summarization,4168,response,519,235,0.071705,0.473988,ec8e7ce7545b8bf47c324c770df63bfc86e5749910dd7c61285ffe4fe6b3e698
human-00098,human_context,closed_qa,6832,context,375,214,0.013441,0.418667,5a66778386181d5472c865da95ac6a44e1fd15bcdb52fa945a6743cda4e68d74
human-00099,human_context,summarization,4894,context,171,114,0.0,0.397661,74f2abe727f9dd1b721d9d4fd8ca0e30c9f5c4089bd0f6aef2cf343f8313e712
human-00100,human_context,closed_qa,10679,context,2505,949,0.033573,0.314172,8cb9dbbe36b547c6b9a30c1e532e2c808bd24c033e5e5ad5f1182ba208dee2c9
human-00101,human_response,general_qa,13279,response,135,84,0.015152,0.496296,845fe9fcc59b17c2df419c2e45491559143e0dd77586c8b45bd03c9119c36e13
human-00102,human_response,information_extraction,6833,response,467,261,0.008621,0.357602,6d4bbc034eda5f83dea097dc669762c86db3d7524b638f37443b1569b0b03f98
human-00103,human_response,open_qa,10747,response,490,273,0.002053,0.346939,7069a067c9bf9fdcc82125966d09e9054abd185e128e55d8d871df7c0415dad3
human-00104,human_context,closed_qa,12659,context,2011,735,0.049801,0.326206,774c61a81cff0ffedf60c3f942ad9f6a690b59c94cd2d380321d227113e9fee9
human-00105,human_response,classification,13555,response,180,100,0.00565,0.455556,4dcd77ee99423f5a010838eef7de1e7ab986575eba85e9cdaa0e8d14423261f7
human-00106,human_context,information_extraction,271,context,139,91,0.007353,0.417266,398b1ae430d8f6edf716110741d923532a4eedc80080d161374f79229086b9a1
human-00107,human_response,creative_writing,587,response,178,91,0.017143,0.533708,65ff9e6fb031452d643b9d958d79ee06e3c34fd918e65ea9ebac457f44ec5909
human-00108,human_context,closed_qa,8114,context,425,241,0.018957,0.376471,1e34dc6bfb9026fa86e826c6b31b765d486b654dbb473d2627aca9ce22a7d571
human-00109,human_context,closed_qa,2182,context,161,93,0.012658,0.515528,505c615f2a6727d75c1eb7a904fdac48b0716584c49539c3135c71e2273ecb54
human-00110,human_response,creative_writing,1447,response,190,116,0.0,0.442105,5ff0c6d5a38c4141a6bd6288321c5c080f30c4c23c2e778fb3cd8225c9bdfa78
human-00111,human_context,summarization,77,context,129,98,0.0,0.379845,41fd3d8128c16e1fdac5ed7d3169acbb6d3ee40eb30a9d6bb87630be8a9d5ea1
human-00112,human_context,summarization,8530,context,191,122,0.0,0.413613,70dfe371e1cf15d6a104fa76ec46e4cc05892b4858a6d52de3d236546585b377
human-00113,human_response,brainstorming,7780,response,139,76,0.125,0.597122,0df49c0183b389c65d4739c66fe8499a6847094fd7bee53386808a8eb633af9c
human-00114,human_response,general_qa,4170,response,216,127,0.004695,0.439815,ebd441d1e70207f89f2c629242e422c0e4ef67dea4c6635544b9b8eb367b010c
human-00115,human_response,open_qa,5139,response,495,147,0.134146,0.606061,8ccfc4b747a8f93c524b9f998be5b2e5b65bcecc080bfa8cd7d8dac0b43e0c6c
human-00116,human_context,closed_qa,4147,context,352,185,0.025788,0.409091,c0ea4b26aaa1c34a85876c14ca00df404c61c8f00f3b63be6933149ab887b02a
human-00117,human_response,summarization,6576,response,135,81,0.068182,0.548148,e68f03a3eca98a9599ff241990ab108c1ba9c943517b6be18181bb6f9cbd223a
human-00118,human_response,summarization,1743,response,182,123,0.0,0.379121,c755d3ae41fd17bb551e660ec7b4abe3faa2299b63851acf8899f89f88cf40f1
human-00119,human_response,general_qa,10920,response,136,81,0.0,0.514706,d484937e42e179bbe3c083014a4f2c6e0c333678eac924bc19f4730b41cc8d26
human-00120,human_response,classification,6084,response,148,67,0.296552,0.466216,4d393e0ba4133f812f33b64762c641630175bc618171c1faad018d2d5a3219e1
human-00121,human_response,general_qa,10029,response,161,92,0.018987,0.496894,be1566c6b7799b672cb2a622de958108e7b137124cdbf93bae875ccbe7a5a4a8
human-00122,human_context,information_extraction,5844,context,292,184,0.0,0.380137,f865eec20805cdad73049cd161bd06e167107932254d49d5473d0c96a4f5a1c0
human-00123,human_context,closed_qa,11397,context,253,154,0.0,0.41502,d3b5d5aca37076da6c76cec71a87c757be6af0957b74de88c55ee82f2a2ee76f
human-00124,human_response,summarization,3056,response,170,117,0.0,0.429412,c910760e14d0e3c5998e4f51496836f4f2448d87f88880afc95cdc6a17633caa
human-00125,human_context,summarization,9295,context,573,309,0.003509,0.378709,af0d65459648fb0045606ae9b5f03a78a5919d4740eae76a051aa8bc312d5c76
human-00126,human_context,summarization,8717,context,973,389,0.025773,0.379239,4c9302393f31623fd8b25079492647934e611414df077ff8a8da2681c7ee89ee
human-00127,human_context,information_extraction,10401,context,1133,495,0.011504,0.359223,5c57757afb3277845953cc902dcd45c931e66b66613239b0d2a9fb9ea063e64e
human-00128,human_context,closed_qa,1206,context,223,125,0.013636,0.479821,ee5cd9a4c48219efed3ae1e58bdf1052ff22e8ef6d818548a2c51900c85dd491
human-00129,human_context,closed_qa,13717,context,131,65,0.023438,0.625954,5b6caf5825f934f9e87fe1a3a543f3d327b40f4a028207083552ca8cbf05efce
human-00130,human_response,open_qa,7559,response,129,87,0.0,0.465116,b82acb16122c1fdaa4241092237f765917233de01e3e874d943f0ced7fc9cc15
human-00131,human_response,open_qa,4156,response,164,94,0.037267,0.481707,9999440d7fabeef000cfc0de757db74528a9ba33d8ecee1edc1ff0dd623efe38
human-00132,human_context,summarization,9383,context,314,184,0.006431,0.378981,a3554a2c2b34ba0e628955888fed5f7272f23541b7a7bb4cd44038d57927aa9f
human-00133,human_response,general_qa,13530,response,161,99,0.006329,0.447205,e23e2f097331d7319281d7d1e0ca8a255d0a658ae4ed61dbc7873fda6ba292a6
human-00134,human_response,creative_writing,12168,response,144,96,0.028369,0.409722,df1a54bc467636ccef1b6a7054382ffcd6e6400cd837b6b14c456c4b99df188c
human-00135,human_response,creative_writing,11130,response,172,100,0.0,0.5,ff3cccf66111d2f86acd6035e41e9eec7760396ce761db32c4c556aeeba7bda3
human-00136,human_response,general_qa,8544,response,328,200,0.0,0.341463,4f335adb4ca974e06469053048220ab86f1ffa1fb313f2213c9053dbac4356a3
human-00137,human_context,closed_qa,12310,context,218,133,0.004651,0.426606,596ea010ef02e334d3b3790089c566622bc1f7a781cf15bfa50aa8e5ba02b63c
human-00138,human_response,creative_writing,7906,response,211,97,0.004808,0.549763,5eec7f3f3f67b12cbde8b8de487c5efd5698de159f8a108a893c8c60f83ac890
human-00139,human_context,summarization,9433,context,228,141,0.004444,0.394737,34ff20e6ea62086da91a3dd34db13111be8c3dba1dfc5b8c2c695f15a6b66a5f
human-00140,human_context,information_extraction,7121,context,511,226,0.047244,0.377691,961d06c9e20c990e304e3282b1a56ef2bb3737865fe16696eff329b16a3eec2e
human-00141,human_context,information_extraction,10301,context,316,175,0.051118,0.420886,9ec9b16ebab24a68dd9cd84c5dbbc6bcc44da602d6652cae9e37a0105b2040e6
human-00142,human_response,brainstorming,10583,response,277,87,0.156934,0.729242,92fee871f09a02bed79aa12c8c5972d945c7124e3f4437f999d28da72d42a646
human-00143,human_context,summarization,299,context,154,90,0.039735,0.454545,894bd36c177e93ba9e90f19a6798d2c1e2ab3cca485ae36051ac18c2a1ef7702
human-00144,human_context,closed_qa,13216,context,176,105,0.0,0.454545,75b9839281c1a1a76035699ad54647ee67765cb386c0631e1e132e2ba16dc430
human-00145,human_response,summarization,9589,response,153,78,0.026667,0.568627,013aaba73ad688e185a3e2036cc67911cc9b0db49e58c5038297217f3d159009
human-00146,human_response,general_qa,5617,response,168,105,0.006061,0.446429,aa1fe81b78e5738b679e05faecb647dc7aeb418e2a3cb3729edcc73f24667f34
human-00147,human_context,closed_qa,14732,context,250,150,0.036437,0.412,1d7a2c080bb02a01e7758ec865da5c34c776e46840eecd2125fe056111720c5d
human-00148,human_context,closed_qa,8359,context,296,152,0.020478,0.39527,6b10cbf3cc5bccd4bad2002df8cc12e9e7b24fb1321b58e8aceeb4ebe1a69296
human-00149,human_response,general_qa,958,response,170,100,0.0,0.5,020d82fff7b1e5b759954cacd94d7f7c376266e17bdd39da3386d625e9450920
human-00150,human_context,closed_qa,14054,context,364,197,0.024931,0.428571,bfeb3d8b10704ef85590b27413228fe02b78db37b471fb0526e6586260e39805
human-00151,human_response,brainstorming,5593,response,154,102,0.0,0.467532,b0de397b2ca964cafc6f80137061b70d9d365b8f5becf80c92e55f9c24736653
human-00152,human_response,open_qa,13259,response,196,112,0.036269,0.469388,c8e1ea079a97f9a3e64f6f4de08031324ef57502578b035496f845c27b343630
human-00153,human_response,summarization,7915,response,151,92,0.006757,0.483444,d653d721e10262c392814fa1f7d4f196d78165959fa0d53f5bb1565426c8150a
human-00154,human_response,creative_writing,7573,response,138,81,0.007407,0.528986,de313fa3aa8b2f6b33926af466f690516717a3e1ff65a8f68d6a2fa86a9b7802
human-00155,human_context,summarization,6810,context,197,121,0.0,0.390863,565579b66b1688f72a903154f05c89c08c2609fcfb78a3ef5843cabf3e966a4c
human-00156,human_response,brainstorming,6998,response,137,70,0.029851,0.576642,534e753d9ab32c8eb87cd9826471827c416c33d8158941cf6bb1a451f13fc3dd
human-00157,human_response,general_qa,4128,response,130,76,0.023622,0.553846,bc7c093079c4fe6694c1bac56692636a25d0bf264d1b33e3a806c396a667af1f
human-00158,human_response,open_qa,8646,response,359,192,0.016854,0.406685,4b0afc36b4b29f9bd1fff9569c698ebd2ce3ac0c95121a4d9712cd741f60e5c0
human-00159,human_response,open_qa,12923,response,187,111,0.021739,0.465241,3eb6debca43ce4a6d2e0222396935d986d5ac33ebe57a3ba75690e02ff4424ea
human-00160,human_context,summarization,7277,context,134,91,0.007634,0.470149,4f0eaa4e46b6804cb8effc30fa11f8f963b390306436f4b25bbdbb9c6508e6cb
human-00161,human_context,information_extraction,5342,context,178,114,0.005714,0.426966,c01dc74b661255cf37c23698017c84659521e07cd7bd3ee0fd7f22473fd318cc
human-00162,human_context,summarization,13489,context,242,102,0.079498,0.590909,bca6f3229fb11b7376d935d525c5cb4c20b8ed9c256f4b9f73d68eda3bdf835c
human-00163,human_response,open_qa,4661,response,199,118,0.020408,0.442211,93ffb84376dde932b84a22f5c2820e458648bdb58c78ece9a6a83c5c46bd786e
human-00164,human_context,information_extraction,2896,context,518,244,0.015534,0.418919,649272df3d64817abbdd036132fc6a277065168addb56de61a1c75cb64a957cb
human-00165,human_context,information_extraction,2095,context,150,90,0.013605,0.513333,700efc3b542530d4c7df452bd9598f20183a7215bce9c2ff485a790158ccb2e3
human-00166,human_context,information_extraction,2821,context,185,77,0.082418,0.594595,873f0bca5a24f8917d44218091f129037b6947c252cb69f4d9cb012c2f0f95cb
human-00167,human_context,summarization,11146,context,133,84,0.046154,0.473684,d035dc8557e1eace428654b41545effd9bdf1ced3a291e6476cb53c0be8e9fab
human-00168,human_context,information_extraction,4716,context,265,127,0.049618,0.501887,ff4e140d7b8206c89ec7b1fa404dbdfefc5893221d775c41f67d3f9f7e0a7959
human-00169,human_response,open_qa,9769,response,166,106,0.02454,0.427711,de1c898f9a07a30fc76f9d7ec1688401ed9102eaea9ea1830672955e76e5d80a
human-00170,human_response,summarization,14109,response,254,143,0.027888,0.429134,a2909232a26e4933b0b67a5e7d947994b26236b3541258e2d12022bc831575ba
human-00171,human_response,creative_writing,5814,response,319,152,0.053797,0.492163,14f3bbd57bb2b2581203457028977a9f4b8e3452a4ae6384521eaad633319f38
human-00172,human_response,creative_writing,7137,response,148,93,0.013793,0.506757,1fd2d7996afcd9d4e3ed9ea3f0009309092c9493197acc422e643e7889f40175
human-00173,human_context,closed_qa,4614,context,223,124,0.05,0.457399,818b39a159793478bbdfdf865832581926c5b07eccad1f5c108705a396d9bb1a
human-00174,human_response,open_qa,6829,response,129,96,0.0,0.410853,3f75a08ce28346969630e7bfcecfd0830e395f43b97a48669c997dae909dca2c
human-00175,human_context,information_extraction,7965,context,198,83,0.107692,0.641414,474816b3794ce574f37a546526e01280db5b9fe5bab1fa6b5bc54ed42d694af9
human-00176,human_context,closed_qa,13049,context,174,112,0.0,0.465517,0890b91406488f3fff8f8388abbb7994536d3c987017cb9cb07a421334d9c499
human-00177,human_response,open_qa,6743,response,250,138,0.004049,0.456,0f8136a687da335a22e0bf7a3fa73711495738eb1ad19ebdbe3bcc0ffc9e0f83
human-00178,human_context,closed_qa,1837,context,177,104,0.005747,0.435028,a0e97999943deebb3a214a90802ad2bfa8094d2f823d5949a114253415a0e79d
human-00179,human_response,brainstorming,7874,response,278,122,0.018182,0.510791,f387d24eb384c8e977efca0e0987a25b2c5583159bddfcedbf3b723ff44a60e1
human-00180,human_context,information_extraction,10751,context,219,135,0.027778,0.392694,f58ed2facbe163de85ba655902dfb05c9e8a32124589af470a23fddba7b1b0d3
human-00181,human_response,general_qa,375,response,141,92,0.0,0.453901,8564e25d96accd72c1f36496c96cbd34c05984342f5b688cdf456b3a92af5a0e
human-00182,human_context,closed_qa,3463,context,205,125,0.009901,0.409756,090bbf609c9dc6cc78ac470e37c5883ba2ea746aef07fb79606f01ae4172e03b
human-00183,human_context,closed_qa,9927,context,462,261,0.006536,0.359307,5b3c33fb2af6111c93003f01ba315d82025f991f590fc26efd37e518e1f3aa55
human-00184,human_context,closed_qa,4087,context,253,136,0.064,0.43083,b17e7b8a42aaf51ba4d1e253ad6e3fa8335961941725b82942ca09c6f9f56607
human-00185,human_response,open_qa,13009,response,142,99,0.0,0.443662,a33e0d7350e8f6bd8c1d87c1dd6fa7b6e325dd5ac128b48ab17175adb0595df1
human-00186,human_response,creative_writing,6863,response,621,270,0.019417,0.396135,2c9a75fd29e425c1e059657b37beed21084b4749883b67b5975c96cbb828667c
human-00187,human_context,summarization,14960,context,130,73,0.03937,0.592308,6d623e6a17ab85ae80b573e691c4be2db412a07b2e1a4b152f950da8169ea829
human-00188,human_context,summarization,9768,context,408,175,0.037037,0.47549,1643551fa3f8198da9b3b19137ca702090644721302e33518ceac3129bf8491a
human-00189,human_context,summarization,6400,context,151,92,0.067568,0.437086,e7581a1198856db002dfe02b657c165bae2bbd141fa21dc34d3ded634955991b
human-00190,human_context,closed_qa,618,context,153,89,0.02,0.490196,34aa64c5298c6756aac61c31ceb5f402d153a906657549d367d83647e1908045
human-00191,human_context,information_extraction,7927,context,205,86,0.034653,0.570732,3927bfcf46baf3e08160b855b2ad63d763ce4195d0dd4a2999329800f5480d71
human-00192,human_context,information_extraction,6094,context,502,226,0.048096,0.442231,09a448ebce8ddcd490f4faf5d0d7083b20089e30610576e23102080c454ddc8a
human-00193,human_response,summarization,14418,response,130,87,0.023622,0.484615,f22b0927dbbcc4dd0a9991cc120447f4a799d11c8dffca7d14488ecba8eca29b
human-00194,human_response,summarization,7659,response,129,75,0.039683,0.573643,9629474eac71c5bfc4f5e36b954fb3f74b7bbd68353bf26324d1cb07fe307b35
human-00195,human_context,closed_qa,13739,context,189,120,0.032258,0.412698,892648700304842f9ae84a5eec43a104e0215b7f92478042c713602095599898
human-00196,human_context,closed_qa,4550,context,271,163,0.018657,0.428044,d826adacf01d0874e81ee99ef8983604574033fe887e375b28f0cf157926745d
human-00197,human_context,information_extraction,7902,context,290,177,0.006969,0.372414,249b659d53dcbf33e33619541857696ce946c548117ff4a2cd3eaf67123e9ff7
human-00198,human_context,summarization,2156,context,1437,344,0.160391,0.439109,a19ebc50655344d961eeb8e1aa60a05a61691201b2275027ec8fe6aefc2b5e1a
human-00199,human_context,information_extraction,9634,context,211,132,0.009615,0.412322,f4c5a60bae89a56486cd5613f33eaae2fee2248b9a0628a213ed8d43207e6ebe
human-00200,human_context,closed_qa,3217,context,134,79,0.0,0.514925,22d6c3c5f27ef9f1a5064786ec2788e8347b7eb44fff56f09de7299ae1d4d0de
human-00201,human_response,summarization,8786,response,344,169,0.017595,0.438953,df77d4ebf590c862adf1d945a782ea6c1e81350d664e834058b52e48ea86a718
human-00202,human_context,closed_qa,2511,context,137,88,0.0,0.459854,13661c33ed99355ed8c5aafdb77e90b49438b618ae31fdb81610d32ca88ee442
human-00203,human_response,open_qa,4577,response,197,117,0.010309,0.426396,938f760e711dfd64327db13e35053e05590eeb5a8820bb1f1d87194f126f4240
human-00204,human_context,information_extraction,4996,context,323,162,0.015625,0.405573,03cd881ca8e53d77b8b621d3225f2032f3a02e7f6a9927cf0cbab018b3446fa2
human-00205,human_context,information_extraction,8561,context,296,143,0.075085,0.472973,e98a4448eba4140868c8d91191d818261a506f7d69f9b73ada8afe8b5bb71c7a
human-00206,human_context,information_extraction,14590,context,425,191,0.047393,0.423529,6c4f8ca45a0e0da03e345ad292328dbde54c2fdef17158851302ba7a7fdd5547
human-00207,human_context,summarization,6218,context,214,130,0.004739,0.38785,f8a8ba61b242af82277618c8c98bb362f23b2440207edabc9d5d84e40ff13252
human-00208,human_context,information_extraction,2392,context,361,174,0.022346,0.445983,0c53e49fb38be0a796ede944e049aa816fbd71cbce556428a7e62f492f32d4bf
human-00209,human_context,summarization,2524,context,304,189,0.0,0.411184,bcb03001a7e6b1283839d5cc13d3124edc465b7d5eeb964e01b6e018b0c2ea51
human-00210,human_context,closed_qa,1047,context,174,113,0.0,0.41954,74e3c7707b4cb8fe0cb842412cb544a054f60122f9ecbf683d8e9de47e8a900d
human-00211,human_context,summarization,7694,context,284,157,0.035587,0.429577,1213f5af929ada12622d140821ff1ad491b77446c0cb1d46461b0e27007f4213
human-00212,human_response,information_extraction,2316,response,469,239,0.015021,0.371002,d68583421f4082a205d3514ae58a88f7db937ea8f2ebda3c9729e0a7f743fa93
human-00213,human_response,summarization,9816,response,214,136,0.004739,0.434579,89c1acfad47aa0cecd1598b7b7d3e99d85c27a18310226788163dba7dce1dbc5
human-00214,human_context,summarization,5654,context,436,220,0.027714,0.364679,a0c5e3d53dfdc78b4c4402dd5e63990b5d8b9c845932f1787f7771588d0e94f5
human-00215,human_context,information_extraction,12811,context,157,99,0.019481,0.464968,ab37ed9ffc75ec73083ccf233afe168c11c0517e95a2d115c637899056155173
human-00216,human_context,information_extraction,6198,context,153,101,0.0,0.470588,de94798c94675d6a809e4d2c1d694cc87b202b9587fc9b69cbcfd4beb5d6dc4b
human-00217,human_context,closed_qa,8860,context,283,151,0.028571,0.44523,b5df0b85e9701dc8a710362102d26366b337a5a1178a11cb33ead465a3e4560c
human-00218,human_response,general_qa,9250,response,164,77,0.062112,0.567073,0dc5ece5dffa78459bf56fc99e50b337850a9f26ac3c0a6eabbcd7ae264a8949
human-00219,human_context,information_extraction,7303,context,240,133,0.012658,0.466667,31019c1c16c38c66396e9a430af8817378e9816a13eee06e164b688931c9c2cc
human-00220,human_context,summarization,2205,context,176,86,0.034682,0.579545,8e1cfdc7637256f031bedc7f7b1a7d3850de14f27a06770d0f093552bd80ac8e
human-00221,human_response,brainstorming,4355,response,243,155,0.020833,0.366255,905fbe1d8225a499cc65eeacb3452adc512ed24ebaeaf4215821cc1f2199666f
human-00222,human_response,open_qa,6420,response,142,92,0.0,0.478873,e817f45582b3e4c8c88ffc6015d446f42bbb557074a80bc143cf1f4e9dc9f353
human-00223,human_response,creative_writing,11872,response,247,125,0.008197,0.51417,21b5149acba4e3a41f1d7f88ff99a81b90bf15bf22bab08bd46656f5c38472e1
human-00224,human_context,summarization,14342,context,134,86,0.0,0.507463,e6c503af719a0396a7f8541882f02dc84f450456a021d5e3d0737cdc8f3f456e
human-00225,human_response,summarization,9411,response,135,83,0.0,0.518519,eb2838b256b400feedcf13a62df2817db223414f0db3e9051c186609e7b12439
human-00226,human_response,general_qa,14304,response,156,102,0.0,0.435897,3b2be3d5284575c2d746f75a323dce99befff7074839599b08f675a270236390
human-00227,human_context,summarization,4684,context,317,168,0.028662,0.429022,86fba5357a4cd29010a9ec8412c46634ea7ad560b26217380b2b881ea6efa65f
human-00228,human_response,creative_writing,10780,response,337,166,0.008982,0.397626,0fb19751f4a8e455925deca95143a28151e752f532b6191729be8d8fe66c92e8
human-00229,human_context,summarization,13593,context,142,92,0.0,0.492958,f0d33f5ba578a61d14432012ebd1b991dfc712051128b0d19d6e76336d1a8d04
human-00230,human_context,closed_qa,10959,context,230,154,0.004405,0.373913,6a2b6400c799235981975ce4a0fe5cd56e427a8f3cf61bc1c72b50d4f68b68d2
human-00231,human_response,open_qa,5889,response,170,109,0.011976,0.447059,6e6159a6c88c4a3454c0e5cbe8c4db75267d1cb3349e5d4df613801856775510
human-00232,human_context,closed_qa,3826,context,243,121,0.016667,0.518519,d4e14ad77d487e7aff71d01129b6c81fffbbd8691e35118d41f3a232bf42695e
human-00233,human_context,summarization,7757,context,214,133,0.004739,0.406542,c233a9a58fe3f37e55f27f3190146548263e3b5636716ee7083ec14749de4044
human-00234,human_context,information_extraction,4511,context,798,347,0.062893,0.424812,d116be6ce36880fb7c5b1936df32ee6c3c5436a7181558cf31013137fb6e183e
human-00235,human_context,information_extraction,2793,context,180,101,0.050847,0.511111,6de950fda9f71a4b633229c09ee9677987f15ba6e4c2b0a466a65ee6b8e5cd22
human-00236,human_response,creative_writing,5069,response,557,254,0.018051,0.389587,5b0c027ae3cef7ac3e2eb56b491365736b1e869666cbb4324192564504e4a91f
human-00237,human_response,classification,5376,response,839,300,0.12799,0.402861,6481224c5180f8691626c304778d5da5eaaad5a975c7f3fbac326600b67d9ed0
human-00238,human_context,summarization,8640,context,223,150,0.018182,0.358744,928e50532451b53b06b3f2be4d8b7122435d0103c8e1af154491f506146cdb88
human-00239,human_context,information_extraction,11712,context,291,129,0.0625,0.560137,4df562af6540c4336290d1a43579d7065ebdef89d52dedf1b8fb970d7761fcb3
human-00240,human_response,open_qa,8026,response,437,205,0.023041,0.407323,f822a05d4cf273b317c7f953d0afedbc23dc9b658858420335d384c3ac33092c
human-00241,human_context,summarization,9012,context,453,242,0.017778,0.379691,4dea01184b5eb13012833b7b6fc9f5622e6b904998dd58961ff0dcf7d073bae2
human-00242,human_response,closed_qa,8725,response,337,170,0.02994,0.456973,bebd9d70619382553a89c319be80ad38b1e72d6f87671347f561e545c41afb4c
human-00243,human_response,creative_writing,8849,response,381,185,0.013228,0.461942,c00733269f55c12763f582b87e919f22ec42ea861ca6b4ec32636d78994fa48b
human-00244,human_response,open_qa,3021,response,167,104,0.006098,0.449102,f24ef81888ce5018c029d90bcda0a787ebdda0712cd9337b4b45be78d67eb5dd
human-00245,human_context,information_extraction,3910,context,194,131,0.005236,0.402062,4a48887968fcd13b3322e73d32bdb0f4194eef4af844b2da6263345eff8e9af6
human-00246,human_context,information_extraction,3762,context,201,95,0.075758,0.577114,164a9975513b2c650da79bf14fb66220632d2f46c228d08022aac7c410643a18
human-00247,human_context,closed_qa,10472,context,138,101,0.0,0.413043,a409744448cd0a1a74ef90e4cb63348764c6bc279a24af64fbc18cc22a4f0d4e
human-00248,human_response,general_qa,962,response,149,80,0.034247,0.557047,929c950ea939ca7c2ec74db93ec9f0b4f3c881cec20d57047bf94237055d1f8b
human-00249,human_response,general_qa,5378,response,145,75,0.014085,0.531034,3d8bfb69718ef42ef235ce127bcf0b77c26dc292b99e1d8175105505e2e3246b
human-00250,human_context,closed_qa,855,context,318,180,0.04127,0.437107,b193594d4439c49f3fa1c92bb304c1eb12360ca8ccdb864c1c487d4d27e93e73
human-00251,human_response,general_qa,3682,response,162,108,0.006289,0.450617,0c66d1ba6c8ab53924971ca7167f859d17bbf1b76f41c17bdb3dbd516b7e5baf
human-00252,human_context,information_extraction,7617,context,519,268,0.036822,0.379576,a79b3b1be84581d9ab3d09c656e6d564273411016c467a1e96ebc80d6cdbdf4f
human-00253,human_context,closed_qa,10675,context,162,104,0.037736,0.444444,012ee6f645fa58bbf366a44ee346b665bb3fc1a528748030d0bb76fb3bf79a1f
human-00254,human_response,creative_writing,9513,response,368,190,0.021918,0.418478,6cb45ee82927a5ab75dd8eae9a06d7cdf06d0ee34b95ae44cc1adb4c8c984a0a
human-00255,human_response,open_qa,3737,response,193,110,0.0,0.450777,b4557d6b654221ac7d5c435248da6da80935168d39aed84017a8aa56afe67edf
human-00256,human_response,general_qa,10554,response,140,98,0.0,0.428571,5a33dc28a5b4f6021c779b93b80c088e4b3dd14156f727f5f96815ae75d0d38a
human-00257,human_context,information_extraction,11853,context,182,105,0.022346,0.478022,64c279f1a95cfe96573f40d258ca5baa7101f7a9ef83b1b9b102ff81ba58dfcf
human-00258,human_response,brainstorming,8447,response,205,137,0.00495,0.395122,2f30dfaae9b015bd28a0fe47050c996f29b36f7c45f312ffa0385e64414a6ee2
human-00259,human_response,general_qa,5359,response,197,101,0.041237,0.507614,08e18d7642abab2b356312f42ff8bb7c651dc782f1feeb7991a72d65695d4319
human-00260,human_context,information_extraction,5855,context,197,120,0.005155,0.42132,490068a1fa5e51c983f9396b18f17a505d7e366a369f454741de74ee4726b611
human-00261,human_context,information_extraction,704,context,252,133,0.008032,0.440476,0bec9d3b1fef3bdad4291264aefb2eff2be6d44932691df6594a7541019c5ec5
human-00262,human_response,general_qa,7753,response,207,114,0.009804,0.47343,04271e9365d18dd51fb59d1696f7f36a4bdabde0a2254e9a7f789cf0fd3d4a41
human-00263,human_context,closed_qa,2040,context,255,136,0.019841,0.490196,b082891bca4f7df3edf76f196904c396c366da155ac2d72fd789eb2a7139c4c4
human-00264,human_context,information_extraction,5230,context,170,112,0.0,0.435294,4ac8c02f27176b99a6b1f77c5946e6104fdbeeebcaa7047e26babc39d9a5b181
human-00265,human_response,information_extraction,6382,response,953,357,0.069474,0.440714,4630d1b39bc927dd67493c7a24c4b03e5b9dab8bddc6f75ad9ae558db2cb761b
human-00266,human_context,closed_qa,7601,context,140,94,0.0,0.471429,53b933ff04fb78e1b7cc36813ae23b02679b72a39aa8bab46df00f696e099904
human-00267,human_response,creative_writing,13783,response,182,109,0.027933,0.428571,745b616ece5141b9b9ff9aa6571f98944eb065da203e58102ab26954ed7a94bc
human-00268,human_context,information_extraction,9196,context,128,78,0.024,0.546875,a9efd1fa2156e75a8175fa5f9ce4a6c0cb758531c17d645b049ebfda3427aa3d
human-00269,human_response,general_qa,7485,response,336,185,0.003003,0.434524,a38facf0ca534acef0ef777110dcfbc05501a757c7a7d034ab484714de71d5ed
human-00270,human_context,summarization,6700,context,581,281,0.034602,0.392427,4ee23da6ecddcedd417d36e7925677cb7d7a7f0de94767c59d97afbd6ab87140
human-00271,human_context,closed_qa,2507,context,139,87,0.0,0.503597,a88ead4f5bd52175d5f602bdc8ec82b872640f2c84830e42767fd5c8831576cd
human-00272,human_context,summarization,10399,context,194,103,0.020942,0.5,53d2f3ee10e479568229737e317294f191f92433edef7cda0f7e1129a2d5c528
human-00273,human_response,general_qa,10878,response,351,178,0.008621,0.438746,50e970bcf9ab01e1f5d190af9ed54acebe4797ec283922df044b43df86c30b8d
human-00274,human_context,closed_qa,8670,context,200,124,0.0,0.425,07675008bfe8d07aff6d6728963f2ea0234b38b417144d9dfe1847abc88fc967
human-00275,human_context,information_extraction,8854,context,515,279,0.023438,0.363107,46002e4fdd2035774194ca0dff3b0a5289abe9ac3e2898cde9f3631f059551bc
human-00276,human_context,closed_qa,3219,context,222,108,0.022831,0.518018,d4bd557de4eb3682c3648c04fae5c6965e53bacabc961b7b2d75eb3f79adacc0
human-00277,human_context,closed_qa,2972,context,184,113,0.005525,0.461957,cf6228340058aeaa5c8c61f51a0c7478443ed401d9cf5295fc3aa3f2a80ee16e
human-00278,human_context,information_extraction,12466,context,202,125,0.01005,0.415842,12771ccf11d56d18f4a62ac667a167d93dde2b3d7934ae506faa60e6d4b403e6
human-00279,human_context,summarization,9529,context,207,134,0.014706,0.376812,cffecb5e596fb8101f96ecd58701cde8ad3d69f714acb94dffc0b9c83e3b4b68
human-00280,human_context,information_extraction,2042,context,129,82,0.007937,0.51938,a8cddc3bf5642ba6df8c8f2387d4c09aa8d9a5a349d9d19354d1fd0d4e9c07a9
human-00281,human_context,closed_qa,10844,context,610,271,0.075783,0.421311,220fc8b16d0bff4b80d80fdaa4dbbb80cac1c173f19bdcb18e46e9eeec404edb
human-00282,human_response,open_qa,14485,response,178,101,0.0,0.449438,ad8a11505d575c476a7a20fb3dc00b1e45c42b624910e1efd038babf81ef86b6
human-00283,human_context,information_extraction,5215,context,545,241,0.02214,0.458716,f9d82179216bd663d0ed93d4b39a3ac573047081370d3ef5e3e1202e8679fd7d
human-00284,human_response,general_qa,5584,response,140,79,0.029197,0.528571,ac589e47155bb5b00b34685e8047644b869cebfecc87812ad66d62357c517e9c
human-00285,human_context,information_extraction,3385,context,158,109,0.006452,0.43038,fda335ca47fc76097cdf41a958f646d23a6f9e21cecf12e7ba69e3060c15150f
human-00286,human_response,brainstorming,2318,response,168,94,0.0,0.511905,0408f5a27bde094a84c1313bc0e187100ac25064e5783ce098eaf0490f9bdefb
human-00287,human_response,open_qa,11230,response,149,93,0.0,0.489933,523ec0e1eae1d5d558077ea9cd0dc6bec9514c4f6433850e7e17b76188c6626d
human-00288,human_response,general_qa,9643,response,190,91,0.026738,0.521053,c9e8a3895ac9b2155f08dde848c804a604b7b146e07e2e6f29d3da21cec28fb8
human-00289,human_context,information_extraction,3936,context,333,178,0.015152,0.435435,710e016dba81b57cedd59e926ec8ac0394fdb8992e50f4957549bfb9c7968dd4
human-00290,human_context,summarization,13732,context,994,346,0.023209,0.400402,182751431f920c95afb349fe59985670c36b2e694edfb9a843ddc8570e552676
human-00291,human_context,information_extraction,4328,context,142,96,0.0,0.429577,144db82141f479e06da4f6e40e8431c6723e6caad7f5b16f4b30e930036fd510
human-00292,human_context,closed_qa,3413,context,240,155,0.004219,0.354167,982ff2afdb0777e705e1d7d5eda86556f3a6f1ef8619700e601c87652a3d882b
human-00293,human_response,general_qa,5750,response,167,102,0.0,0.497006,860ca8551127ffe62cec8e29326963af918ccb6f1c17ceeb2ae9968b7c4605a7
human-00294,human_response,open_qa,9515,response,236,144,0.004292,0.385593,1fdba39fae2b77ce6c4e3213f3bcbea5148d8998d9015ef48287f41abcdf59c9
human-00295,human_response,open_qa,8721,response,147,110,0.013889,0.387755,e9574fde727e1bb9c39d94a1e1f61250277dbc28eb13ec392f26382b7cc2c382
human-00296,human_response,open_qa,14900,response,529,239,0.019011,0.429112,8f0dc69fe3cd5508125e29644f02d513f49fde5f9cae2119f90b56abada07ff5
human-00297,human_response,open_qa,7515,response,308,145,0.042623,0.386364,0cd4c5383e9a33542bf2fa833526e9685ebdc0ccc6266034510ec89865b22b6e
human-00298,human_response,creative_writing,2041,response,329,58,0.521472,0.738602,45bd66fd989d63283c02271377f3a55451edfb7af0e09369922968c719482d03
human-00299,human_context,closed_qa,12941,context,278,141,0.003636,0.464029,dd5b5d3fb171233d2e26c6b45f32e522be9832cb4f68c0e66c6cc77c2d1aafc6
human-00300,human_context,summarization,8222,context,216,79,0.262911,0.712963,0309a9e5e95f65e2a7abca4b377ca209436a55b051a4b17b46963ade757d65e5
human-00301,human_response,general_qa,6871,response,464,213,0.004338,0.396552,24f0057165e365298d544c16b935614235fb10521f1d04d14ae153033d8b4b3d
human-00302,human_response,open_qa,469,response,216,113,0.014085,0.509259,33f3757d8b78186346da4a6e95b8c72f9b788530806a2fa9045e361d65964dd2
human-00303,human_response,creative_writing,705,response,217,125,0.014019,0.456221,346e33c1ad811063820402db4255920cda23e4f4500bf8be22f9208c2e84b6d1
human-00304,human_response,open_qa,13016,response,192,110,0.0,0.463542,ca70d7258f3fddb45d5e81d356843f1cb2449afe34149285e9816907149841b0
human-00305,human_context,information_extraction,1435,context,180,101,0.016949,0.483333,b2ed3f8097ea7d5aecaaf39b7eef684c88ecab5346c29da9e00e8e8aaa333dca
human-00306,human_context,information_extraction,10051,context,183,82,0.094444,0.622951,a08de0d77178be9538ebb6034cdb47cc91c4e496a31841cd4b9bac43b84d87a6
human-00307,human_context,closed_qa,7588,context,149,100,0.0,0.463087,df4727a68ac4cbd4e047f151c103d753b1dbacfcdb65fc3deb69640d19f40b82
human-00308,human_response,creative_writing,3007,response,721,295,0.005571,0.414702,69a2dcf460d3a76d5fac8589ae21867cc7fc150ea247a6263389c4a1dac79b64
human-00309,human_response,open_qa,455,response,152,81,0.026846,0.546053,841d1a8f7c2ba3ae7816d56cbe5f1170e181536563620fc0b1b98af58d4de39e
human-00310,human_response,summarization,13474,response,185,110,0.0,0.513514,68d7f563e89d9d669ae83b72d841f4e8f48d699418087872602760160eb09748
human-00311,human_context,closed_qa,10999,context,339,183,0.008929,0.410029,3a9687f6c44e8fc76b61dfc31bbfbe718a54f3a0491eda3f7105643283f0dc9f
human-00312,human_response,summarization,14186,response,3011,1019,0.063165,0.342079,543b15c02e1ee0281fbd846d55582203fb854f618db9d86c5be1c0bbb79ed712
human-00313,human_response,general_qa,4703,response,155,106,0.0,0.425806,4358d920aacfd6e94125d8ac8a1957a6da68956885f5ad62e6d80dc59941fa09
human-00314,human_context,summarization,6348,context,155,87,0.026316,0.496774,1afeef315e0225015229d3d33150857b92227e0042fec364e35964171e00631e
human-00315,human_context,summarization,5518,context,134,89,0.0,0.485075,1042524f9a468573237f33e95893c2e28bc285b96c46794aefa56e8e69f7aeb6
human-00316,human_response,open_qa,8953,response,243,133,0.004167,0.452675,353715d964bef46c09351af4f941ed647452ed67e408d71bc9d4e0073f3f2d4d
human-00317,human_response,closed_qa,11418,response,163,101,0.03125,0.478528,3461fac27b1ecee9c88eb586b6c33a5f5b9d8f9dd4d4ae672f34b5429f3c22ee
human-00318,human_response,general_qa,14554,response,130,79,0.015748,0.523077,f2b215299da1e854fb051f00b463267b7cc9a3a78169ce52b17193b2ee2df109
human-00319,human_context,closed_qa,1448,context,179,110,0.005682,0.486034,00af6bcf5aaa4215f78f2ec7b10bf09cbd8564229b11daf736f5fecf6e0e6b54
human-00320,human_response,brainstorming,5641,response,203,130,0.005,0.423645,06d6603ba2c9aa1e6929f5ccb7311a275bdb4dbd5163af00be5edaa554d98605
human-00321,human_response,information_extraction,4234,response,168,104,0.018182,0.488095,6302d6edb33d050aebaf1d705cc187a316f9e0a0000cc3a514652782fa28bda9
human-00322,human_response,creative_writing,11954,response,722,302,0.01669,0.387812,ecd890f6944d77902e4594936760a0e16db8403e1a767a5979bce8d5a830f70f
human-00323,human_response,creative_writing,11089,response,255,133,0.011905,0.462745,2b387401285adf8e67930f7d7f100ecc5914a64c7dff40f5b409fb5e8f414958
human-00324,human_response,closed_qa,11252,response,214,112,0.009479,0.485981,683f6e3ef6bccbb6db1aab210c8c38aec3253ca915f29af42df39c3287ecf141
human-00325,human_response,general_qa,11802,response,248,142,0.02449,0.431452,5c9f7991da5abc6ab432a23782578d79a226c5ace9630ac9f26711ba94efcadb
human-00326,human_response,open_qa,7437,response,396,143,0.203562,0.426768,aea227e95d9551f0fa715cbe3d12368e7881db9f6f1f903aa50b08f3609b9f17
human-00327,human_context,summarization,11072,context,357,221,0.0,0.35014,a5814e9396891e9e3760953150c6f25352738d0351d47d4ea29a036009991944
human-00328,human_context,closed_qa,8620,context,142,114,0.0,0.338028,c297c614813746576facd9dfe6c04f9ee7f2e4a4a4e4efd68646db4f77f6bca2
human-00329,human_response,summarization,9568,response,144,93,0.042553,0.479167,fc4a555f48ca8b29e4dd5fbe30e4f108e23dbce96732f8ca4b2238766f6ad97a
human-00330,human_response,summarization,1064,response,160,104,0.006369,0.4375,34c339418bb1499163b2c733e75de8341fc0e69b02228e4c1d8ea7e3671f0e49
human-00331,human_context,closed_qa,10111,context,149,89,0.013699,0.496644,b82ac4c9a58361fa3318aceb49316fba87ca1e17c2fc3ec12882be0e2397fbf0
human-00332,human_response,open_qa,4066,response,256,140,0.007905,0.425781,9639c64266af7f8f3c80713df41ee486b295a36199259ce542473afb58b14118
human-00333,human_response,brainstorming,2187,response,167,118,0.0,0.39521,b566db393effa949d3ca3737ce0b9c8016864e0f221f4ee469d6e2688f2ebd93
human-00334,human_response,open_qa,3098,response,447,199,0.013514,0.416107,269b6b1e80a4f85522e757246712d76a027ca477371476482217b90f10ca1132
human-00335,human_context,closed_qa,830,context,148,93,0.006897,0.466216,88773a780c4f0c6c5003af794421cfbac914a8b56bb882157d76122221549973
human-00336,human_context,information_extraction,13002,context,215,127,0.033019,0.404651,3ea37039adb47c2482afc9f31befbb61fd1d5a59220d36a7bf7c6c380505b0fe
human-00337,human_response,classification,1283,response,171,107,0.005952,0.409357,0b53572bbf3d26854df15053625eda86eec7d167c75a2feaf0b0e5ad200d3219
human-00338,human_response,open_qa,13395,response,206,111,0.009852,0.480583,637d795ccb9dd21a06623c3139e81b6108236ee73512f94ae8fb8ae72cfb9e03
human-00339,human_response,creative_writing,5130,response,181,100,0.005618,0.475138,74cfc1c8e4d76a6bc94969e98068c41b86f9913e3b96cf548e32bfcdce6b41d5
human-00340,human_context,summarization,10309,context,377,219,0.02139,0.363395,9b4f0a74b55fa714c439f9ae26256ab209b5c63246e32dda73d1167876cb6356
human-00341,human_context,closed_qa,4981,context,192,88,0.021164,0.604167,ee6a5f077a1da153060f95babb02bdb556c4ebf0056ba3cdca4d8d83ed8bd2a5
human-00342,human_context,summarization,11597,context,320,168,0.053628,0.46875,8f5dc730c509b342e48efeb5858196251bbf94ff813f92802f4d31cec1894eac
human-00343,human_context,information_extraction,7866,context,218,131,0.018605,0.46789,8c30605e35c578aa90d03682c45e198b885318ab1a92466cb04852f1e3129d4f
human-00344,human_context,summarization,6991,context,270,142,0.014981,0.433333,20a7559a93292c1b66166f13a452bc8752334f911c1899d57f58382e9b297670
human-00345,human_response,general_qa,3181,response,246,145,0.004115,0.394309,3b86c344d4537cdab6e2ccf2fd15fc93ea5953b00e2ff1b8acca0f9f4494de83
human-00346,human_context,closed_qa,903,context,867,414,0.012731,0.3391,547ee7fb047f9c4c3982bba43beae4627614795a61042ec5c60c4cbb732be84a
human-00347,human_response,general_qa,13738,response,134,84,0.007634,0.5,8ab8c02206b5e4ff78500187a10f13f99e7803fe07014e835bc2774e29449a66
human-00348,human_response,information_extraction,3623,response,597,265,0.035354,0.457286,7a878b27eb901729199f7bd488edd191b237088efc811fcc93cb421b7c0519da
human-00349,human_context,information_extraction,2699,context,306,172,0.016502,0.379085,f099cfc58139671a28e59c415c1a99a6b1c4930ef9207eef610bea44c43bf631
human-00350,human_context,summarization,9130,context,169,118,0.0,0.402367,7c300f790c017f6697114fa6ab85faf57a294971c6195432cfbaca2d0625d9d2
human-00351,human_response,brainstorming,2281,response,328,120,0.196923,0.539634,90ded19f75850ba7064fa1426ff672acd86f754f893d5b40de17fbeeb70b4135
human-00352,human_context,summarization,2648,context,392,196,0.020566,0.446429,f155f7e7b8b08e04d5ab2c7a1b382ea073f8c852bb2c02f7154ab1f70e8a16c1
human-00353,human_context,summarization,10423,context,201,122,0.015152,0.457711,e4816241f110c2b2e5ae4333f2424ac87f8845787b0f0b22e937a9373e832c84
human-00354,human_context,summarization,14687,context,261,148,0.011628,0.440613,1bb56f674d445b91a61e462193edecf0b16761990e5fdbb7d6d82256556b364b
human-00355,human_context,summarization,9931,context,288,180,0.003509,0.368056,98adf2888c8eed784c3d19570cbe96a00a690175a4da805faad5a2c705a2f6d2
human-00356,human_context,closed_qa,2929,context,258,117,0.117647,0.51938,9360982a07683b739b6ce196c7817407a0ce3c363ec48c458d9230950db13f8b
human-00357,human_context,information_extraction,3579,context,245,153,0.016529,0.387755,fdb9beeb50565a17ea291f48766050345a9fcbe3fd72b65d087723fc5ddc4c31
human-00358,human_response,creative_writing,14237,response,242,141,0.0,0.417355,2a5daa00f17c61e3434bcd84a7a1b1f2e14da9aa753ce2280337d82f6be8eb3e
human-00359,human_response,brainstorming,12130,response,139,81,0.014706,0.561151,2135e48b3209d2421835bf6a7bbecb53fbb3b8c0635a9184f8adc645db4b30e3
human-00360,human_context,information_extraction,951,context,270,136,0.014981,0.47037,a6478044567d41240f4ba4b04223bb23ec36b20cbf88c31b6784055ab42ad04d
human-00361,human_response,open_qa,14025,response,220,119,0.009217,0.486364,1f4d41be359d8ab97eee0e36cf4b2948e6b0a0639690d02b51c269440fe9771d
human-00362,human_response,information_extraction,8755,response,989,375,0.089249,0.426694,fa110405028226c2eb6ef91d84e10fd8df64b8d9b6e4e5215eba32d2466d11b3
human-00363,human_context,closed_qa,13111,context,183,117,0.016667,0.431694,dec46a44dba8fee03c257155d30d641c3a27c91a15f27ace47515c863f7e0efd
human-00364,human_response,general_qa,13841,response,457,195,0.044053,0.448578,8bb423776e1aefa405cef79911b25b4ee7a92926a2d3aeb6d3d59b795875290b
human-00365,human_context,information_extraction,9399,context,280,166,0.00722,0.375,413076a0af819486576ece2d740257d4f6914d5e312e45f889cca7bc9d5316b2
human-00366,human_context,information_extraction,8939,context,864,234,0.075494,0.570602,0de6868c9c2018b5e4ca0b3e44a2a8f4d00ada4cf271e654781a75122643150d
human-00367,human_response,creative_writing,14118,response,128,92,0.0,0.4375,6c69c3f928070974174e9fd4336dc1f01684f8ebee416421b5b449a9c3693b75
human-00368,human_context,information_extraction,5031,context,447,221,0.015766,0.451902,f1bf9de273a14c592023a08707d5cb2cb68a28bfb989bad828815aa0adf7d945
human-00369,human_response,brainstorming,7011,response,152,96,0.0,0.5,0b41fdb53b085ea71a0c05dea149696e626b9123a7edbb1acbf487298576de3b
human-00370,human_context,closed_qa,48,context,287,146,0.049296,0.442509,4064effaeeddcbd0c51259bb71d3e7b1620b711822f9b087a4b84813d9971b1d
human-00371,human_response,open_qa,1471,response,131,80,0.023438,0.503817,8194d12a0ece8b06b21869ade93d940a636e738a0d06616a9b726da1b93bbb57
human-00372,human_context,summarization,10960,context,600,252,0.035176,0.463333,1f1445986f3c06d7cf58c6715ab1c8e9f030478a8696cb177b774f73cbfad92f
human-00373,human_context,closed_qa,12305,context,936,357,0.03537,0.410256,347027d2bf9bc3c1d8955fda1fc94c55ad0c4e5d607a041240b0160ae1dc6a0b
human-00374,human_context,information_extraction,4240,context,272,124,0.085502,0.514706,b10f50481cf53759a6b25bf59b42adfd9aff328470085b1679200a96c46bc490
human-00375,human_response,general_qa,1883,response,143,94,0.007143,0.468531,f1d5dea48fb15eda12c3374a4cc06565f728abfb590f5d69ead5c1ed5c2043d4
human-00376,human_response,creative_writing,1862,response,311,156,0.055195,0.418006,c19b29046d618e26ee2ccd86341a7d38358e25e7e79447ac91b3b7ac9f3f15b1
human-00377,human_context,summarization,7059,context,129,92,0.007937,0.418605,a511909068422d63360e45cbd8972d03c1fe545ba1e5902786222f105c990cab
human-00378,human_response,open_qa,8208,response,156,87,0.006536,0.519231,aba80d8f8c8074962aa24c127226e843f325399ce8a6508f9b23f8a6a3f1a190
human-00379,human_response,brainstorming,10972,response,166,87,0.02454,0.554217,86a370d38ec74382363ea62448dc538c39e4863c11b813edc6ac9bf0a93f08ba
human-00380,human_context,closed_qa,7814,context,238,138,0.0,0.42437,0d3c98ac2159bd02a1af816284a182fcb5e1cad6df1554544ca663b564d257ab
human-00381,human_context,closed_qa,2057,context,147,87,0.0,0.469388,5a3623d8a4eb0f4553c9e2b7faece59fb029a9de163e0b9011d494f8ebb3733c
human-00382,human_context,closed_qa,8399,context,213,124,0.014286,0.460094,81a8c627d9b10557deb94855d9c7bf84852e2f4e4c472b2a7a3fe6895580a1e7
human-00383,human_response,summarization,232,response,547,286,0.001838,0.40585,08b6da015b23528cb1873b17499ede6fdf21e7ed366edbad1740c3055c936cb0
human-00384,human_context,closed_qa,8391,context,327,157,0.030864,0.434251,6aa088318c98eaf722103e08bcb4616de9f89c448a16ae23bcf1653e8a957cbf
human-00385,human_response,general_qa,11500,response,133,90,0.0,0.466165,e4c02d5587a3bcb6d9f94bbbf93c002f105a78c05607f3a671a3e8be694dd095
human-00386,human_context,closed_qa,14709,context,164,92,0.024845,0.542683,f6a66202294f7821d6d78e13784888b08fba60962f169c82d2c7464700300288
human-00387,human_context,information_extraction,835,context,179,107,0.0,0.441341,74a2eec54ecfc4f239cc2c51475faa3c1d8ed8c1eed3d68c965813ad0b65a765
human-00388,human_context,summarization,9861,context,212,129,0.014354,0.433962,d52466ee6f6393ba150b085a95fd5ac37687c6f75994c7bae2cdbbacc69d5a52
human-00389,human_response,summarization,13298,response,466,229,0.069114,0.379828,c9e0fee3def32d21408719869012eed4f354b8516de6b9bffa94e2dfa32c9da8
human-00390,human_response,general_qa,774,response,141,88,0.007246,0.48227,e50206607a89ce177d4eb7be89e2e371641684f82a193b830b7cc3f0e4a924c7
human-00391,human_response,brainstorming,3453,response,269,152,0.0,0.427509,b1e4a1ab201834b5b1e0a518483b1d48fc2ad43cd136c21d5b000f8dd7315514
human-00392,human_response,information_extraction,7927,response,183,58,0.033333,0.68306,cd50374bdd27a730a3c3dde80d3c917549813c534312607f2fa576f0f9993cf9
human-00393,human_context,information_extraction,9869,context,247,128,0.036885,0.453441,6d8f87a455edd79832320ef144afd3696689bbca8b719caa54ced58638b28c6a
human-00394,human_response,open_qa,3010,response,221,148,0.0,0.384615,88332623bd9ff6378cef2488fc8bef1958d91401fbbcdde887a06b1596ad8641
human-00395,human_context,information_extraction,13953,context,161,97,0.018987,0.496894,f6c23282d4537d740b360e44edee0960598eafe053ea10ab84f3256cd1dc771d
human-00396,human_response,brainstorming,1572,response,305,137,0.016556,0.501639,e100caaf071da0abb7592912368738c32671b923f7f6153bfee9a43c492cea67
human-00397,human_context,information_extraction,9475,context,285,160,0.049645,0.438596,0d4c363dfe0ce8826cb746a1a85e3db563ff285005a6167ad07118d1f6c81b8f
human-00398,human_response,open_qa,7110,response,385,188,0.031414,0.397403,ba58330e80b84a5dbea28f6ef50dcbd2f0a3ec6d0d504349b2109076c5718cae
human-00399,human_response,brainstorming,6921,response,230,144,0.0,0.352174,4424d4b8dd905a34414fe7368e71816a8f9882f1c93bd71001ba7c9ad3427b0f
human-00400,human_context,summarization,2903,context,226,139,0.008969,0.362832,87e7d6b78ac4d112eae0a27bec257b60dbd897d9ab2a6938adc1732ab8e19f8f
human-00401,human_response,creative_writing,2711,response,174,107,0.0,0.454023,478c7005e350f7d9d500e26c5808959f789bcf28b8568cf1ce70b983bcf07e42
human-00402,human_context,information_extraction,10337,context,138,95,0.0,0.413043,3dedce3bf3676ccd9135d5951c90ebd278784c4f6eb8fe4c46d984ec5cac4224
human-00403,human_response,information_extraction,13425,response,197,127,0.0,0.411168,9b5098ef60dc9cbc3279382f2f01e5cf6da2e4326d798e1ee499b8aa602a73f4
human-00404,human_context,summarization,4613,context,294,164,0.006873,0.42517,b674c3267d73f5f202389364aec616b83cb8ba22af04cf3ebc8898baaa03183e
human-00405,human_context,closed_qa,5867,context,214,131,0.009479,0.434579,faf50b6d977ab7d254319a064123d8e1faa9152a70e0fc2f80f549b46c6ab1a7
human-00406,human_context,summarization,3679,context,945,412,0.028662,0.402116,80a72c16b0bc67c7a859fefaa8479a22ef4f3b16df244de5eb20eee70cdef215
human-00407,human_response,general_qa,3034,response,171,99,0.0,0.479532,634432fc6344743b144042d574e6988d75b443e98ac3cb001cd840e179221165
human-00408,human_context,closed_qa,10030,context,192,124,0.0,0.421875,72cf527e1241c55780f512f37fcb1bbb10cebf80e55dfd77ae19c44831d2ce2f
human-00409,human_context,information_extraction,2719,context,147,99,0.0,0.462585,ca2c56ff69e182cc786eea6e828a16c5494206cfb0532929924ec432553e62fc
human-00410,human_response,general_qa,10048,response,142,77,0.007194,0.535211,fb964c626becb3efd82d9c1e44f863a8703c12fd240d630243a70a2455a94688
human-00411,human_response,open_qa,8043,response,172,100,0.011834,0.476744,2760f1a586e8485853c7835de7da5397b116217185d1503f77613c107db9a5dd
human-00412,human_context,summarization,604,context,160,110,0.0,0.4125,92f00786152fd1749050a4891c90d519cedf243e84cbfdba04909daa8074e8c6
human-00413,human_response,open_qa,9190,response,151,99,0.0,0.423841,ead96b3a92429c38797cca820fbe996f8d89ee0e5e39ceff1119fa847a3c6274
human-00414,human_response,creative_writing,1396,response,210,119,0.028986,0.442857,3132670f22ea76194cc4cbf5f032091ec98974c982c8494e80ecd2d379ea9cf5
human-00415,human_context,information_extraction,7817,context,162,96,0.006289,0.506173,c92e273baa3b088ec25e5e4ada48089b4180f0e68288f769770591e87f1b2f78
human-00416,human_response,summarization,14106,response,214,116,0.018957,0.448598,5f759951804bab0e86b764e85396fdfc2249822480338774b96bcb5a9a3c85b8
human-00417,human_context,information_extraction,304,context,185,87,0.082418,0.610811,ffe697b15792399203ebbf887e7b0714ed41a8644b56a408380a3a05b1fcd675
human-00418,human_context,information_extraction,3195,context,580,305,0.010399,0.417241,250fc62d0a2c2411655c2ec61693e759ea2fbb7fe022b13c81028620dcf6239b
human-00419,human_response,brainstorming,6335,response,305,138,0.115894,0.527869,83d09012867cc795dcfb607f4249f69e23c3516ae69c4f5c3dc02a8f81013ca9
human-00420,human_context,summarization,9589,context,169,97,0.012048,0.497041,e4aef70e96ac64cf213e5a6e21b66b80a2b133c03951084c75259dd9879fc825
human-00421,human_response,open_qa,14180,response,989,307,0.070994,0.480283,e2c79737eec3d0e94ffd13907d2027f31f42d536dd361ac3b515d6e43814f5ab
human-00422,human_response,general_qa,6514,response,224,136,0.004525,0.392857,7b0f5dbf02a3edc2f31ff436aa4e44899d7d0d195083781d8dca5fdfbc08b25a
human-00423,human_context,information_extraction,1571,context,233,141,0.008696,0.412017,4afd5074a4ff07d3dfbd5bf0d7582abe147162c1d60eb8b968bab738c076887d
human-00424,human_response,general_qa,4828,response,140,89,0.0,0.5,ed28332b110d735b3f08fb2b755fab08f27061e2bc895e1ec98717207b86e4c2
human-00425,human_context,summarization,5101,context,416,216,0.004843,0.355769,a4e19b62c293a5b83da488b12639f933d55c398b0004a6059f6a1b9dc5cdbd2f
human-00426,human_context,summarization,7359,context,212,122,0.014354,0.457547,6c23ee3e7ed21d34b7eeb4f73f237794f6415228b058dbdd336c29cedc9b06fb
human-00427,human_response,open_qa,1141,response,136,81,0.007519,0.507353,173757a757a438171ee953894ae43bd4af6a19697a8eb14f6ea71db06d636c10
human-00428,human_context,closed_qa,12132,context,411,215,0.031863,0.372263,9d835d1888b8df92787d4bb50ec79b21f06afd7240c2cae0d8b7d60b55b8fc76
human-00429,human_response,creative_writing,1025,response,136,96,0.0,0.441176,54c5ee1733ea0f447912fa2c8de62bb9aacdcc5bc683d9d1bf1ede2ffcba2076
human-00430,human_response,general_qa,5995,response,143,87,0.0,0.531469,7de830ffed4f9a8d938b880b333dabeab501ddd768b897a64455c2703adfb155
human-00431,human_context,information_extraction,12027,context,191,112,0.005319,0.471204,156b219ac1b9a8755fa88828c14241af7bd32f13134c500f5c2d10f0303ba728
human-00432,human_response,open_qa,6200,response,203,119,0.03,0.463054,dd3fa3a18311434823775cbeb8d1e14af4156322400602e58b47a94de554fa82
human-00433,human_context,closed_qa,10278,context,154,96,0.006623,0.467532,f26abc78cac20dc37e2bcf1221a037c4d71f62daf79688ffcd208fa174265837
human-00434,human_response,open_qa,14328,response,377,208,0.018717,0.376658,391fc16d91414672b890b09b681255eeecfcb38b6fcdeaa4e63d5d835de940ce
human-00435,human_context,closed_qa,4852,context,568,301,0.028319,0.396127,9e186e093d13fba2e18de4af83207cf74859acd534df6d90ad2cccdfded18ecc
human-00436,human_context,closed_qa,11404,context,417,163,0.060386,0.453237,23d6bdd4f515354750231b4caf6770ca5d4c2e594e81675aefe008d130c6cd52
human-00437,human_context,information_extraction,13425,context,311,139,0.071429,0.485531,1ffa9a2a726cf8814a283e1022fed16190464bbbb3defd5a9217ce88eb77b163
human-00438,human_context,information_extraction,4070,context,468,212,0.060215,0.465812,4e7fae99d8ebf283e4865669b29395a517b25c71c121d9f3fa8f870363f06780
human-00439,human_response,open_qa,481,response,265,151,0.0,0.437736,c248bef43a059562567d2f91a1d1767595abad9b159e73e22f13cf4db3e6eaa9
human-00440,human_context,closed_qa,14637,context,140,46,0.160584,0.75,88ade4ff836cb3211a98ff31a709c95a84ae397bce9cbd86a4da2a88603488f4
human-00441,human_context,summarization,3280,context,229,105,0.048673,0.558952,29193dd2138e220eebafb214a577862dac8112f57b0d37fd84fcf3eaa362dade
human-00442,human_context,information_extraction,5,context,199,113,0.010204,0.492462,8d5beb8c1cab64d21b5f12239434a2c1c97ce50c1e1a0f5131202e4b8d631536
human-00443,human_response,creative_writing,12026,response,154,83,0.013245,0.532468,0b4f9630a4d1feed9bae13aa0ecb1259f03e4e4893754f0309e1a6833defbfe6
human-00444,human_response,brainstorming,14643,response,135,85,0.0,0.481481,785d90948f157533b4dd4a53b8f3084fb743de5628e33caab5e9d7b88e584eb0
human-00445,human_response,creative_writing,1774,response,134,100,0.0,0.402985,2ec8a734139d88c1ff1e2db19efdfa6e641bf2776bb609127bb999ebc8d9dea0
human-00446,human_context,closed_qa,4632,context,189,105,0.053763,0.481481,70908cfb295f26eb0ed6c3f98ee490a8b69ef1b0613c9fdfe5a48778d54d3b55
human-00447,human_context,summarization,14439,context,162,99,0.006289,0.481481,3f76eacc272965db05fb747c5c2d8f054e4c02abe1c00c0aa12b44fd8e1e9fe1
human-00448,human_context,closed_qa,4,context,341,121,0.156805,0.607038,4f841f79328d1c6fa8be8eba4e11c0c84de154f428081c79472d79f6f45d9597
human-00449,human_context,closed_qa,8375,context,153,74,0.006667,0.594771,3c814851e0c4bac86bc635a9090a0295f31b5eb6662cd6b03e14bb6653f525b3
human-00450,human_context,summarization,6288,context,311,150,0.003247,0.498392,73e323ccf2d2c2787f79098fc29bc9a9c7130897a918d536ded1a1c38f7f89ad
human-00451,human_context,closed_qa,5446,context,218,111,0.009302,0.518349,0045eada6089875ea70eec666d4daeda94df11cf69a33503527542a028b76da9
human-00452,human_response,brainstorming,14972,response,200,117,0.010152,0.455,7561338bf72a4eb1bd7326229969dd37694147c4f5b0b144bb809def406dda6c
human-00453,human_response,information_extraction,13193,response,245,149,0.0,0.4,18da618311127bfcef6f494d4ec77ab75be29e02f77f3564939a2e761411ca46
human-00454,human_context,closed_qa,13945,context,190,129,0.0,0.357895,1db9fb9989aa6767f9e61817c7db25e1eae58fbc2379d6a920784332d59632b9
human-00455,human_response,creative_writing,13760,response,136,72,0.007519,0.595588,304e15b9c3d115758cac276f53e2bf8063739d633336256bdf3eed74cb762eed
human-00456,human_context,summarization,5924,context,620,273,0.047002,0.456452,1c62ccba438e60f36da86868c2c44c089871c3fcfbc8b9bcba59300d56416687
human-00457,human_context,closed_qa,1893,context,2284,728,0.04121,0.347198,3beb967b790b055aa3d332489d87b89bf261f7e500939afa821d5ce56b92d229
human-00458,human_response,creative_writing,14305,response,654,298,0.030722,0.370031,2016dfc994513beb8c99b7b405da29e0300c7eee4bc3580ba10f025ef5c61181
human-00459,human_context,closed_qa,8946,context,154,107,0.0,0.38961,d19b1d7ba43516d812ca828cda5dbeaac4975645bf048f71d7332ecf168d2f92
human-00460,human_context,closed_qa,2263,context,334,198,0.030211,0.350299,485bebaffdca5197a749b566b80a74d10ef6c1d8b6ac4c1a5d27282eec595e1c
human-00461,human_context,information_extraction,13218,context,383,219,0.018421,0.35248,4facb0dfb07ca251692631659a97ee50284082cb8645a2cdd5dbea72ed0a1d93
human-00462,human_context,information_extraction,9424,context,662,243,0.039454,0.438066,5fc27e40f8f80707489d87d82509718b068bdcb716ed53c03460323c7f57e5a8
human-00463,human_context,closed_qa,13719,context,170,112,0.02994,0.458824,c050c4ee02ab4ebb7b3ea46bd44708fd72dc353b06839e46d957d362719afa1e
human-00464,human_response,open_qa,6987,response,181,105,0.011236,0.469613,f4fed1b674a9003c83b3d71b1d619b38751a41e87fc7818d118c2f1cb60e2510
human-00465,human_context,summarization,13048,context,152,110,0.0,0.407895,ba651e4022101fe0c1c7ff4f4f13b41a469eac75c0bbcb9202a098a891cf178a
human-00466,human_context,closed_qa,5902,context,491,207,0.079918,0.431772,0f70cb4e145f64a70e98eeeb3fb75a864893b95e57e48e9f6da06dac2d82e11d
human-00467,human_response,information_extraction,3385,response,681,351,0.039823,0.353891,eec4e31bd13e3cbf208032d4a893b9729017433da8f9af52fda3e60f88328aad
human-00468,human_context,closed_qa,12925,context,181,104,0.011236,0.453039,91859e343d68948aaae9b39018a09f744abed482524d6636294c29c2f1b6a039
human-00469,human_context,information_extraction,11995,context,273,139,0.014815,0.468864,8d1256f17c1dd7aafd1f761c2352a0d60ec55f96ea763dee99e358f4aaee12a1
human-00470,human_context,closed_qa,4618,context,512,241,0.064833,0.380859,8f4cc113c1b21309c9b5247571bc6c5cb6599138aad89b96497f309c11fcc275
human-00471,human_response,open_qa,3371,response,164,110,0.0,0.432927,1133c7c57d05fba60050bcb9443dc3b67f2ac4dea133186e33dbf23966013d08
human-00472,human_response,creative_writing,2157,response,541,248,0.02974,0.401109,dab8f012dc644eccda305945990c488119508394c2705c40c4bf45fd440a62e1
human-00473,human_context,closed_qa,2938,context,322,167,0.053292,0.434783,43d61eae71166c0e083efe19df1c312047feffac2903a7932c6b4aac1ab064dc
human-00474,human_context,summarization,12207,context,259,149,0.007812,0.405405,3f08f5c50c73bf523360d991de696e1d2f29ff292e0c54cbc008728972655c61
human-00475,human_response,creative_writing,4134,response,155,86,0.006579,0.529032,be46c233b20d6b56398002f8c0102b88e852bdc0ee674ebd51f9acbfc72bb7c5
human-00476,human_context,summarization,898,context,526,237,0.015296,0.380228,e62a0a55be34b60be20b9a5fe5fdb7959bdfc0ec3de062d3559ecf69e1d33f4a
human-00477,human_context,information_extraction,6019,context,147,83,0.027778,0.544218,c93c0c664c816ed1cd6f3c6ce4b82d21d9590fce38d89a2ae0871ec7e05f9079
human-00478,human_context,closed_qa,355,context,133,87,0.023077,0.458647,6b5a1263c60489ef6608f9eea6c2e9e7d4d127c3c88257426090ae38eec9b718
human-00479,human_response,general_qa,11581,response,156,81,0.026144,0.525641,6a18dbdb7a830659861dfb26f37ec5b2562f665ae0c4f6536d82eb73e39d9e5c
human-00480,human_response,classification,12813,response,247,128,0.012295,0.42915,af8c15d61db45df18ec3dba7a7fa435193b1eddbd338d474379ff8a4307151ed
human-00481,human_response,open_qa,14003,response,476,268,0.008457,0.331933,25b66d9aba6e786b177a45863ee639fa81d19c9970429c2ce7fd7fe3009d7bbd
human-00482,human_context,summarization,12617,context,172,104,0.0,0.436047,48ec11999c203d2ca30055cd7e090cfe7ded0cd1bd7cc03c3b20de7b6972890d
human-00483,human_context,summarization,5358,context,268,146,0.015094,0.462687,1f8dc03d91a68076a8abe3d2c6b493874bef9c475ca1662bcf0338e71b87c780
human-00484,human_response,creative_writing,14545,response,285,161,0.007092,0.424561,061671a48528b70e19d9c8d287fda766e55871d7a249b2820fb3c94537e5522d
human-00485,human_context,closed_qa,1941,context,412,188,0.110024,0.475728,b17b268872b22685b056a185578d60cfdc2eb0e7f9468a87b83eb8328cb9e220
human-00486,human_context,summarization,11402,context,482,263,0.022965,0.369295,8383d5b722d7b03cf457bafd9642c997b0da3a25c5524aef89bed85a70c59402
human-00487,human_context,information_extraction,1810,context,164,102,0.006211,0.469512,8a00a941b6c3cbb308165bd2afa3b514d4ce5b2b259c0cd5d6987a2f19a0fd67
human-00488,human_response,closed_qa,6631,response,169,97,0.012048,0.52071,036c1220be72b1a03b0d25b84bc079d625a736ca3364de3e0f9a83b0d2053d07
human-00489,human_context,closed_qa,1248,context,330,138,0.082569,0.527273,de5f58588921c94b865bc986cdff3da77a20e00cf65af2efd6cca0a71753ed49
human-00490,human_response,open_qa,8413,response,132,69,0.046512,0.598485,34a30a01ea1467bfa18c0a1e81f5c53fdc941730694aee79a498eb4f6baff223
human-00491,human_context,closed_qa,4573,context,146,107,0.0,0.40411,82c8993413e7f22cda1b39d8aad7710671705e873c61d498557529628a414c9f
human-00492,human_response,general_qa,4229,response,459,223,0.019737,0.424837,ddffb90e3530fcddce348e8f95c157b4779483159b50a4f19c16d61ee8497916
human-00493,human_response,open_qa,3919,response,208,116,0.0,0.485577,083aa0fb7deca27c321056837acc37c69563c90c8d5fbab4db949ee5999fe143
human-00494,human_response,classification,4905,response,185,99,0.071429,0.52973,3500f88927c447fd09b5bf8e065330613513f3146acd6df8dadcc9c778508a69
human-00495,human_response,brainstorming,1769,response,239,114,0.135593,0.456067,7a95e55549e18c34032eb8ff1a689d1ac823f5b5a256f5e638fe36a8eb1105de
human-00496,human_response,information_extraction,14668,response,423,200,0.021429,0.449173,eaae361a74a4a24fd41392811387caf3fdbc9a8d4defcad84c2e1fdd1b5b0191
human-00497,human_response,general_qa,477,response,534,261,0.0,0.346442,eaaece226133bf6d3e70f8fa2eb031b3d22c90f9365b8ee8c815481148fbdcb4
human-00498,human_context,closed_qa,5164,context,347,145,0.084302,0.495677,031d25c320867e8c08bc63467b26d53f7946a2992036b11302de3584e3786aba
human-00499,human_response,general_qa,172,response,163,97,0.0,0.472393,f73dcea1e94da6cd73bb147831c697673c3bedb91b43dc3609a403e6750eda02
human-00500,human_response,brainstorming,11820,response,204,114,0.00995,0.485294,833aa50fa2e780f485372cd221ba4e244155395f99f8948170b20791ee06300f
human-00501,human_response,summarization,533,response,329,182,0.01227,0.419453,7b661f728454f4a784fd4d3dbfc2004bc41578afde7406fd8792382827220ab5
human-00502,human_context,summarization,11747,context,306,154,0.019802,0.454248,3c1736ca8edae710209b0e87bae9607cb08e0d5bda0fb694db92fac6463f3139
human-00503,human_context,summarization,3132,context,161,100,0.006329,0.496894,d4a33675559ff7668674fb3b93c97003205f89d873963faefa8a21ee24af8ad0
human-00504,human_response,general_qa,8385,response,174,118,0.0,0.436782,dda2395ff2e6faefc6b2cb80c9f3d19a850350d39d4260c49f7b77c8cbbc01af
human-00505,human_response,classification,11835,response,163,92,0.03125,0.447853,f5e6f99950c2779cbc80b1d507a4caff05ae9abcd6f62f08dd81855507a8b73a
human-00506,human_response,classification,7892,response,318,167,0.006349,0.421384,79142e8f455c9418f9f19d29c5d30e7975fc000ba439f432850467ec9f63d3ee
human-00507,human_response,open_qa,12657,response,498,253,0.012121,0.385542,d63097767f617cbcd27152f25cefe005a422b1ce2275aa093d81669e3b61d9d9
human-00508,human_response,general_qa,4908,response,186,117,0.0,0.467742,53c65349d50c73b5bf92fe53ecba4c36e29ed05ff133d461a2887fdc0533987c
human-00509,human_context,information_extraction,1904,context,333,175,0.015152,0.426426,5efcff28204b3c09307a185b1552a5a59446346c5002356e95f971603059e515
human-00510,human_response,brainstorming,9312,response,275,168,0.018382,0.378182,87ad9c6a7a85184c6077d2f9e96613990e628e30fdf78e17c68b1f8c6d38ce2a
human-00511,human_response,summarization,4219,response,368,217,0.013699,0.366848,a9990b7f601b9500eb5f507ef4ee45197ad37843e706b4c2c959678ec213ee22
human-00512,human_context,summarization,2287,context,242,130,0.012552,0.466942,39aef428eba195e3a6d55e6d24a3dfefb6847d189cbbfd9a82cce61ff2b03063
human-00513,human_context,closed_qa,11285,context,458,225,0.061538,0.39738,71f09a50a4dc654b81b159414d1269e00fe6f42cb024ccd7f9d931d8bbeb29ef
human-00514,human_context,information_extraction,4503,context,249,129,0.028455,0.441767,90851383b399df9f3a158073276eb80ca5af857a9923ee5d389614d03116a0f5
human-00515,human_response,summarization,9713,response,291,179,0.013889,0.360825,42b0464bc5bac07209b7b9fe2906416bf64669ae3f56d783517e73a14d84bfd0
human-00516,human_response,creative_writing,9061,response,370,235,0.0,0.340541,9d30bc7221228db2de6526a325c52b68055f82a97b609ab1cb7d32921893ff4b
human-00517,human_context,information_extraction,4801,context,271,135,0.048507,0.476015,a5d7e2d8eb47d0f025c2eb71baf5d963f823e021b22d877c2bb6e7455651ca32
human-00518,human_response,closed_qa,6,response,144,95,0.007092,0.458333,018643cfcf8ad077a66adeaef19741f99ff091d931d7e5cbea514de4525684d6
human-00519,human_response,general_qa,9600,response,133,92,0.015385,0.458647,64e297afea1c3003efb071fd7540b52711edd6da319c28424b568d230bdd885a
human-00520,human_context,information_extraction,11129,context,185,107,0.005495,0.497297,155cf6e0f5dbe4ea3c58e2fe453e894156b9180013252530ad73314b06409f60
human-00521,human_context,information_extraction,2002,context,731,379,0.024725,0.341997,096140f82215e129887649b6f0c16d1bfc49683a504d610ab5b791f3a9280a75
human-00522,human_response,creative_writing,3401,response,454,239,0.015521,0.414097,d9f40f8828349046c8e86fb1dd140e72986b5aaa6c18b51807a85ce171b0b53c
human-00523,human_context,information_extraction,13564,context,187,119,0.01087,0.438503,b81ae7d390021be30e39b7a6cf9668e822f0b5cbc684f6d00108147a834d076f
human-00524,human_context,summarization,1542,context,636,324,0.023697,0.323899,bc041270037ddbb7fa76d70c437fadd0b2397b04e3dddf7bef5379246f493c6b
human-00525,human_context,summarization,3855,context,146,89,0.020979,0.493151,cdae7bcde9c00d9ff8f2d5e0c60862a5b3fd58c77f461be81691b74ddb0208e3
human-00526,human_context,closed_qa,3789,context,156,90,0.0,0.512821,ba1c12f3f73f3c3788e4d236b459c4e867dd720f41e773b3de92fa232a3fcd91
human-00527,human_context,closed_qa,6194,context,329,185,0.02454,0.3769,a1b5241bd770aa255dbdde8bb3ac3f7719f3f8ee15551ec31e54b9451112eb91
human-00528,human_response,open_qa,556,response,225,121,0.013514,0.457778,a9dc0fa8bd373fd513ea5208c31151360da12aa6e379fc8ae0c19c454366681b
human-00529,human_response,general_qa,11333,response,514,255,0.001957,0.389105,8a891c862087cf95dcf039ca098435453234151049c09089207c5ab073df7e33
human-00530,human_context,information_extraction,14564,context,372,208,0.0271,0.376344,605a1a7b1975147658f55e3d291053ba84faac776a5b9046fdf806e092b17c1b
human-00531,human_response,general_qa,4080,response,147,80,0.034722,0.564626,e876307d723baeb22bea728a4b7c8232f533217bc493c2367da11a18e2d74047
human-00532,human_response,brainstorming,3924,response,150,105,0.0,0.426667,2b287e8ba8d82dc446259f9162e707f00fd7108337c4cb000acd03d3a689f719
human-00533,human_context,information_extraction,3805,context,164,93,0.0,0.536585,60672ab3a2b9629fec8886a467514691a39cb0c78c81f4802badacd96f7b415a
human-00534,human_context,summarization,2393,context,308,161,0.059016,0.438312,09ad8e5f6f3388315fdefad28c20b79a101e8ed711b1b50c66e843cf75c0195a
human-00535,human_context,information_extraction,8253,context,185,108,0.005495,0.475676,65c71aa230663747cd5a6524f0c644d05a96ab2e2c566c2424ee08b4d67458af
human-00536,human_context,information_extraction,3285,context,637,281,0.036278,0.466248,9faec04ebee00932d6b9bfcd9f210c7b6fad411e0d0f14f69e94a534aa027f89
human-00537,human_response,open_qa,8676,response,150,88,0.0,0.546667,55e0a31a4b2922d7b5fc1242dd9902156b5107f6366f46cfd30c2004448b95e2
human-00538,human_response,brainstorming,974,response,138,83,0.037037,0.471014,b839d51652487b7afb1fa76cc42903647ed0f5aae435ee1455273944ab6ee62f
human-00539,human_response,open_qa,2830,response,217,132,0.004673,0.419355,e3352afec1a43c4a0e235264f490cba61594748605916b58864ebbcb5d6af104
human-00540,human_response,creative_writing,6801,response,238,125,0.0,0.491597,26f6f45fb5b8742ef9917de6589f047c79c411fbb8da721ea4360f25eee958a9
human-00541,human_context,closed_qa,2382,context,182,100,0.039106,0.434066,9509e8f3bba6025034ebea741d6e3065826b39b2bed6a92615273c611f542fac
human-00542,human_response,creative_writing,3110,response,316,160,0.022364,0.446203,49f3eabdb8994d9c9630be8a26ea406f2ff32894921865027872c57e5e23a706
human-00543,human_context,summarization,7089,context,161,94,0.012658,0.484472,40de15db84d9603b43e02f2c15df8c73198202a1660c0c356cfcb70fa9779929
human-00544,human_response,general_qa,2856,response,128,92,0.0,0.4375,8958fcb926172f0fd7a67b43aa10640c7e85bffc20965215f069047fd18ed032
human-00545,human_context,information_extraction,10800,context,152,99,0.0,0.421053,83c174e601b9c2ad2f172abeb8a3aecb1c294da3d96d78b819bb98d12d5aaa75
human-00546,human_response,general_qa,1076,response,340,182,0.002967,0.364706,66f387b4b0234764c012c2f398ebe7474cc3f0d0a0cb2de5ea57b12f4610f25d
human-00547,human_response,general_qa,3863,response,386,167,0.083551,0.432642,ca788d2871eebede9818742adb7e57377cd3320e08e4ba416cca758699a650e0
human-00548,human_context,summarization,11978,context,152,75,0.013423,0.572368,7d150823eb9d9e9e8e571943b718230306f516b6590ef4706336af34d115c1cf
human-00549,human_context,closed_qa,5354,context,207,113,0.004902,0.497585,decd56bfca711cca7f0b6f29caece781c4d05a8fd33136927f7cae62a1f91535
human-00550,human_response,creative_writing,2454,response,244,132,0.004149,0.47541,a692bc28927812352dde69a8568c066bb2bef96b97d7a296dd42ae1f4f4932d2
human-00551,human_response,general_qa,5450,response,821,306,0.01467,0.380024,bfc4cefb6b6c33e21b4658b5d706070c673e46817c8c82c99aea364e230e96cd
human-00552,human_context,closed_qa,7286,context,246,98,0.028807,0.589431,d522493666d2c6ffc2f4f74ef502a5806e3595681af5df7bdea09b7e7f196b30
human-00553,human_context,closed_qa,12161,context,446,228,0.058691,0.450673,4e697d4901fb53020b7e8f45d0f65b56959bb7fc8af2fe7e4fa4d7a278dc375c
human-00554,human_response,general_qa,6473,response,224,119,0.027149,0.46875,c85845760ba2857bde9672cdf05b4260076d4976aaf51cd21ca40c8c5b4f3058
human-00555,human_context,closed_qa,11450,context,264,141,0.045977,0.465909,13898f48977596a172c0874c483a17712e57627a13c380833f1f105bd94aba06
human-00556,human_context,summarization,4266,context,192,106,0.015873,0.458333,850fb00426543051a6c1790668ed2a7d2f8c51d17f94f867d35e0ad653e88383
human-00557,human_context,closed_qa,3492,context,282,179,0.0,0.379433,bcaaa43d68ecbcaefa52d720dddc88204f43f3d37443500d3b6b4e64fefbc85b
human-00558,human_response,information_extraction,12622,response,474,244,0.055202,0.390295,fa98037b5f3d297948b1bf2f25abb725652fe87d38b4f78488029a379a2698d8
human-00559,human_response,general_qa,7937,response,143,102,0.0,0.426573,ac854539e824f28429e729ecb97a54f36b6eb34ec91c755664c3fdee75cd2481
human-00560,human_context,closed_qa,15005,context,143,87,0.0,0.48951,e614b4f9eff7d1e67fceb8bbdab1fd8e621225b422f84e2a504113920188043d
human-00561,human_context,closed_qa,14623,context,145,91,0.0,0.475862,6bd91a4dcfbb0771c44bcc58acfcfed9f5f4ff5daa539d1359a093c846bd7f7d
human-00562,human_response,open_qa,6099,response,349,176,0.011561,0.395415,ec255baf51bfd1ec87d5a72e20d3ef6ed5ae00975aa728ea8f4f4bce314f4a21
human-00563,human_context,closed_qa,9780,context,327,178,0.018519,0.40367,4c6df747b8caab0855a29eb208f3afaec7fdccd97e774342dda1ac76df0afad8
human-00564,human_context,summarization,2936,context,442,233,0.006834,0.368778,48079b4dba944cfc95cb24166976d33fca5212f992622d4c5259290d95eb240d
human-00565,human_context,closed_qa,3177,context,181,109,0.011236,0.447514,8282d02bbf2261044e268fc6c79566269c6831316bd66f1cf5134a328822f16b
human-00566,human_context,summarization,36,context,225,141,0.009009,0.395556,c3a926ff48501f90f3dd807be5383d75864275d8801e7385f57b8f5e26984a26
human-00567,human_context,summarization,4500,context,128,87,0.008,0.460938,51c4091ea6b2b844b46aff2d1bbc05d614baf7667d5eddccfa6456b0835edeb3
human-00568,human_context,summarization,4005,context,305,174,0.006623,0.419672,561a80f0d1ce0fc6b7cb55698edcecea27a769b72af45bb7cb1c182fb7cccf18
human-00569,human_response,creative_writing,3978,response,1456,636,0.007571,0.322115,2f116b7cf674ddd0c9d53893a9f2cfec66f9b735644acd3c7dd82b60706a7516
human-00570,human_context,closed_qa,9344,context,138,84,0.0,0.514493,34cde69f0899970aaa4206d5f4b7e7f267912a19a8e5294a6a58416d3d3f8f74
human-00571,human_context,closed_qa,12986,context,210,134,0.004831,0.390476,044e668dce6fb60bcde0e74e537db35fef4c333ca8df377bfb64151bf3b75059
human-00572,human_response,creative_writing,14991,response,360,189,0.008403,0.438889,ce2eb8059885b9d50baffde0052be18314c93d3820fc10a525c61af205d9eb8c
human-00573,human_context,closed_qa,1727,context,253,142,0.02,0.407115,bcb35e8c31e052ff56c8760abd69ebf83d0a238de1b92dc410a1b55d111a3ebf
human-00574,human_response,general_qa,6848,response,129,76,0.0,0.527132,1f74a9f4ad9037adfbff79a982f68668e75c0b727de3192a51aa01a2cef20ce7
human-00575,human_context,information_extraction,12870,context,203,103,0.01,0.561576,50b43f2d55b9c81095de2bc312b5e82be9f1a84f187063f9fe4c4145ba6e05fd
human-00576,human_context,closed_qa,7801,context,140,95,0.014599,0.464286,457e8b074f9e64aa1135732b4fc0e6f6699bce771d2175da29d6fdd7b9ff3ea0
human-00577,human_context,closed_qa,6850,context,656,323,0.006126,0.347561,6e9c289e54a5e9245cc91636c384393e06ea5c71ecacd3c423ab004b94efb260
human-00578,human_response,general_qa,2726,response,139,79,0.029412,0.503597,687a27ac2e6ee99840232a8237ce527884edacf82ca6bf4018eae26d62b58291
human-00579,human_context,closed_qa,8826,context,163,89,0.0375,0.533742,0ecb35d2c86ce5ccc485ff1dcf19f54a6f1002b2ba272afec4a4e08ea4d616da
human-00580,human_response,creative_writing,11676,response,184,110,0.005525,0.48913,a35154ab9ed0a12adcf803cd02365b6ed7e0febc07a66f44a83170aa5bd350d4
human-00581,human_context,closed_qa,5495,context,159,99,0.00641,0.477987,7199728639c3a3affa4bc5eccb0dc491396cf4051572a75826946077897d9d3e
human-00582,human_response,general_qa,246,response,163,83,0.06875,0.595092,486f955c281bef8b6cf8e617c5567ddff47470fb47240b43193a3925e27e240f
human-00583,human_context,closed_qa,13280,context,263,153,0.007692,0.452471,aba13413d02de7379c575a18a4b7f2fd614493c79926548a96b7a2b7c6a40449
human-00584,human_response,open_qa,1367,response,150,103,0.0,0.413333,84d9e91e318df32b92dd9a87bce6b78f50c58a5e872264a6e59aed27c35b4499
human-00585,human_context,closed_qa,4889,context,195,109,0.0,0.497436,934ff117437ffab3e8f3758dc34adaabff9274305acc82f3ccbdccee7917e700
human-00586,human_context,summarization,11822,context,218,107,0.093023,0.541284,f651dfb54582f768adc7854fe5607f581597807c0111b28cfb95ab5c31dc1230
human-00587,human_context,closed_qa,2728,context,254,144,0.031873,0.464567,14dffc7af657cb04a9eca62497b49cf68b2aca7ba25330306d8e1a6256afae97
human-00588,human_context,information_extraction,11480,context,138,96,0.0,0.427536,912535dfbe62d1faa03cbbbe1a5ae7ca5d6ade566362a92258121e2dca4ab2fc
human-00589,human_context,closed_qa,5720,context,256,144,0.007905,0.449219,0d55bbc6a89a06f08705f47fe607b94b5413f9d59760da9f2ee6fca959ec6206
human-00590,human_response,creative_writing,7347,response,297,173,0.003401,0.417508,26b2dc2cdb9d9654bd4ec0a7ba899f553861fc1034fe7f45c095bb27cab35f9c
human-00591,human_context,information_extraction,4050,context,176,81,0.104046,0.573864,a0e7875eaf23e4cc5ebdf8f588c1ac341fc546a0c922d55be98602402df9d079
human-00592,human_response,general_qa,6417,response,168,105,0.0,0.434524,ceddd55e92f815bb3f29d064dd3105bc6b3b637ce589708a073c72e4870d44f9
human-00593,human_response,creative_writing,402,response,194,109,0.031414,0.458763,08ca4b85053705a7134d385d8e72d37bdb7d876df162dc2529fc8b56e6691425
human-00594,human_response,general_qa,8323,response,189,93,0.048387,0.544974,01685d8f96735d87176e21e0b030b594e5e85de6dbd79ccce55a8946ff9d2a5f
human-00595,human_context,closed_qa,10815,context,441,198,0.086758,0.507937,8b8e7a44672c00580d24c90f11d5d4afeccb071ff20aa233b59f9a1733093a55
human-00596,human_context,information_extraction,10822,context,187,106,0.0,0.481283,481d72d1b251673cd3a2c151c34796acb6786e813f5b5f443d01278b5379efdc
human-00597,human_context,summarization,9806,context,314,148,0.016077,0.503185,10e786caeff5d7f55b8254dc32cb123a9a5e1e3ae928429ba8e2cf81becbb46d
human-00598,human_context,closed_qa,10586,context,233,109,0.017391,0.506438,bafc914769771f0cf9f25807ffe9eb8f5f3be3f26bcfed4ba6282fd09dd932aa
human-00599,human_context,closed_qa,6387,context,190,77,0.117647,0.621053,a10485e1026d57daf33ae889e389de21b22382f467b3767c91d898dcd8e7598c
human-00600,human_response,general_qa,5379,response,267,159,0.0,0.393258,6992604d6a91246ee5690154d902d0867caa2d0f8c2ea010bce304ea1039469b
human-00601,human_response,information_extraction,7176,response,218,132,0.009302,0.426606,98959edc2386a7dcfde8d7f4b4e4af990bd59ae05ad57da227e577481e61a91f
human-00602,human_response,creative_writing,9757,response,416,175,0.026634,0.473558,b2f965a6a5011597f0d0fff428e7d0bc3a22d1b8214d8ebbd8464fe2286b027e
human-00603,human_context,closed_qa,325,context,306,170,0.023102,0.424837,d47695f2ef81c7ec5c5e20c8fc596cce17db8ce3a76b216b2dc274a20821519d
human-00604,human_response,summarization,7503,response,151,89,0.027027,0.470199,01dfb3c11f83096edabfa3c6b1d4128ffc76bbdf35ac06895bd162c18645e54e
human-00605,human_response,creative_writing,6425,response,459,243,0.028509,0.374728,35e0981131332ae7a736558f8293de4b676408bc27ca60be6e7472045cc0a182
human-00606,human_context,summarization,7614,context,552,311,0.003643,0.32971,b343f7a16ac64ab41b01e02a8e6f0dcd5808a9ec0568faa5b0e73b17edc68911
human-00607,human_context,information_extraction,12370,context,546,283,0.034991,0.395604,6247065c178a4eb8eb4338723e945b60fd80058a8883f2e761714f013effb886
human-00608,human_response,general_qa,1763,response,411,199,0.02451,0.454988,1ca2cf683917d3f3f6a82e97a83a372b17fe85590bd5637dfe855e59a03715a1
human-00609,human_context,information_extraction,3348,context,137,101,0.0,0.394161,34b253189bc3163cc99da8c7ed95470754134420dcb98710b7bfe0bd4f73fa2d
human-00610,human_response,open_qa,2432,response,224,149,0.004525,0.357143,a476731ae009cbf62314b08bd59d05061af36290d6711035d58f71024c63bc24
human-00611,human_response,general_qa,9693,response,173,105,0.0,0.445087,7f1404ac2b66818cb914c402e47cccd963a7a06261c084c41734b1fcd73aa4de
human-00612,human_context,closed_qa,5280,context,708,308,0.070922,0.430791,fb410b6ee8ec6494dc6594c051f91de039544ef08e86afd11a8001c5d2445aab
human-00613,human_response,general_qa,290,response,157,101,0.006494,0.433121,60fc8fe8ae587579fe540e1b8aa7b77143976759a674741473fef935864029aa
human-00614,human_context,closed_qa,1857,context,819,418,0.050245,0.362637,ccc4c0e0cfd8c893945a5153eee06361d71faef86061026b1e42c6a8c74ea8ed
human-00615,human_response,general_qa,8356,response,145,100,0.007042,0.413793,c39d33092da63143bec431d2555fdd99a137f16443fe966670c1f4dff20644d3
human-00616,human_response,open_qa,4142,response,166,101,0.01227,0.445783,e5062d8fcca3dec66100c3c73e428cf4712ea362308c93bf42167ccb78c93c6b
human-00617,human_response,general_qa,2059,response,244,126,0.029046,0.495902,8d0fbef6ad978b086384d58354f3da045b9de3f4d2d8cfa07c35e1e6e8f02206
human-00618,human_context,information_extraction,9687,context,1834,721,0.018569,0.314613,11b436635d30357a00a51824050e2a192a7c044b014b86c0ebe280aa45f6db61
human-00619,human_response,brainstorming,4987,response,203,134,0.0,0.399015,1b31669f8d5ca06bbbdc93135c83cea6065a059931cc2232f0e9bc96699cd830
human-00620,human_response,general_qa,5993,response,179,97,0.039773,0.513966,5b9f1eba95f4d4409790358910d8ca1f0c58a79890d91783248232b9f928e732
human-00621,human_response,open_qa,8095,response,245,126,0.016529,0.457143,56d0ae5e2e9cb54ccc37a8344e84bb284460ff3d3a62668e74d9ba681f7a6cc0
human-00622,human_response,general_qa,11944,response,699,274,0.017241,0.381974,b2660f9770b818e69faae2cfea260236843a48ddf0446e661eb5fe9e2c95f200
human-00623,human_context,information_extraction,11158,context,233,159,0.0,0.373391,a9210e04882240f55f05781d5c649ec812fd6fd21b3f5d490dcdd3a6498a6d58
human-00624,human_response,brainstorming,12897,response,316,113,0.258786,0.547468,3c723e5723cbea1a7ec5d7cb91bceacd03423b8c7db49bd95d6e4ea7ca3fd5f6
human-00625,human_response,summarization,2399,response,179,121,0.011364,0.418994,d0a5be1d2f826e73f346f8daacf1597e05ca5871b7bc24a2e1592a3280a2d735
human-00626,human_response,general_qa,709,response,230,98,0.044053,0.556522,231db1c11c5f6664c88510169c8f056bfcdc3722a9a79fc860555ed00ad40375
human-00627,human_context,information_extraction,10410,context,253,131,0.02,0.501976,35986d3919e30054dcbbd66b38f97affbe894782e5dba6d0f54f47e44bed5f1a
human-00628,human_response,brainstorming,9152,response,160,79,0.133758,0.63125,a454aa4201cdc3a36f4f8349b9f2a8cb72278ed117972f7ee3406f1bfab75bee
human-00629,human_response,general_qa,2544,response,148,96,0.0,0.472973,f7e227ce63cb33a61680c5110ef38dcf6b28b5af7a4d7263979cae395ac63dfd
human-00630,human_context,information_extraction,5362,context,269,151,0.0,0.442379,a6344153c8d52add16201d4e5841bd9001df761e8d8285d97080a22eaef4c148
human-00631,human_context,information_extraction,12318,context,2770,849,0.113119,0.381227,b48c51755578cdacfe3fcbdd47b9baf6b15155acb01799c390c47187408dc506
human-00632,human_response,open_qa,5487,response,139,102,0.0,0.374101,2418bc945c5e74b81f4084a19c7937fc7ef4d8025f198361c3bace21afd78d01
human-00633,human_context,summarization,4195,context,160,98,0.012739,0.5125,019eb5085f5430681adfff1b547b1605914aa9a2fae12c77a696d1c973ea4edd
human-00634,human_context,summarization,11837,context,141,99,0.0,0.439716,a5a23049c438f360bc5322ed7073b12692e19a50ca137c406de45de6c7c5999e
human-00635,human_context,information_extraction,11565,context,331,178,0.042683,0.425982,c5468b6d00da3374d8304049530201e8362bcfb43de906d64b23aa7297776302
human-00636,human_response,summarization,6912,response,281,165,0.007194,0.427046,55a7e70705551f4a185b2d9f0ff2f27835a765fb2a49b4df3f904d453d8fba8c
human-00637,human_context,summarization,7783,context,256,109,0.063241,0.5625,9f3032b8b380d6bbb54e78517403262401fef62652d864f0831062d87d35d4cd
human-00638,human_response,creative_writing,10265,response,272,147,0.003717,0.404412,54970e6f0384fa87c7b4081bb31618b353eb688efd53827943b98d35ec05d4a7
human-00639,human_context,closed_qa,1008,context,147,91,0.0,0.469388,04b2ce780c3f29eadec2fa2a67037bedbdfce4df1d156b9cf27b8617668c831a
human-00640,human_context,information_extraction,7019,context,164,107,0.018634,0.469512,74f9c9a4cc5db954f7da844df8be51d00544948742e2e99e36941e92f36d5f85
human-00641,human_response,general_qa,4945,response,211,118,0.052885,0.483412,7dd6d904f7f9e27186e1e819278a5f08ce50ae857b39bf6dc448c033b92ea66d
human-00642,human_context,information_extraction,12664,context,244,113,0.074689,0.545082,690cdb397d3750a8cf3cb538e1a06c8f508b1ec26ea29188cad0dd5006f294ca
human-00643,human_response,summarization,345,response,301,144,0.016779,0.445183,3b6152bef21642c7d1b838faa825c8469496de25a580bd554e6343c37502080f
human-00644,human_response,open_qa,3588,response,340,217,0.005935,0.288235,cefae64518dfad17905ba69acd221b65db93d076f15183ac6be7ea0d38461494
human-00645,human_context,closed_qa,5698,context,674,314,0.020864,0.402077,43b93e85fe3f8c633d1daf177b266530ba58b753dea9e3fe18c95c83172a97a9
human-00646,human_context,information_extraction,2860,context,147,93,0.006944,0.462585,34290fe523ae7de2ad139e276c1e970505a9d94befc2b53f9002f0883bf40553
human-00647,human_context,summarization,6347,context,736,248,0.115962,0.516304,5e5ed124df560af0e3231e47b5a828c7794ffd27d7501563d0ecb22bbcdc27ef
human-00648,human_context,closed_qa,7971,context,143,88,0.028571,0.468531,d9bfae71f54cd8d6efd0fea293482a6cf350f508480d65366ebc6e8fbaf3613a
human-00649,human_response,closed_qa,9038,response,182,92,0.027933,0.532967,53d196c2db526cbb3a9b6a3ebb836f1836da31d5a39c6cd321aa86a65ac06fc7
human-00650,human_response,open_qa,13062,response,403,237,0.0025,0.33995,8ee1417b782884a5ab04f65df20cb82b105f6c808083e7b2c769d932676da55e
human-00651,human_context,closed_qa,168,context,166,112,0.0,0.409639,aed3dcc84b1aadfab017cd2d5e48cf2a78dacbecaff62404d233645d9d4e4cdc
human-00652,human_context,summarization,7220,context,455,196,0.053097,0.450549,2a8c0a5e4b6f0fa5c2c328375c1014a8e3d67263e81c8394afbad2b6fcf0c4ff
human-00653,human_context,information_extraction,13549,context,371,215,0.0,0.407008,0d1cf8e4a8ec16b50a6fcdc1a8247d71a8d62b1acf68754b663f8435b0ed75cb
human-00654,human_context,summarization,10190,context,209,106,0.009709,0.464115,eb830f875d7518d6631b33fecc087b757b8cfc765f179cc92cdfae2b0c62c784
human-00655,human_response,summarization,11015,response,417,220,0.041063,0.383693,a5cc4fc4a5cd2ae9d4694acb29b0a23f57d8c8f0074f3aba7bd0f73fb183c521
human-00656,human_context,closed_qa,2358,context,204,124,0.0,0.441176,8e7d37134046d3152c8625f780ad0a39073706db09b32b78c9f37fe0191a393f
human-00657,human_context,summarization,59,context,373,193,0.032432,0.407507,5d4c8603033d77cc9372ea7cf8c96347c1e856c14a0a47262960a1bec5b73aeb
human-00658,human_response,general_qa,8590,response,230,141,0.004405,0.413043,2bef7250fbc4f72447f45773202e5c8f3e1884199b1e004a41576a9d6eba18e7
human-00659,human_context,closed_qa,8302,context,271,168,0.033582,0.343173,a557a1d4a9dc9d0353ee464acfd9ce6d468719da912f549673944e6630a1a31c
human-00660,human_context,summarization,738,context,205,112,0.049505,0.507317,5a4e94421d97cc307f72127f6280841fd200c57044a0f8352773728bf0bdd3db
human-00661,human_response,open_qa,4723,response,156,101,0.0,0.429487,fb474cd35efad59de9e19edb35aecdbc9a4b4e761211f3a25cd819afb4febfac
human-00662,human_response,summarization,2634,response,420,223,0.01199,0.388095,2d1a02eeba962d53b0770fc650376696a9b97b10b7d5309aec425b1fd6fc5843
human-00663,human_context,summarization,5939,context,256,158,0.007905,0.375,1f7317d2eefa06009ca97d197915b81f291775769a87399891b68fff91e01f28
human-00664,human_context,summarization,2634,context,130,96,0.0,0.415385,5128ff0bd6593556474ba8f36a0da18cb3888a16adf3cf8816d1bde01d7b60c1
human-00665,human_response,open_qa,8803,response,309,136,0.081699,0.508091,518f9a9a9ca09db928e955c3d8d41f569dd042bbf11b601a4a0430592c14cdeb
human-00666,human_response,summarization,6121,response,186,115,0.005464,0.451613,e3c0f53dbfab71e5c02f81114a9205cd5a7345e0fcbb9d4d165fadfba4dcaf50
human-00667,human_response,general_qa,13637,response,208,141,0.004878,0.365385,bf867b7c710093c35712e879a213b238424746bd28e5b2f996d115dcfb09046b
human-00668,human_response,summarization,11341,response,194,102,0.120419,0.474227,4f4f536fb581742e325688eaba4469899c859c30290f1a117c68749c9af21074
human-00669,human_response,open_qa,10222,response,197,124,0.005155,0.406091,58299dc4b170ccf286faaaf623aa2fa9c837155f67ddede8b40ef36d6cbc9a18
human-00670,human_response,brainstorming,2370,response,135,98,0.0,0.422222,26efdb0ae536003b66604c4ad90e9d7fd27dbf0a3af09a922507510b9d4c50e4
human-00671,human_response,creative_writing,8188,response,202,100,0.01005,0.509901,e4d59a37c3cb51c3a8061fc149c2e0c0d0da51f2d7a170e3563bbf1e11e4d4a0
human-00672,human_response,open_qa,14930,response,159,99,0.00641,0.477987,a425fc13ef8e5e8845e8ce1f7b844bbaab8959ff779fda5c076c86afeef96b8b
human-00673,human_context,closed_qa,6869,context,145,97,0.007042,0.441379,660c3d82c5dda65a610e0d63654c7763a2783a4245a79e019fb075ed48258d4b
human-00674,human_context,information_extraction,6852,context,385,165,0.044503,0.449351,0d331f3a1c3f04a28cc4becaba48a24211ed2d4c4b52ed3fbefa9b89b94c8327
human-00675,human_response,classification,4634,response,129,93,0.0,0.395349,1ac68cc4346569cf78b660840b6ca656029e828c46bdb34548e9a8e1878ca600
human-00676,human_response,general_qa,2721,response,180,108,0.039548,0.494444,4fad15da24e74f3e07dd5479ec04184419a52eca36c3b8a14755a5abfee064bb
human-00677,human_context,information_extraction,14814,context,151,86,0.040541,0.509934,632fe1084b81a35bc89e3d1828d97c68cc7443260b85941b0f8b364ad5dbce93
human-00678,human_context,summarization,14586,context,664,316,0.034796,0.349398,c5b6d3d0366286d08b5db85ea7d2219643ed1264eb3288cb86751c7de6096f16
human-00679,human_context,summarization,4851,context,621,284,0.017799,0.354267,38ad8468a499515f1d26d13854d6d4524aa3793b38e37faf503b89c6efd7f4e8
human-00680,human_response,open_qa,12566,response,135,92,0.0,0.466667,4a3f4cf4c311dd1fcafa7259b40fe64c28112ca1c2a41e073496c0f7c13c831f
human-00681,human_context,summarization,581,context,593,285,0.044068,0.365936,8934f6515da99277cb43b34764a793ec5734bbfa6eb80fe8038c493c849bc628
human-00682,human_context,summarization,3428,context,297,183,0.017007,0.343434,1cece62414009e2c0a1916414042ada5c6ef3d7f949e738de38314687b4b17e9
human-00683,human_context,closed_qa,13119,context,220,143,0.004608,0.363636,80ca9d4355e7efb0cdb05bf473213a12a1b8015ce4025a3f26865960fd5ce9d2
human-00684,human_context,closed_qa,1194,context,186,110,0.027322,0.435484,dd53bd9e4f7d1b7bf52550e793faac9edaa9991d2b052a91f9a708367f20a9e5
human-00685,human_context,summarization,12913,context,279,149,0.025362,0.44086,f022d8c5cf1307cf71c5c466c20fef40789e4e1994443e14f6490a4b9325d71f
human-00686,human_context,information_extraction,10344,context,213,125,0.019048,0.41784,c3b41ade205263ec88c5537feb92e589066ae3fa1216374f2a86fe2933d1a2d2
human-00687,human_context,summarization,9074,context,150,104,0.0,0.44,dd69bb48bd83f0f7f44d6d236d0e2e83cf6b31b603d3cdaf4e7f1f4f5617dd3b
human-00688,human_response,brainstorming,9574,response,135,52,0.121212,0.762963,15a340331d0c506ad25824ee4fe94b083b85d9ad71f94b109ee258b4cdf48e25
human-00689,human_context,summarization,12819,context,147,92,0.006944,0.469388,faf3d090bdb978e995e99af9275e430dd4a7a38f8d8e62afc3fe049105038d77
human-00690,human_context,information_extraction,5675,context,206,127,0.044335,0.446602,845eee59223bac16a402faf73a207a4ce1bca641959fdf82c6821d205f7adcd3
human-00691,human_response,closed_qa,4807,response,146,93,0.006993,0.5,80c01566c492d8b6e7ade5d988bbb9848a755a31699976c006611a3b2f36a71b
human-00692,human_response,open_qa,12200,response,143,100,0.007143,0.391608,132aa479a237415d7ea6c8fc65aa03010efa02b34c8eba46633982c97762a136
human-00693,human_context,summarization,13480,context,442,250,0.059226,0.346154,f91c34afdde1085a06e11c953b680c64cc7c2b3815869a16e6f7655c45dd9a97
human-00694,human_context,information_extraction,12881,context,412,187,0.022005,0.429612,53de7d2cc8fb72829b6f451cbb9db16961541ce9e28f74c148d23842c36b30e5
human-00695,human_response,information_extraction,8550,response,254,95,0.250996,0.704724,0ad8cee40313d180df9517a5d9e096c366885b77eb0e40fabb38ebcaf8fc0835
human-00696,human_response,summarization,3064,response,153,78,0.02,0.568627,d28397be1285d8ed960b1617f1150d53e5cd813c972801c29c42e39ecfa48a7f
human-00697,human_context,closed_qa,7465,context,384,190,0.036745,0.445312,eb6068277f0657cd59efa28dbdede1f78efc38265527c13cc6ac2a72c958cf4f
human-00698,human_response,general_qa,3368,response,143,59,0.085714,0.692308,61aa43626806daa8a4683dde6b9ab394f62bcd4b999f7f87d4716ab745372950
human-00699,human_context,information_extraction,12824,context,462,184,0.076253,0.463203,715bb45d562a9e3f82e7bf9819fa00934fd246da377268c620250362e269aa55
human-00700,human_response,general_qa,9632,response,302,176,0.020067,0.397351,6dadad135900fcc971ac7c7261e983911ff04b21b57fef82baf55f92afeb7d2e
human-00701,human_response,general_qa,9818,response,167,92,0.02439,0.532934,682edbd9c5a28d321ec461ab04b6c62a338168f15f59a55d8858933c73fe641f
human-00702,human_context,closed_qa,13720,context,206,131,0.039409,0.393204,c7e18c1314c0a10dfb1127936dea5adfc4e0926fc927419b1f891dbae1f41a33
human-00703,human_context,closed_qa,13725,context,156,109,0.0,0.423077,f9d5e6c59160da35634c28591e6213d3124ae5e221d19666e6c6fd8e181e22b8
human-00704,human_response,general_qa,11170,response,283,148,0.014286,0.424028,d199057f0d0f7dabd60eb5be753a9ccba37375607d297ec8c32777e1d94c667a
human-00705,human_context,summarization,4205,context,131,87,0.007812,0.48855,4279f0c2a159942a5adb37e92bd6ed34836cefc32196b8cf0aaa413cb2030c31
human-00706,human_context,closed_qa,7704,context,343,157,0.020588,0.431487,15d2911781044bebea7f660d6cb57cb45213e660ad2a6544d5251bc052e6174d
human-00707,human_context,closed_qa,4603,context,139,86,0.0,0.496403,24f9c843b916a297c6e3f025a13926f2538ce30ba0642c2d3ecee268cf9dcd5c
human-00708,human_response,creative_writing,2656,response,261,126,0.050388,0.417625,afde70dc2bc97c08df6b05cb3df34c01e85f4dd2724811c289573920df041806
human-00709,human_context,closed_qa,5949,context,261,147,0.031008,0.402299,9336cd85ca884c1e344b092c2459479818000073c35c5463df8bcd16e09c3747
human-00710,human_context,information_extraction,13599,context,1154,484,0.038228,0.363085,2c8be8228d1e25a679aca81c0ddace78d1fe43af7dfe60653d52d952273fd665
human-00711,human_response,general_qa,955,response,151,95,0.006757,0.463576,ebf80eda7b688ffc59d713ab039113f594d34425e748a34f23f331e8db91ed62
human-00712,human_context,closed_qa,2008,context,174,92,0.017544,0.534483,08dfc1074094efe63a7d2ca7e67fa49d41daec764a3d14e1e028e8a16c46f34e
human-00713,human_response,creative_writing,4960,response,224,111,0.036199,0.486607,85196f603334e52f3d1daa6651aa21fa602268badf480a88398df0cd7c5cc6da
human-00714,human_context,closed_qa,10023,context,1566,561,0.109405,0.461686,ebfcba49707efa85cf0abfd1e594b8ef218c252ac4b56a7a15a376eac9b96e59
human-00715,human_context,information_extraction,1652,context,577,285,0.029617,0.376083,d26d1ab47b9b7329c763a012763c258f139768f19ea45917e488c913a4afb911
human-00716,human_response,creative_writing,12801,response,262,162,0.015444,0.396947,e1851a8678fabd61c90ef5ae9db2a2429c07fd3d084eb6a29c52474ca2210f73
human-00717,human_response,summarization,14835,response,148,90,0.034483,0.486486,3b20730135d261b230828c0e260c1b9450c46778f718efeeafab91129fcccb25
human-00718,human_response,closed_qa,8858,response,211,111,0.014423,0.459716,5392ba14fc68f6654bb12b2dc14250ccadc94c21bc510add2dd26ba322b0220f
human-00719,human_context,information_extraction,14001,context,156,86,0.03268,0.512821,6191bd0613b078bf4cff1329186bff90835bdd08d911e96b7ee90462774124bc
human-00720,human_response,general_qa,9683,response,141,74,0.007246,0.574468,2802370c44daf51c68d4508ec374746165093d1369359519d7dc5a9be6758b3d
human-00721,human_context,summarization,3886,context,325,172,0.024845,0.406154,aefed90ac39db6b7f264f84cdfc825e087fe3e60b10ac1998cf5db4733165601
human-00722,human_context,summarization,10106,context,209,125,0.004854,0.4689,97758f6b6e8e620d0add435cf9557e7df940a63f01c096648c8aa65ef95348c8
human-00723,human_context,closed_qa,5419,context,286,164,0.014134,0.41958,2399eb85a377f6cb38c5a0253551c48c8de0a60d02975baeb795c8644174f95b
human-00724,human_response,general_qa,4673,response,243,125,0.016667,0.489712,3fa31d515c5b130d8fee1de14fe58aac68d5c7bc1a50d477f1ee9f9c74d35595
human-00725,human_context,summarization,9423,context,268,148,0.0,0.44403,a003623eb55d41645a674c8667b927aaf517a7f8b8237c1d3a0786d4ff4f0cf0
human-00726,human_response,general_qa,10093,response,149,89,0.0,0.483221,f960f308a89df3fffc97a9517a0acb0d044c32bf9a4e4575962bf0bed9769810
human-00727,human_response,summarization,4786,response,1702,625,0.047675,0.379553,5023130f4dd72c67c657f8365ca916bec938558c1a5798aa38ea864043e1a938
human-00728,human_context,closed_qa,3928,context,151,92,0.006757,0.496689,c8f5192bacdebf68d602140a5ebe957c1d48aaf720e403079bd9e36170e2d883
human-00729,human_context,information_extraction,10885,context,237,149,0.0,0.438819,93137597eec88e04f66e18e0b0e910dba4ff3c5c9349e4ac0ebbc4e0c9346f93
human-00730,human_response,creative_writing,4811,response,246,147,0.00823,0.390244,f9c4130f1b1449ab0f14ab08e600c77d58e8b23cc8a0888dd6b1028538eefd53
human-00731,human_response,summarization,634,response,555,148,0.266304,0.643243,828ad8a73507aca59602b4bd5488c48f0e45b7a426db41a2bccd81966e31f0ab
human-00732,human_response,summarization,6083,response,143,92,0.0,0.468531,55e49d020d398f76c80686f591871b963c0e021243471ae2b47acc90b186480e
human-00733,human_context,information_extraction,4745,context,181,114,0.0,0.41989,dc8e8826e83e0129471b89d6767fa95fcc477527b4c03cac85196ceb61b433ea
human-00734,human_context,information_extraction,12718,context,396,107,0.150127,0.65404,7ddc7af734febdfff068d3f901de660a24cdbd596c86fc38d8137a236d0947b8
human-00735,human_response,open_qa,6549,response,132,92,0.0,0.454545,ff4abdfd650d2f34ddd2881b43ff206e24db15c075969fea6f6d0c95e6896057
human-00736,human_response,summarization,1896,response,136,87,0.0,0.485294,5385a4516ae446d18bb155c17bd2032aa3a4dcb24864cfe4e844ebaf738d0cc8
human-00737,human_response,brainstorming,2725,response,136,93,0.037594,0.463235,d3021aacb5a587cd8ab86c49b96ec305fd66801bc2846738b7a875ac8110e1ad
human-00738,human_context,closed_qa,13721,context,203,134,0.01,0.394089,8801d8a702180962c445404826a52fb630aa2c10d3fa440b24ce765c4f6013d0
human-00739,human_context,summarization,3128,context,155,74,0.0,0.612903,ba7b5406a7f36b43cc1f6eeff790c6bf88bcbd73f12b9f17b19889e7e464adff
human-00740,human_context,information_extraction,6755,context,366,209,0.030303,0.396175,4245c284cb6b72fc421ade0453c4afaf21c25d02903f59dbc0bc5ef71f073847
human-00741,human_response,creative_writing,1780,response,322,199,0.00627,0.385093,9366866072e4326111a24311bb467c2e2b45ade6e1225ca1c137af8e1e4312a9
human-00742,human_response,closed_qa,2202,response,680,313,0.028065,0.405882,7d61d3cb43012cd616de07b69aeba770b28ca7226c0babf35fb1ee63e8cef87f
human-00743,human_context,information_extraction,4319,context,146,104,0.0,0.424658,7e4a25588dca586063c0275a3905b9666ca87b0b2f680869713c4c84af18e44e
human-00744,human_context,information_extraction,10003,context,138,75,0.037037,0.601449,999e46dd74662b32f0bcd80474ca58bf725cad04414d6537eef4dad9de70b085
human-00745,human_response,brainstorming,11106,response,171,100,0.0,0.497076,2b20943e2a86d25fa26a0c71ba7c7c996d3d92a807abe18bc51974a40679cc85
human-00746,human_context,closed_qa,13527,context,1026,469,0.02346,0.389864,b54c4d1276c75c670a1ccaa604cd58b30f7ccfad0ad2fdcffdcd17c148811444
human-00747,human_context,closed_qa,2323,context,385,183,0.002618,0.451948,10ca8ad69c4befb524127f16f495052595a8a6fe80e9af7ba203f5d5e720344b
human-00748,human_context,summarization,529,context,308,152,0.036066,0.487013,ab179e5c9364357b3ea6e53fe95afa27cc91b6e0c768e26e10d76b8f717a177c
human-00749,human_response,brainstorming,3222,response,300,164,0.013468,0.4,d7005a71e4ccf3118108afa12c58b3d98af250f871d7433fc73ceb6470b876fc
human-00750,human_context,information_extraction,13350,context,295,182,0.006849,0.386441,77022ad2b7a0952fd3be72e23f8467e66e14c02013e04769e33e4f29e33916d7
human-00751,human_context,information_extraction,7942,context,208,89,0.082927,0.572115,c09eca3ed32ffa455528bed3a670ba761011a0525f17fc928c7b0eeddaf62891
human-00752,human_context,information_extraction,6557,context,287,163,0.070423,0.376307,2ac35e8140641c19384555ec538add7702976eaece61dbdbbd0c51098880dd81
human-00753,human_response,open_qa,11956,response,128,80,0.024,0.492188,e42dd7aa7fbe0434368ea031d617ac1c50378e4369c4b8d0c26e64a4a2175557
human-00754,human_context,summarization,13557,context,533,254,0.033962,0.397749,c9686e9cf4e7aa3322226494e9e9af948374f0195dfc5048e6ee659fc0b6a6cd
human-00755,human_context,information_extraction,3651,context,1277,607,0.013344,0.340642,0f67235368ecec1ce9781740b9b79bae9fe0884afbb560d5c129f49cc990cca5
human-00756,human_context,information_extraction,9627,context,535,271,0.039474,0.411215,6e3f40af87b44a92cf53f22a2b300e4e0ebbcd61a714336a1751636daeca67cf
human-00757,human_context,closed_qa,4151,context,241,157,0.0,0.377593,7bb1bae1541e729b47bf238b18cbe797700a567d462b7bcc1f79148733910bd5
human-00758,human_context,information_extraction,11647,context,213,76,0.114286,0.657277,5ac5c650c4e5433640f7343e5d45288a93f3425cd3b5d7292216a96aeef8f215
human-00759,human_context,closed_qa,5420,context,315,149,0.134615,0.444444,e7a37c3d416975c078d83f105a2a377c683202afaab392af3e492800f4408789
human-00760,human_context,information_extraction,2055,context,188,117,0.005405,0.478723,f2467c1665467ef4844f2e1aa75a149d0a6dc3c06381ff338ba3db101d2dcefb
human-00761,human_response,general_qa,13003,response,181,89,0.162921,0.541436,29d3a89e5459eecfbf3dfd13b437ab59be37e9ca77107de05772970217c75511
human-00762,human_context,closed_qa,1312,context,184,126,0.0,0.353261,126e9e0d93d38fb38bf26acb30e195427f5bdd440e0c471f32fc3888e6c63158
human-00763,human_context,information_extraction,4421,context,159,81,0.025641,0.534591,963fc189b52055364021dd52d91e0928cf7686f6cf4267b1b97e1683382f5e76
human-00764,human_context,closed_qa,14373,context,148,92,0.0,0.493243,ebb3a206472a17d448a6715d9e4b4622bd8e960f041cfa35a71148576baaf9cd
human-00765,human_context,summarization,14217,context,223,155,0.004545,0.358744,40026a0ba43acee2301d8562c46dd5d08b0d6cc9b1b4da9b05ad1b01fd4c0070
human-00766,human_response,open_qa,9483,response,298,163,0.013559,0.416107,329dd659bbabcb0190770891da8866dbddf3b8ceef42942457f63e3d9cceebff
human-00767,human_context,information_extraction,5418,context,287,140,0.042254,0.491289,a90b2b919b4f053700a16e80410a398318c02c2d42438b0a7e6d9116d6023dba
human-00768,human_response,creative_writing,8678,response,132,80,0.0,0.530303,96efea88c3ee59ae38ad11cd9fe227607ed8eeae63074687c20cc629f3eed09d
human-00769,human_context,summarization,9956,context,352,200,0.017192,0.428977,54b2ba513967a581a8d1316b9ce32765b448fb4b42b26e0f89cbfe905d08df64
human-00770,human_context,summarization,12054,context,252,136,0.032129,0.480159,a5f24ce44e7afaa914a623a2e7b50009c63e43691363f53450ebd16903586dc3
human-00771,human_context,information_extraction,4743,context,504,257,0.02994,0.390873,e00e702fa6a0d439df24b340e8675106bdc520aa6a0aafe81e9677a97bd943f6
human-00772,human_context,information_extraction,3538,context,169,117,0.0,0.414201,6480b3707fe0a80c2518d3fdb31fcbc3ccc315e70ab854354361fd5bb5bfca49
human-00773,human_context,summarization,3638,context,376,204,0.013405,0.375,b91cb99df1bb95a401d26502be82940cbbb97b6d3cd0718f13221f878f2d0f8b
human-00774,human_response,summarization,12534,response,339,149,0.065476,0.474926,bca7d5e023ba6252a511e0ff1819cbe00745aeb156dfae05bce33ba959d3d3fc
human-00775,human_response,information_extraction,12346,response,135,88,0.0,0.488889,67d19997b8f4016225a047fcfd9c6ac12deda3649e273059c74b71ee60b7ea6e
human-00776,human_response,open_qa,10369,response,209,135,0.009709,0.37799,f61e7ee9a6ee829b0977df9a4e56795fa17aeae6300ce6fb9ec4b701ef4f9d3f
human-00777,human_response,creative_writing,871,response,133,77,0.007692,0.541353,0388729c451f50f228b2ed50fb0d11d9659f51e5a7efaeeb1461821497c29fd5
human-00778,human_response,summarization,1127,response,943,340,0.03617,0.42948,99a432403dfa09c9a18a197d6250492e770600ddcca75f00e295adb6db14b4f8
human-00779,human_response,creative_writing,14126,response,384,186,0.03937,0.442708,09f0debedfb1f14f35c3c33502963f7eef61e479ebd010fba56c7ab577eeec68
human-00780,human_context,closed_qa,9701,context,208,116,0.004878,0.466346,3760125bc2c83e27d4157eda36517e0382365a85fb928874536d28928057fa89
human-00781,human_response,creative_writing,6458,response,555,310,0.001812,0.363964,b2d9b43a78ea77de170162c9f190b572b88559496a7661164884088193a4faf2
human-00782,human_response,creative_writing,3947,response,275,172,0.0,0.389091,4c988ff5e27d0dd5cdc21aea844527b0294e97d6ec062eb26f5562ba9057826d
human-00783,human_response,general_qa,8418,response,557,297,0.00722,0.351885,23835cb3b9311e3421d100eb43ec5ce638f0802940ab16c2e0e90661140ae33e
human-00784,human_response,general_qa,6330,response,188,111,0.059459,0.484043,63fb9c4a803d6d496e16293de7607bb4c566ec716bf1633a2a1148a371edc45b
human-00785,human_context,information_extraction,2013,context,207,126,0.019608,0.429952,d9e82b2a25c72cb02a7e096131b647d8277c2587d237e2d3b734e4bf87161455
human-00786,human_response,open_qa,11224,response,132,88,0.023256,0.484848,bbb7c697a775f21ffaa196e110f216b75b9a8c0f4b5fd9f9817e706406c97210
human-00787,human_context,closed_qa,8835,context,696,156,0.067821,0.652299,fffef8f72a77d8d9827bb9620da40165a73eb03069210cb2c9635f3b1219f0ac
human-00788,human_context,summarization,11417,context,310,180,0.013029,0.367742,4ef3a2ed1fcdd70c6d8b7d17c4e7175617264d91b0187eaabcbb568df80027ff
human-00789,human_context,closed_qa,9586,context,1291,549,0.042702,0.379551,ec85c40c20c08ce6bfad332dee56aaf16f5e1c3a010cec96f75024d58de7a4c2
human-00790,human_context,information_extraction,14723,context,258,167,0.007843,0.348837,f676948817f8db3452c20e3b2175c9913a5f026991d2df3146bbdda178865218
human-00791,human_context,summarization,14666,context,1107,368,0.049819,0.401987,24d1f696e42b8c70d5af931ba7d951987bd232ed16b6cb9bfda2a5dd8406484d
human-00792,human_context,summarization,10533,context,484,202,0.024948,0.413223,7607e0a01774be44cbcd978e8aaf5465ad5e3b5d3b5af79e0ba9991569fd50c9
human-00793,human_context,summarization,4548,context,902,369,0.060067,0.414634,d14b00ccdc003e661c058a976ab20c8f9e6604a36b5c788393c7765a04e70067
human-00794,human_context,information_extraction,7317,context,328,158,0.024615,0.487805,cb4c16f8d629530c4bf3bdfc774718055c71f82f172dbf3b66e0bcac67e1984d
human-00795,human_response,creative_writing,8504,response,157,100,0.0,0.484076,2ee2d26dbe302c86ecc2427dee24d362a0bf84c93e7a01e98b194663111d85d7
human-00796,human_response,creative_writing,9949,response,231,110,0.114035,0.541126,add3f9bbdfcc40c3fc389793b93a19f1f0346c0b8a71bef185b55cd9e385d621
human-00797,human_context,information_extraction,1708,context,278,144,0.010909,0.435252,2bd1f31047f30c1aa429ce9dfe92e15a44d9d0dc0f6d72807865e38eabc46774
human-00798,human_context,closed_qa,2628,context,514,286,0.005871,0.357977,35805ef9a495afb5cd157d1e8661d0306bc29329c6979f46b6e3d6fc036b9256
human-00799,human_context,information_extraction,2277,context,487,208,0.092975,0.486653,7c1a477c3ecafffbefd57d1b1cc5b7c61bcbe333d86110d64833b3855b4c0112
human-00800,human_response,creative_writing,12506,response,423,190,0.004762,0.472813,c663a645ad6a15985c1d38d4ef34bea68f2defc35b51aeb4690d92b761055ad0
human-00801,human_context,information_extraction,8212,context,365,164,0.022099,0.460274,32dd38a7b21aa17a71fe1bbfde239a53362ea7040457df4eb764202677600ed5
human-00802,human_context,closed_qa,9188,context,285,129,0.042553,0.515789,1378fbfe9478e59fd4feb79297d0f561bab25941ad7a4a9a127bb0e07b5abce8
human-00803,human_response,open_qa,854,response,137,92,0.007463,0.474453,3ff61325b1089abda68855eb396af30ef456a3e5fe983009180bee73c0443e71
human-00804,human_context,information_extraction,6252,context,501,219,0.054217,0.439122,3713829c1481ad79f8db41279b6191b8a6420934c7626191ffd7856f708841e1
human-00805,human_response,information_extraction,3474,response,1059,464,0.023674,0.371105,048aa363c56eb3adf5da6fd93b91db145cba3d5cb0545b909a2234a8cc3822b4
human-00806,human_context,summarization,13585,context,246,122,0.024691,0.528455,b257727105ef6e5c489962b62670c135a2801a43a81c306abcd60c3e2378e5c9
human-00807,human_response,information_extraction,2452,response,197,114,0.010309,0.477157,197283a5a07f4ef3ffdd0643030942dea4cff4586af7a1b332faa78961ab2d68
human-00808,human_context,closed_qa,14474,context,787,344,0.020408,0.397713,4f94baf71b0e1b3757484ed1446e3c90775374c07dbec8ca4352460c5ca1ba10
human-00809,human_context,summarization,14404,context,308,150,0.019672,0.444805,1167fe94f26c1c4626e78d2edb77bb3bdaaf4929716dace7a249cb06f60b3dd1
human-00810,human_context,closed_qa,2594,context,250,147,0.012146,0.448,8310a3890ab6faa14d8da1d2f0187b97ceb0e9150d37d0f0f9b6ea2dd6626a96
human-00811,human_response,open_qa,3111,response,428,233,0.0,0.390187,9424cf07f9330fe12dc2e47a479507f75ac7ed4a982fc87b8e9cd0acb4219d4c
human-00812,human_context,closed_qa,13452,context,343,172,0.026471,0.425656,bc99deac5d38866bcada70e49b5d67da49c4c0f1b50e7b7aa16480fca5c63fcc
human-00813,human_context,summarization,40,context,702,331,0.031474,0.391738,7bb57d5a882ed9ca91b55b85098109ad34b3181278bd5d7cae02372a3f8e78fd
human-00814,human_context,summarization,2124,context,162,105,0.0,0.475309,32ecf7ca9aa4738be29eae74e9f6da9687b8fd1cfe4cd791d03307a6ccc8eaac
human-00815,human_response,open_qa,4496,response,215,114,0.0,0.488372,b988970387368016d159ac42abfc571e81f6132545f7a3fda0b5ca9064394e3c
human-00816,human_context,information_extraction,4439,context,133,74,0.0,0.578947,e3fce98401a3cf0d26c75c686e8e4bbd59b6816e306e7dd41d8896ad124b41ff
human-00817,human_context,information_extraction,5490,context,220,138,0.018433,0.372727,ae63b28a0cd97e84b781e2d48af89ba47a4adce7210b685e1eac4de677529507
human-00818,human_context,information_extraction,6309,context,187,114,0.016304,0.438503,dd8217d9d7b33828367f661c30d1bc95e4fd552ef591e3db51e8e46cdf09db6f
human-00819,human_context,summarization,9315,context,131,79,0.039062,0.534351,a42bb94b29e29e847e01d6c19ef3bcf05f7e65eeab37ab85548399b450493ac5
human-00820,human_context,closed_qa,7602,context,291,150,0.010417,0.412371,b636d8367c35558611db6d96d6c0f4055640873bc672219145a75fb857a54694
human-00821,human_context,information_extraction,1733,context,326,150,0.086687,0.509202,6a48be3e7837f074d368bee048e18e5155cb057439e8e600ae37bfe1daec8e59
human-00822,human_context,closed_qa,7813,context,140,99,0.0,0.435714,91a9ca4f504e6baef8eebc9e7a6c0d2d4e8ea67f5055eeba2b62f4305d48a769
human-00823,human_context,closed_qa,6735,context,160,84,0.006369,0.575,cb7ff04319ade09f4364d65811d22e50071cf9ec9722eb74849b17f99b5ffdfd
human-00824,human_response,summarization,6834,response,148,108,0.0,0.405405,62f1bfb6aab68483f13b1e6b66dd3787a620ea5027c203e32b575fc54adf3093
human-00825,human_context,summarization,549,context,678,313,0.008889,0.423304,c55b88299f299d3f376e8926838083ccf6882d77d8104c99140ce46fd15cc3cd
human-00826,human_context,closed_qa,6438,context,168,97,0.0,0.52381,d381f156cb3ad74b71f7d2900badf23faead5f9189c193ad08b0da9ea3ea7f49
human-00827,human_response,creative_writing,5786,response,737,359,0.002725,0.36228,9070c18c2f972547b2a30266d613a318d752ed0ed98d60acd885866fc702b418
human-00828,human_context,closed_qa,10506,context,146,88,0.013986,0.479452,b71274a4813b640fe7386b3bb50239e928bf16735c18a9aa1a7a71f089ddf698
human-00829,human_context,information_extraction,1976,context,183,94,0.011111,0.540984,d79dd7db73df3c373cf50f255537ca2189bce85b800bd78231193d129d27ef3e
human-00830,human_response,general_qa,14374,response,170,105,0.017964,0.447059,972ed0f4e187f69a86761af37ff06a48ae333a2767a967adca7e88d1ff376069
human-00831,human_context,information_extraction,14163,context,188,110,0.005405,0.478723,380ea28024592535451d1bb72d01412ee21338b8d515e91eba13f7f14d88b07d
human-00832,human_context,closed_qa,3291,context,179,99,0.022727,0.469274,ae0dfdfd5f7290e21840d2dd311791d9f1f38eab227f9fec32568fd966c8b040
human-00833,human_response,summarization,1425,response,183,99,0.0,0.540984,0efa8734741ec2f151aa339d05d9b1872b477293984640e9768b6764b9bc4059
human-00834,human_response,general_qa,9864,response,158,94,0.012903,0.468354,998cd9b3c3eca61d4ce41599bec973822ec3ba2d898be9553bd94713fba05554
human-00835,human_response,general_qa,1794,response,438,236,0.016092,0.335616,32d2d29da94ff54bd4875d0a67bef70382d21b9aa95be27221ff7f22a459b07d
human-00836,human_context,closed_qa,10931,context,189,93,0.0,0.518519,077a0b0f1a77029b642d7d6c3b651c822fb19c13d30ac61cb586bd738c62dae4
human-00837,human_context,information_extraction,8775,context,526,268,0.043977,0.385932,095be4bb0394afb8b75f8ce2238bddb0218ef10c0bf112e1a858e9543a2db78b
human-00838,human_context,closed_qa,5460,context,307,147,0.029605,0.439739,bd139abb911e6ec0ad58cf27660b2ddd32df737c6d9e457a6e2a630b741be7b7
human-00839,human_context,closed_qa,7701,context,191,100,0.079787,0.471204,63048268f19ebae0076331003ab5acbe32dffabfa31bc00d6ef5d355ace528ea
human-00840,human_response,brainstorming,5963,response,184,109,0.022099,0.516304,8ed1090730a464faa014565d776b5553cc1ad97433a98d8ff312131957fe0edc
human-00841,human_context,closed_qa,13569,context,319,171,0.012658,0.413793,b0924e9ffd31095ff71a4028f1c6fc76c814d1764371b76993ba1cda09d1418b
human-00842,human_context,information_extraction,12400,context,521,249,0.046332,0.412668,091c4cbcb0e0fa8952dba7f02aedad1488c60e7a7a1ed0fd0affa8ff274d28cc
human-00843,human_context,summarization,14706,context,175,91,0.034884,0.577143,5a1ebf82cb3777f5d209e08b6ad7dc99e46e01a4c5603da968bca5ab1a025b19
human-00844,human_response,general_qa,5658,response,185,97,0.021978,0.47027,40069cbc20767fb2136142749a7af3f4fcae9f118dd55052cba6e1be8f6960c0
human-00845,human_context,summarization,6074,context,233,71,0.291304,0.665236,d391e1ead1488ef1448bd62e08e0afbbe1c0e084a2b66a19937749ae9134dae5
human-00846,human_context,summarization,13460,context,271,185,0.0,0.313653,1bf71a75bc3ab152e8fbb1b0256663e65c03ec24d8cfab34aafba5f8a586f590
human-00847,human_response,summarization,8107,response,203,119,0.0,0.44335,e9e937a9370986d9f1411869a8eb6258dff7a826f1542cacec5bc6e4020c19cb
human-00848,human_context,closed_qa,11023,context,153,103,0.006667,0.418301,85d26c540df8414ead15350af40ce0c68a823bf9102bf319d72967a84939a76d
human-00849,human_response,information_extraction,76,response,1817,754,0.041345,0.309301,ad19f7f0151f79e44fba9e0965fffc8043e86b7f485a94892c2fbba7349f2c91
human-00850,human_response,creative_writing,4231,response,192,112,0.005291,0.494792,14cf2fcd89775c292d9f68d397d410ae6204b086b06292d15a982711b04c23bc
human-00851,human_context,information_extraction,13642,context,340,153,0.059347,0.485294,f27a91fd7832a99d5b03bc80c9a9525dc9af89d197430b10e87b3c46deba6179
human-00852,human_response,information_extraction,13599,response,842,366,0.034565,0.388361,7e944dc959be1e212bff1637ba6d91a9af1611c5ad856e012dbf647f5a0d2401
human-00853,human_context,summarization,5607,context,426,234,0.028369,0.368545,c468cd8d564191a24d29d8633c31cf0c3ea181d30bb59dc20ee8eda137fc040d
human-00854,human_context,information_extraction,9441,context,229,152,0.0,0.384279,aff0141cc7650b3b7d204db1202e48ede7628f59a415718bc71e6361a172beb7
human-00855,human_response,brainstorming,5309,response,142,93,0.007194,0.485915,d3adb88fb9d8aa25c8548fcef9c09f9f092953bebd8a3d36c0dcc3b80152e0ce
human-00856,human_response,general_qa,11221,response,183,117,0.0,0.437158,db466892d10a4317f0d67fb04b49b5c380cf5cf58a1ce875e8ca398f1335629a
human-00857,human_context,closed_qa,2754,context,372,198,0.059621,0.400538,b3a0805d4c51d67c04371d7122e7c29263559cd65b578c90d60ecbc8d064eda2
human-00858,human_response,general_qa,12763,response,152,92,0.026846,0.467105,0529d7fef0d4b006e8d29792233d810e29a3773745144c63e6f73ce6ff978f6f
human-00859,human_context,closed_qa,11335,context,748,403,0.002685,0.318182,a910728a142658340c0ccbeedea104d909b83a71045d0b812c944e79fcc940ef
human-00860,human_context,information_extraction,2999,context,762,322,0.048748,0.392388,6c75861614bef6e1958a6e1fec5c086a706b578f303b34a3270072dab48570b4
human-00861,human_context,summarization,1870,context,280,141,0.00361,0.467857,2629a0b225df1408e5ce3b3b83db729f53520dbfdaf8dad4f339562ad7e178e3
human-00862,human_context,summarization,8421,context,209,137,0.0,0.397129,e059a71e38194295787c3fe155bc2a16e6b2946b794fa0874ad809fc49c10e78
human-00863,human_context,closed_qa,1912,context,222,133,0.0,0.445946,0e59009caf60554ae9c8c5191f5ff615eb8b4dbfaa82e25d7e32aee84137f94b
human-00864,human_context,closed_qa,3183,context,173,87,0.041176,0.537572,a0ec1863fbd4f3e2180802100e53a4840e4eaadaa44e14ddda1e893e169a3795
human-00865,human_context,information_extraction,11010,context,582,290,0.005181,0.42268,d87e1856594fcfe217570a29ca56534bae1815e070470a876d93b6ca6f3e75cd
human-00866,human_context,information_extraction,8880,context,256,129,0.011858,0.519531,c2bc1972048507b45e39315cd8a58970c432eeb4cff359629942af17e661d4f1
human-00867,human_response,information_extraction,3715,response,191,107,0.021277,0.486911,a200ae7eceb32b745bcce80cfc868d6110391efdf49d7acd9ab6d89c3abcbc10
human-00868,human_response,brainstorming,12937,response,232,142,0.021834,0.439655,f9b5e216711babf3e15a77d3997881458e47f4ddc9ffe29203c8c0d25c442ff1
human-00869,human_context,closed_qa,7642,context,490,222,0.022587,0.430612,dd80a613b74706fb67971faa893fb835b2165e129aaeb1e135b2ea0b7640b695
human-00870,human_response,closed_qa,10658,response,193,111,0.005263,0.455959,05983af1c6abb15ea0d0ad556d817fb82c2493cce05070c4e70e6a3834cc4a70
human-00871,human_context,closed_qa,7046,context,330,195,0.006116,0.363636,d51a0b94785344444b41b103d851726b2084ea03a01dc978c2c982fe0e8bae82
human-00872,human_context,summarization,9940,context,160,107,0.0,0.44375,06335ecf20d739765c8ed4d5fa96a78b82f23e7d41e8698bfd5502387cdaecd6
human-00873,human_response,general_qa,1006,response,169,100,0.006024,0.455621,e5a09ab0d2eb6eeaa15448170368e68d681dc1b709126fde7bae44db29db304e
human-00874,human_context,information_extraction,3550,context,251,149,0.0,0.430279,3a849bfbd40699005a0b8f218968b28b443d3a846fb7ecf788757898517bd162
human-00875,human_response,general_qa,1701,response,138,72,0.022222,0.565217,6a9c9f13366cc4e431b2c7c3b52077363ceafc625bee450a124f9a26c0f2edb1
human-00876,human_context,closed_qa,598,context,133,89,0.046154,0.481203,9404cae0b65fffa299fc8e5d46bab65dd27ef9acbf67bc56037fecf5693c97ed
human-00877,human_response,general_qa,11900,response,478,259,0.014737,0.357741,77804d2f1223c4e7e898e5f32db45a78a3197b324e932ef485f62db2233c853d
human-00878,human_context,closed_qa,6995,context,236,147,0.017167,0.402542,62896263b3dc65a6739997f578c628d1a80f10f27a94c071a370641ddbb19eb6
human-00879,human_response,creative_writing,8307,response,194,115,0.0,0.438144,878fa867cfd43a42d10c0b2339294d0cf347a45257733131575213272d3c3b25
human-00880,human_response,closed_qa,7020,response,147,91,0.0,0.462585,5335babeca03974810e796c4dd6aa181944ffdbf243b8708f1153a209f7d9954
human-00881,human_response,creative_writing,12334,response,271,140,0.003731,0.424354,c0574872a923ac338c4d22f46b84f6b37808da87a33acd00f8c99fa5d86149b3
human-00882,human_context,information_extraction,14715,context,183,77,0.111111,0.622951,74c0c25706dcfc2f2b3567dbea94d0d40fa850275fc8dc6482211c6be4ffeb2d
human-00883,human_response,general_qa,9024,response,144,99,0.0,0.451389,1259a0d979388a7598b753e1568fd51f9671652deb7df81622fe043f83ab7b08
human-00884,human_response,information_extraction,2343,response,139,79,0.036765,0.561151,c17cfdfc2684e853912b4547b82685a7c787636e063893d88e0b5ce5f5074e0f
human-00885,human_context,closed_qa,471,context,173,129,0.005882,0.369942,8a2de1e4796aa1faf3945d025be34978b2a1688ca5902a7c750b5e4e9b3de0a7
human-00886,human_response,general_qa,3269,response,153,105,0.0,0.444444,fc209cb981eb72425b16c91d03a3e4655696485d98ae546f8465a0a808aeb4e1
human-00887,human_response,general_qa,4131,response,523,248,0.026923,0.416826,b17158652f494dd121b891a2bc57d0d68032d3531304224a2fa2b9fd466fe95a
human-00888,human_context,information_extraction,7853,context,193,103,0.026316,0.487047,e330f0042cf96ea672a34b784573d545926f42cfa93ffb8a3213cbf59d63a2b5
human-00889,human_response,general_qa,12000,response,191,103,0.021277,0.539267,28571a92f11e04ddf3042cbe230f94caeeecb2764723a5c7bc388f1dce45843d
human-00890,human_context,closed_qa,8018,context,280,152,0.021661,0.442857,da31b00e33b0e056ad66000389d4c08ba60c2f8b5366b77d5bf7ca8fc7c6a0fc
human-00891,human_response,general_qa,9289,response,297,159,0.017007,0.434343,c37fe55a884e68da6f8cc749e2c114806422c9625b4e9e4e50042e52df0451d0
human-00892,human_context,summarization,10071,context,1121,402,0.047406,0.382694,b8675330c3f77dbe56fe183e168ba4a25a3db68a9a8e7df92b0eb72aaf516564
human-00893,human_response,general_qa,6650,response,137,99,0.0,0.423358,0e23133742eaf3aad14ab561631c725b7e5d462f33ba01fd4bf89890fa8bef6f
human-00894,human_context,summarization,8503,context,145,89,0.0,0.496552,97dd838dc2c5b19c1741660e26c1cd5c6159ea101dbed49bf19f478484ec8cf4
human-00895,human_context,information_extraction,8554,context,510,223,0.039448,0.458824,47817d2cce8f5011ca96544ba4dbb7b3f1ac72aab5547b526313bc3ee2d574b9
human-00896,human_context,information_extraction,3561,context,182,108,0.005587,0.450549,c4b42a3852cd49728ff90e2c01f4cf7f844789cfb71b963d0f3efff91c4235fe
human-00897,human_response,general_qa,3650,response,150,66,0.122449,0.64,2233187796ec0a2eab00d656d76e087ef5b431c5078cb6850f3bba9213117d48
human-00898,human_response,closed_qa,7711,response,144,88,0.035461,0.527778,9f55c9c95a06687a5c4fa55ef0977c24f1488333c8bf56ee59ea6433cc2819dd
human-00899,human_response,open_qa,2312,response,146,85,0.0,0.513699,7a4675c60798c0b190a6fb1252655b24a1c513882a7a2c8fa2c701d6420ae459
human-00900,human_response,general_qa,624,response,174,100,0.005848,0.488506,de7703cba9fc01a2f57545c511d5a5255b826b348a62223326dd554ef6ae87d7
human-00901,human_context,closed_qa,5550,context,1253,431,0.0616,0.442937,9a3cc44488b5721af9e23132f176854aea93a710c92df7791fe965cac3ca569c
human-00902,human_context,information_extraction,281,context,358,188,0.030986,0.446927,02435e2ca7bb3698adb592a2e91dec39e90b8531bf0ae8c77ae736bc6cdf8be7
human-00903,human_response,summarization,11104,response,290,177,0.0,0.4,d83eacf4e88f5b6b1b28018a8d811a5ffc02a5f6fa7071134fb438463e05ad66
human-00904,human_context,summarization,9031,context,284,168,0.003559,0.394366,329dedc5afacd81ab4f998951b2592b959e3ed3967156b18656fee02f41a1252
human-00905,human_response,summarization,6673,response,151,97,0.013514,0.430464,9d77fe9f20017ea3104f52b7dc257d64266e0a173b252b39a90dc3d9f291fe2a
human-00906,human_response,closed_qa,10472,response,131,98,0.0,0.40458,2a724f10be16dc3782713cde3ebbda1ede071b789e366d6377ceedaa874b3a35
human-00907,human_context,closed_qa,1939,context,392,162,0.046272,0.515306,744ebbd1e81438ffb952a97d67c51d69f3847a129f098d18eef3abd2c9ef3060
human-00908,human_response,creative_writing,864,response,249,153,0.004065,0.413655,6b519aaddf5a4feb5ddabbaae1407ec6697e90d629550189dccbcb61d4be5e67
human-00909,human_context,summarization,14916,context,227,112,0.013393,0.506608,a3871d5c1d62ec6edd273e251c074f184edae8a02a687f034e58270c4b27bfca
human-00910,human_response,brainstorming,939,response,162,100,0.037736,0.438272,73f4ac7dcb2ab083544d491ab22a383e548148b626624156257068ee68392870
human-00911,human_response,open_qa,12227,response,288,157,0.02807,0.461806,ac4d0c447ed9d6f64904a8868b065cf9411606e8995fe9cd2ee83bfd9f74c346
human-00912,human_context,summarization,1244,context,177,110,0.0,0.446328,63aad2eeed618b5faa2cb41cc0da54c188ae15db52f7a94fbd6ce92f0d21936f
human-00913,human_response,general_qa,472,response,188,117,0.005405,0.446809,8fe7cc15201f927600d00d9fe440d1a1b3c859ee8b974e11bb2712b7d8c9f9e7
human-00914,human_context,information_extraction,9121,context,190,103,0.016043,0.478947,94facc3ddcbab7e575ae269b0e137682358641fef2251e9dc75be3c4389df7a7
human-00915,human_response,summarization,12162,response,164,97,0.0,0.457317,8cc3bb66f3b6d5327d9d5a0bba6b7e459519599b6726e1b78544979a96d6a564
human-00916,human_context,closed_qa,11817,context,157,115,0.012987,0.382166,e53e959f679f3bd9e957993218449a5b12e0806ab58c26314a4397930404b5da
human-00917,human_response,general_qa,12406,response,215,108,0.009434,0.52093,8f172d6073d738a9532e77729aaf0e283b43155a96ce482279eedf9c7ad48f6c
human-00918,human_response,information_extraction,9300,response,187,117,0.01087,0.470588,4743b14f6156a7f32b19eec708e8b0b38aa28244f8cf93f737cdb6785c2e50e7
human-00919,human_context,information_extraction,10880,context,507,258,0.025794,0.447732,c2a426d3d1b5e989e26f8fe74ed1dd2fe958d121a97c39c47776e2c17bad68bc
human-00920,human_response,summarization,2127,response,148,105,0.0,0.425676,b5b10eae81cd38741730cf07b1c35860d8713c81b2632a59c279aed9accaaaf1
human-00921,human_response,creative_writing,2650,response,250,151,0.0,0.396,fdc758f8c18be7d95c6e78f717b4bd6577539c5ba482057c96d3f6cca3833ae7
human-00922,human_context,closed_qa,14221,context,607,289,0.008278,0.418451,9786d252418be76a4c27010de2ab6cd296e94f53f594cfee3f7e8529e43d5269
human-00923,human_response,classification,11272,response,520,219,0.059961,0.432692,0b31d1af9aa58637ccadc9a621c430daf2cbc52058d1e5052f22c430fc0d2ae6
human-00924,human_context,summarization,3681,context,167,107,0.006098,0.437126,9007ff1a241293e22a3ddaa8a4b6d251d13bfa7ca1625740c8e17467a242b7a4
human-00925,human_context,information_extraction,6382,context,207,99,0.063725,0.555556,5a73fae954e71477715d12c50a6cda97bf129d9accf36e00660f1a8a86b92399
human-00926,human_context,information_extraction,1574,context,130,76,0.047244,0.569231,eeca3c691bbaa250602f1a8d8beb99707ab32ca5763d18cf40c91a84ddf730dd
human-00927,human_context,summarization,7551,context,182,129,0.0,0.401099,30088bec7d7a9f4c053ac15fe5f5d60200b7ee3adc1b2beeeded621258d3b0d2
human-00928,human_response,information_extraction,8539,response,153,103,0.0,0.437908,93ac41b06345dedaa272be11f25a5b8eb558d1232e51013d40f90e538bf85b7e
human-00929,human_context,closed_qa,8390,context,217,139,0.0,0.368664,6dd7bb0f64b466008bb93c7767baab7eb6b4afe4aee7fa862431ced19f655d35
human-00930,human_context,closed_qa,14877,context,129,82,0.007937,0.51938,fb9e064673161996953977654c2d0384298d3877847a0095c1a20a0862559335
human-00931,human_context,summarization,11790,context,358,204,0.025352,0.379888,ea3628648c51f67646d52c777aecb4aad7a0a845efd96468b4d6378f4e0be49a
human-00932,human_response,open_qa,5200,response,206,122,0.0,0.451456,b6b47d81b3b049713b4695e2741d4f03f989b339cf9612a3603ccfefee578824
human-00933,human_response,information_extraction,943,response,479,63,0.357143,0.841336,a5a013b48d6e11e243235bf014f2b4b5781090de0134622b804237cde351cfd6
human-00934,human_context,summarization,3189,context,249,128,0.0,0.429719,0e9885e5aec9763601b96d7db5b262655e946f668ffe6a76f0daa8b1a4e1a583
human-00935,human_response,general_qa,3744,response,157,92,0.012987,0.496815,cc40e065d04cdc5b14d682229f1d0d2267339b806d1cf653070a1482cfd7d398
human-00936,human_context,information_extraction,1095,context,174,118,0.0,0.390805,3ba644a7df13ddbdbd524e2008f1c68456d9c9c12924424b2df57eab44eef592
human-00937,human_response,open_qa,1279,response,171,109,0.011905,0.450292,8e64887bf98d0c44090182cfb2d0a778e2a0e81ea29a0024547000ee506ac418
human-00938,human_response,open_qa,2683,response,138,63,0.074074,0.666667,c29eb89612d856e79011dd302c342bc002e4ef78bdbb07eac9aac9acc432d926
human-00939,human_context,summarization,10993,context,221,140,0.004587,0.402715,41235a1425409e43cee5345189a49a59b8962675492eafb780a3cdecab7c2fa4
human-00940,human_response,general_qa,13778,response,156,88,0.0,0.487179,c2c9f3395fe857af2142bf1ff23dd3916410f44951208c2a45e133a8044fc753
human-00941,human_context,information_extraction,12404,context,1536,333,0.291585,0.636719,954bc4e91cb773610dc137fbb68da75fb8de10131da4c8f979b2b1728809828f
human-00942,human_response,information_extraction,14033,response,303,139,0.043333,0.491749,3f636193b2a8547b4f2af4c16df90c79a1f346a09d6295c7a552290504686f2d
human-00943,human_context,summarization,13698,context,199,124,0.0,0.432161,5a2386947c5ffd3ef22a353a0e190895f80187f58f7e61f45633390cc9557c2d
human-00944,human_context,summarization,9570,context,210,126,0.043478,0.428571,50e1b163660efff499bf5f178e6c35f6d2c28307505da280590dd9d132d916b8
human-00945,human_response,closed_qa,5915,response,167,98,0.036585,0.497006,5118710a9932a36ff350631302f6296d11beb78450db24d850aa3caeae1dc614
human-00946,human_context,closed_qa,2214,context,153,80,0.02,0.542484,2ce4163d5a929d1d7588c6639de7198a1249aee452832575b3e09fd6886fd400
human-00947,human_context,summarization,2111,context,128,80,0.0,0.53125,fbe7224f4d7534a9dc123735805393c298fb6627fa72a4e3e07a327a812795eb
human-00948,human_context,summarization,9395,context,128,77,0.064,0.554688,c82b231b15d87d8839cd82eaee7fed6eee84cef0eb7b4a81e1355ad19dbb0acb
human-00949,human_response,open_qa,4529,response,128,72,0.008,0.59375,f8f8acdf0a5528a8fbde27eecc306bf5eb6d90584eb6302a0418e87b31de2b1b
human-00950,human_context,summarization,4468,context,330,194,0.018349,0.348485,7b528420cb88e455538a5b784adda78ccfae1950a69ae0f5daad77121c7c3938
human-00951,human_response,brainstorming,12551,response,573,190,0.12807,0.446771,0f6995907df33d025d71819beb59379abe34bb895c413ab52683fa7f6cf937a4
human-00952,human_response,open_qa,14145,response,188,76,0.064865,0.648936,a01fcf2cb528db1c041d2e81c25eb7718aeea8754823a85d0373d21ed5c73ac9
human-00953,human_response,general_qa,11471,response,228,129,0.008889,0.434211,9cd145298fc2bd6632f3c7b74209d2ba5ad27b4a51771f7133b4cce55b20dcce
human-00954,human_context,summarization,4860,context,128,70,0.0,0.601562,10eddf983d6b3a61fc49bcbfd2062d44620c3aaeb1df25e00744c3bdb1559bf5
human-00955,human_response,general_qa,5447,response,160,98,0.0,0.46875,bdcd9dd7ce206a46f3b58477d06a2f79b734d3720b0a15bdaa73f6eb771dc1f0
human-00956,human_context,summarization,9791,context,335,181,0.006024,0.4,70081f8728eb299046447ec4ce5d28f429ebd75f070db2769c15726e19423508
human-00957,human_response,creative_writing,8309,response,476,214,0.012685,0.428571,c38f04b26ee8451028dd369755e1753e4709ae339d823a850d980002d2029406
human-00958,human_context,summarization,14382,context,421,230,0.011962,0.384798,51736540b6ddd0c532002c04e559112cadc840abb5d19fa7baed654f42235af2
human-00959,human_context,closed_qa,1260,context,299,152,0.003378,0.428094,4c200a8d27814fdc738de7cc228017e5a674750abbf16cef45d0d78d911feda4
human-00960,human_context,information_extraction,12403,context,372,199,0.01355,0.446237,838c8a13bb6c49e4cacbc11114ab960b9f56d99f88360fabac7bceaf2180c65e
human-00961,human_context,information_extraction,959,context,226,125,0.008969,0.442478,c737cf2f4f0523969da56a59183890d0aeb89149e33cc4f37d9abc2d043f8ec0
human-00962,human_context,closed_qa,2555,context,143,96,0.0,0.468531,d0564419103a305a0da35c243a79d4c6d6e3c165055f5ab5e0aec53fc4648bcb
human-00963,human_response,general_qa,102,response,260,139,0.003891,0.476923,cc464c755eae7d5062c275cd7562b7f3cb51c6f8564d3ed82cb6f543da6d646a
human-00964,human_response,creative_writing,12015,response,344,166,0.02346,0.427326,be5a20f83a718229a62ad1078fcca34b62557a3e3e8f99ca7c049f576d48bdcd
human-00965,human_context,closed_qa,9859,context,185,111,0.010989,0.443243,66f0b6d83213c4bdaba5feb348d9c8b3405a680cfa6bd229a79941d198835187
human-00966,human_context,summarization,702,context,484,262,0.027027,0.39876,fe0a5ec6665254e5f03f812db05f43c2f4595480389ee93d21101795eebf5118
human-00967,human_context,information_extraction,2908,context,331,142,0.073171,0.507553,6a54dde2b216fb51b62f7304cfd20f547ac2921ffe9731b43ab6b77d963ef804
human-00968,human_response,general_qa,12106,response,476,199,0.031712,0.487395,20f6a22e14b22a58e1c4909aaef57a05f021d0428f3a61ee7fb301b8ecacf4ec
human-00969,human_response,general_qa,14061,response,149,91,0.0,0.489933,a41d2226dcada5aa3baeadc35d7fa67cf67b0873ea11ca755170c692161e8e1f
human-00970,human_context,information_extraction,14166,context,376,197,0.061662,0.433511,80ed41d4fd4999d086b09ce9fbe010865f224f23df7eb96a991c9aff39136dd4
human-00971,human_context,closed_qa,9195,context,334,174,0.021148,0.41018,5ac7e0908ec007ea9a26b2cd97da9a3175d064d902318e49b49feb8f6bf9e9a2
human-00972,human_context,closed_qa,5057,context,500,202,0.06841,0.478,080e23be928f19b3335d61922587aaea5b62e7f66cfa140e448e27d1b355ed55
human-00973,human_response,open_qa,10856,response,218,112,0.037209,0.477064,da604b8fe1f039de2ac0e74547bd378c4326730b0414e6e4c515fef6767b296d
human-00974,human_context,closed_qa,9392,context,225,120,0.004505,0.515556,ac8c1cf06ad47d389fe282c95a616015557beead677eaf236ffd9cb5ab83c891
human-00975,human_response,open_qa,10911,response,133,86,0.007692,0.503759,582c433bf66cd9e207215dd826410a91f626aa8877fccf59382937fbaad7afc7
human-00976,human_context,summarization,1014,context,269,166,0.0,0.36803,6549f4ff8098fa19c2f115a768535613328f918fc089c4b5817249095956ab3c
human-00977,human_response,summarization,13035,response,163,100,0.0125,0.484663,fae3327a6dd2f286ba0bbfdade576f826343def23e0afe33dca1bc3ceb2ace10
human-00978,human_response,creative_writing,10350,response,462,211,0.017429,0.424242,9d8b3a96452a21e98229753449583b72213f54b26cac27d1137a0aadd3557781
human-00979,human_response,creative_writing,1417,response,237,149,0.004274,0.421941,aa2f295c13230863c62ccdc26bffa5ad00d88d2038d2e9d1540aa7f4c0b6cea1
human-00980,human_response,general_qa,3836,response,134,91,0.0,0.455224,dda17f940836fa68a4a5377ca7897bfc3cb5c45d1d6bd5402faf9dc618dcf512
human-00981,human_context,closed_qa,13648,context,184,106,0.033149,0.478261,6b5b926e6b138bb3e3cc45999c3b0d14bf1966a76348d094af9ded0abf1c08e8
human-00982,human_response,general_qa,1785,response,299,156,0.02027,0.461538,71d6e4d18b6079bab55377c9ecfa1546f566baefb2d47701c8eac702e99b43d0
human-00983,human_response,open_qa,117,response,281,157,0.014388,0.434164,b7c84d5ac4420c8b1054fa36d0d59957799aa5f6fa9c00672ed090efa2fb9774
human-00984,human_context,closed_qa,6096,context,293,182,0.006897,0.375427,f32a6518560ade15fdff10565cabd4184e75b4ed257a63edb55af59300d95735
human-00985,human_response,brainstorming,571,response,135,90,0.015152,0.451852,e2c4e082e48cbad2f5ddcfaaf41720d77642c9ab15d82ccc57a53274efe04b51
human-00986,human_context,information_extraction,5080,context,349,178,0.034682,0.389685,1e0e2b2c306ed7fc7f7a3c3af618d6f49b3451bed47a7a43eda3ed99b3b696d6
human-00987,human_response,open_qa,9606,response,131,65,0.015625,0.610687,faaa965f9b9da7eca19ee16bad6e34b7f583cbda553d0099c67b2944f9e6223f
human-00988,human_response,summarization,13881,response,198,106,0.046154,0.525253,baf3e7aefd4e2ccbc38494725bb01f757e9a80cade8664535477a27a2b1a073c
human-00989,human_context,information_extraction,11733,context,141,99,0.0,0.432624,8eddfc0b3ce5ad4c2bc3103881aeae29a9e2e51a771d1710dc30a128942574bc
human-00990,human_response,creative_writing,7242,response,229,133,0.0,0.427948,9df82880b2e1fdb7acac322b4ffcd57b3d2d0cecba415893df3c43ca8bbc3bf1
human-00991,human_response,summarization,509,response,128,68,0.072,0.507812,b1737b0a083b04512abcf3019e8b2e3922c9bc209ec569126b609711aef4f717
human-00992,human_response,general_qa,3870,response,474,217,0.008493,0.43038,aa0d799a071db52c1523c6529b19b4ddb87e6973dda9cd151092ceef87b60e1c
human-00993,human_context,information_extraction,2729,context,254,134,0.01992,0.42126,deff66233b305d0d8220b2c5ade6f3ccbd7b9a343ac4f3e52edd5dda68316b2d
human-00994,human_context,summarization,3267,context,352,139,0.080229,0.565341,7b2ba3543353c65aed59da0e209d6e412aab4dfad9475e687f3b9d6bd54d2ea0
human-00995,human_context,summarization,14168,context,217,132,0.004673,0.419355,d70b28e57e33548ce89fdd7e58e7e79bffae70620665ae6ce4b6bcae6f7a863c
human-00996,human_context,closed_qa,8291,context,136,90,0.0,0.485294,68aba9ba6260401578605c36343948a195c3bb3d1419627c521101629c7dca61
human-00997,human_response,open_qa,7308,response,180,108,0.0,0.466667,e7c5cf8d43d1037b11392547246e7a031b3e8b28a049731eb12df866acbbf53d
human-00998,human_context,summarization,12511,context,134,95,0.0,0.440299,35f2bfc8bc9578b9465f1b80ea1f2227549ebc3a7ad681854c20fc57b486fd80
human-00999,human_response,information_extraction,1747,response,637,273,0.031546,0.408163,761169e842bae01bb0f3e01f614b05aebae9f6ecc0a13810b8ae14aacb46a581
human-01000,human_context,summarization,7967,context,252,149,0.0,0.440476,c317cf0bb69dcc7d0b9b0db9b56d5fe19ee6103bccb63607ebccf31dafabda82
human-01001,human_context,closed_qa,12520,context,154,88,0.006623,0.474026,ccf6deaf652cd5795f0732f75eca53db4d55caac253618ae10d8a3708e36babc
human-01002,human_response,creative_writing,3051,response,131,79,0.015625,0.526718,ee26ce92f806cdad409387c4e3ca682bd5cff471a860666ff9e72e86d8c78f83
human-01003,human_context,closed_qa,13866,context,212,138,0.0,0.410377,f93c2664bac0decb6874ed26fece19867dc64e2261ca448bdf9e7ed3d9177afe
human-01004,human_response,summarization,12244,response,151,96,0.033784,0.437086,057e53553e8eedc1f36de4677d5983404741b9b482605b1f43141eeca959da96
human-01005,human_context,closed_qa,7518,context,496,208,0.024341,0.457661,ba41974e9be26bb72ebb8a8fb48aaf082bc06007213184a954ab67f64c1c6c00
human-01006,human_context,closed_qa,4446,context,185,103,0.010989,0.513514,baa47982cf9852817b561d8738d3c768cfd79ba1e4a2ee758400f1b7764b990c
human-01007,human_response,general_qa,10784,response,226,124,0.0,0.446903,de3fefb93638cb961addeaefcd189855073c7db6d407263c0112e569aa51ca20
human-01008,human_response,open_qa,11831,response,173,114,0.011765,0.421965,64c516be87c8dab35042760de428180f03f23797869c6bfc1c5c8f1cfc9bbccc
human-01009,human_context,closed_qa,9779,context,508,200,0.093069,0.494094,eb92fb2da469430e4ed8638b04c9875e9d185960ffd16b6ee91b04f0757859f8
human-01010,human_context,closed_qa,4384,context,132,82,0.015504,0.469697,0fb324f8fc4404b852e793f06ec2c6413e645973ba90d593bf5f41aeea947fbe
human-01011,human_response,creative_writing,9908,response,363,193,0.011111,0.407713,077b63bf2e3e093ec75e88c9daa768ec7ae328cc7d68386602dfbc325e03853e
human-01012,human_response,general_qa,10327,response,182,126,0.005587,0.384615,5528a0691e49c002c2910959e326d65020673edf0caa05168d7e2ea1f9591149
human-01013,human_response,open_qa,4838,response,548,243,0.007339,0.406934,33f0f180c71ab4ea6b7a25c9c707aa0f3e7c5ee19eb7c2d6fcb3323cc74e2796
human-01014,human_context,closed_qa,8959,context,155,102,0.013158,0.445161,41326e6ba2c5ad84081c8c7a65853206b10e89897c7fab297a6480813277329c
human-01015,human_context,information_extraction,12862,context,137,85,0.007463,0.525547,e1560a6a5bace1b422533af88372e01cf437c9fdd6f621e0d4c09cf8cd448e68
human-01016,human_context,information_extraction,14897,context,183,122,0.0,0.442623,1a1facac4535a0a59365f30bb208b58123b9f231e9e011931be52d2dca341235
human-01017,human_context,information_extraction,14668,context,191,105,0.010638,0.481675,7c46a07754147b3a16117e2fa38aba060e3436c8bab57d0b4f6a034c7fadacb9
human-01018,human_context,closed_qa,2430,context,185,116,0.010989,0.421622,66171b3eb442a04996fd92625e612b31c96069589d2464937837e2cfd592ce2b
human-01019,human_response,open_qa,13961,response,203,121,0.005,0.458128,6dfc5d06a29b1bd5dce11b518246a9f904650ff945601530bc3d3426482b0d04
human-01020,human_response,creative_writing,2534,response,134,78,0.0,0.522388,4493562e04ad9fed0c05a6848346bff234a79a0b46e0f6cbfa65a9faac1aa4e7
human-01021,human_context,closed_qa,14199,context,524,264,0.005758,0.40458,f9a14259cb947109816956c5f1e73b5a801d0e2eeb1c9e4d04467c569d264bf9
human-01022,human_response,summarization,9960,response,152,67,0.100671,0.605263,da96d6a4070bee07bd4e9af16bd92c99fa79c022dddd075e17aa791269db4f3e
human-01023,human_context,summarization,8454,context,134,86,0.0,0.5,7f76c71c221ae1316744dfe83b06e075b172d8c54a2ea1fdb1c1715bc02accd6
human-01024,human_response,general_qa,2200,response,162,112,0.006289,0.419753,68f7b86c2c155ecfa40aad98272d1562e7bffaffc5e0c8f704209452c86e73c9
human-01025,human_context,information_extraction,7114,context,333,178,0.018182,0.417417,62d9069f6ca7d3826236aae43dd5a7a4ab70e945fa9c3399217c048113b6c3c7
human-01026,human_context,closed_qa,8472,context,372,216,0.01084,0.352151,3e22854bea2ec9f587d317e40ba9e05e1d589931d77b28734d220a536bae8dba
human-01027,human_context,closed_qa,14652,context,152,92,0.020134,0.447368,8e29b3297f1d98831a6e3c767469e90bd87e50a2c0d00e983a68884c3e7aaa60
human-01028,human_response,general_qa,12218,response,158,97,0.006452,0.468354,a7f00ba29f58ccf77f7d08953af624c1a601b116930a0e415645e55601cfb429
human-01029,human_context,closed_qa,6517,context,165,108,0.006173,0.436364,e97d5aae9326320f5fbf9a6a743ad16c2520ca059d92b5e289531d3c40d2e21a
human-01030,human_response,brainstorming,14372,response,211,128,0.0,0.440758,eb6e479e9ab8fff6dd849fe12e5f6226f5a05a3daad824625d4cf512ee67c629
human-01031,human_context,information_extraction,9733,context,190,91,0.048128,0.578947,2f1c4638ddbb3016e88f4e08c53b0c5c2f676c501f3fb971f98afe7774bd3612
human-01032,human_context,information_extraction,9998,context,323,176,0.00625,0.424149,24d2ceddfce82f2c5d60db3c3ea6a325a5577d3a61a1e32078b351d7a60c3a4d
human-01033,human_context,closed_qa,8754,context,158,106,0.019355,0.436709,fb08365f96b28f4c244d130d08b2d20159b569a8c18fe95bd2522396dabfa44c
human-01034,human_context,information_extraction,10192,context,130,84,0.007874,0.507692,8418372f243b90376c1bfaeb69d8e5e99a3c87c1f64ec295470c2166663f7d61
human-01035,human_response,summarization,12322,response,172,96,0.017751,0.459302,db4c62d6a5c13fd8750527ce5522dc28d13a48d1c04927e6a0de4b6089dfdc5c
human-01036,human_context,information_extraction,14716,context,268,158,0.003774,0.455224,628e9305b4eb48cbc31ba56bff31ef5db5a5dd83da94c2bb8425c82c8d57d70c
human-01037,human_response,open_qa,8331,response,263,157,0.015385,0.376426,bd2c90d7e6223c47558bf4fdb827595160360d47ca341670cb47ea8b2cccc7ff
human-01038,human_context,summarization,3929,context,275,140,0.044118,0.465455,c9623b8cd33ee464dbcb0c4589edf3463bd7d96eb89419513eb6dbf98d495dc8
human-01039,human_response,creative_writing,5497,response,1678,798,0.002388,0.297974,71d92317460cd8be8d04278cb946dbd6b8f41b9d6719d83c54b8a170130812cb
human-01040,human_response,open_qa,13419,response,600,311,0.01005,0.365,e8a96ab9760ba8ec480c9cdce56d727e13559a8744bad224694e401a83b98fac
human-01041,human_context,summarization,12814,context,199,137,0.005102,0.41206,e8cfcc8583694b42708aa57cb6f2af288932e62d40bdb6125a571f3e96afc80c
human-01042,human_context,information_extraction,7585,context,187,132,0.0,0.385027,f278f04a32c7918a3f22eab0678ca8383121273345db3893a8e6d9ba060dfea2
human-01043,human_response,open_qa,14319,response,157,96,0.006494,0.484076,597637a3daace7485ca8c335d59808dc99d9fde46c7982ad6eea4974aa6348ec
human-01044,human_context,summarization,4897,context,973,391,0.03299,0.344296,b9a413283b17305ed0f27cccdcc9f180df094e963df323baf1d0292c754e40b5
human-01045,human_context,information_extraction,1588,context,247,151,0.012295,0.396761,9eb4c2f827f35b6bdf481d0c715e5161774a5ef994e420632d18c15f990a13a1
human-01046,human_response,brainstorming,13010,response,178,107,0.005714,0.47191,7ac5b4b79208431ded7148b7379462c4bdb7f1213cc2ed99b74ff6a6cfbf3adc
human-01047,human_response,creative_writing,8338,response,142,85,0.0,0.507042,d567fbd8645430ed279ec3c7fb68a244d9509bb8ae88cf7570fab6fab57495cf
human-01048,human_context,summarization,6842,context,181,102,0.02809,0.491713,b4185fbdb0fd366e5cd2cd2979b2e8a8e6b5e9bb40749bde224de7611f2a60a2
human-01049,human_response,summarization,12613,response,140,86,0.0,0.507143,31004694458f175d72bf6d9ebe949f65656203b8120d7b95c5f9dbf2e49cc2f3
human-01050,human_response,summarization,11146,response,1322,547,0.045489,0.348714,7c0ee0a53f7d6914c9e18a982c1a89f0dc3bceca66cc8292a2ef861593fd5a09
human-01051,human_context,closed_qa,1722,context,207,120,0.014706,0.463768,e6bea0d2a337ee2f49840ef8aa71c6d90c4b352ecffd0e2bee934b6ff63336fe
human-01052,human_context,information_extraction,4164,context,276,146,0.032967,0.405797,5e27355d1fa73682a4fd224dfd57b167b20e4b4b84d17a98a4c6f514d3d7433d
human-01053,human_response,closed_qa,11879,response,144,84,0.014184,0.534722,1bac44dccc4254a4dd7c474f30ec5ffbab3353a5188db634611a617d498ca11c
human-01054,human_context,closed_qa,2286,context,220,135,0.0,0.440909,c134adb82417ea4ca7733e61683fdbfdb3a0d0ea454b58541c27709bf7b9826e
human-01055,human_context,closed_qa,1997,context,208,121,0.02439,0.423077,715be9b45aef8bdcb9bdd327e20e59ed5ca48c8d569bcd5dd3e5729e20aa6e2e
human-01056,human_context,closed_qa,13424,context,286,154,0.04947,0.374126,d1146099327080ca709d7b32c82399302cdd8defa696312e7b9303c1d77680aa
human-01057,human_context,summarization,6934,context,248,121,0.016327,0.491935,3fccee9aee2b7aa2754eb7be0cb9ba3cd52281f8a4a658e6e13e4061394a205e
human-01058,human_context,closed_qa,415,context,306,144,0.046205,0.5,9973ee6c861ea5b3c1e824351f5eec3d04adac3ee9646e5224517633e1466cef
human-01059,human_response,general_qa,10556,response,222,133,0.004566,0.445946,f18b4823f929b3cba1448c28cc5062aa428a073118031ac983741fcf77ffe15c
human-01060,human_response,summarization,14583,response,250,123,0.052632,0.512,5b1689f5caa26839e864f9c65fd16b4bedf0a2431f362a3effdd6f8c5909661b
human-01061,human_response,information_extraction,3472,response,726,325,0.052559,0.4573,f3d559480879035b343f892cc97ad6bfaf787e1dbdae3e1f19dec25cc1147e3d
human-01062,human_context,information_extraction,12994,context,194,118,0.0,0.438144,f81e3dedb9fa03c02d63cdeaa6de545795b6b479a237fc757e984e7b942efa14
human-01063,human_response,information_extraction,12155,response,583,266,0.034483,0.432247,99370a7c7c2dce956e91a89723c97fc729aaa8e04e427e2e4656275fe8db5692
human-01064,human_context,closed_qa,1590,context,210,143,0.009662,0.385714,37d6ae96387d3d19b567ae7a7d1fe62710b7a94a873967396ef7437ca38a0994
human-01065,human_context,summarization,2715,context,1752,613,0.058319,0.429795,3a9867b683ae07346b8d02dfc496d6179acafa297c7a9db4a66b2e6dce4579be
human-01066,human_response,closed_qa,14990,response,267,156,0.003788,0.445693,a95410c062ac34a55075cab03a455644c3d7b73dae9e213660563699c1a7286b
human-01067,human_response,general_qa,9522,response,207,121,0.019608,0.415459,23608a9a1f7fd03797df96db3379629749fa0dd70d6222702541b188770d9b09
human-01068,human_context,information_extraction,10639,context,406,202,0.057072,0.458128,93f08d3199d87c8252ef1edea4d9210afb8c982661843c4bb4507a588bfc2693
human-01069,human_response,brainstorming,12302,response,212,133,0.0,0.400943,e1a8a186be9136ea3a0832b77247311a4cdad3c3a2a54292c26afa418f711053
human-01070,human_response,general_qa,10838,response,181,119,0.0,0.414365,40c59ca110a8f68c5a407f2160c2f08dc60919449cc9c26bdfb08f49b263ce78
human-01071,human_context,summarization,243,context,156,89,0.03268,0.519231,04a67d4bc3a7147cddf83d89624db57b37c0e8397eceabd271dcc074c9b77b96
human-01072,human_context,information_extraction,5276,context,301,161,0.010067,0.421927,5a7552b5102c923ae50221a1e68becfc98b187652bf020da18f127bb28b06078
human-01073,human_response,open_qa,2956,response,188,115,0.0,0.43617,fdbb1e9751c3d8c992d66437e88862a31392a23b63515f0fe095ab5940c46f73
human-01074,human_context,information_extraction,13547,context,770,189,0.526728,0.685714,6537648d450651a2f32da7ea7e1b9920371834d3fa42b8cfea8f376e46b0824d
human-01075,human_response,general_qa,12435,response,133,82,0.007692,0.481203,5333a98e1ae798dd18d4d6536b7bcdc921d991d772487e4dcf62d2e6a4f7ad02
human-01076,human_context,information_extraction,9505,context,195,118,0.005208,0.435897,3e5448b3c78af956193f57d429ac0c42e124f84a2b0770645c0b94215ae80056
human-01077,human_context,closed_qa,7040,context,141,84,0.014493,0.51773,80328899a0fe575bfd1800182641c15cda55ebad831af995b37bd109b4c0f87f
human-01078,human_context,closed_qa,1979,context,460,221,0.052516,0.43913,4d7e9aa9c5207f278e222b637b2daa326e6986e42dfd0bb071869a2061750ed1
human-01079,human_response,open_qa,13206,response,137,82,0.044776,0.525547,f265261e1c3064fcc3387c4b476d247c5a9eb97ce9be8ed744a7b31a11c12f2a
human-01080,human_context,summarization,12559,context,1467,467,0.165984,0.434901,4642621ad880a2bda7f108e263e56e8c632497490645009676b55008502e4116
human-01081,human_response,closed_qa,7643,response,184,103,0.0,0.516304,75d4c14b8073d1b111185a15c9a49fc12d91c38e802e360d76c0683d99504757
human-01082,human_response,brainstorming,1165,response,200,53,0.203046,0.815,288c6e5a04ee36d47dbb857a20e68c185b2265d388e9621e061a0b645571a956
human-01083,human_response,information_extraction,2999,response,170,108,0.023952,0.441176,218f7a755ba1b79d83a13a37ae628988ff827f2e0a962e8fe3fce8f8178f6b53
human-01084,human_context,closed_qa,2019,context,515,193,0.054688,0.475728,092e7754d8ed75536ef1f6840720ab23e184324fcea2166714048558ca14251e
human-01085,human_response,summarization,10477,response,300,121,0.138047,0.54,eb37ed0b0d5a24ad22fd1d1629db787868e249445385825a118cfd29ef61fdb4
human-01086,human_response,summarization,10997,response,413,209,0.007317,0.375303,70c8b0d7785c1966303b9258b3ec69cdfde97e956b11e01bc522ac7baa9ae7cb
human-01087,human_response,creative_writing,6366,response,364,148,0.290859,0.472527,603d9473a0409833020725a5a96e3e117dd69800a417f8ecbc3fe15aa4d35d40
human-01088,human_context,summarization,9411,context,184,104,0.0,0.467391,56cfc82c78a190b1f57031fc0bfa2905f72726f33f7e35b0d3c4890612c0c2bc
human-01089,human_context,closed_qa,4165,context,232,127,0.030568,0.465517,c92ca126a559bc883ddca6e72a8597cc5d53ebf1524e270e3738eb13817af635
human-01090,human_context,closed_qa,2857,context,154,110,0.02649,0.396104,5bd6abf48e627fa0380618cf23a39ce52a45a5de2597ff279e87f5490ea28a8c
human-01091,human_response,open_qa,9181,response,246,151,0.004115,0.398374,2e4b38c680007074923e04630f05e9ff2dab3a93e9ce09f7ae51da17be66b653
human-01092,human_context,summarization,13634,context,227,133,0.03125,0.431718,825769656dd5982437d136300a858f34d86c00aa11d005f471a86e71fd211b4d
human-01093,human_context,summarization,2197,context,977,365,0.065708,0.397134,f87e86947f1fbef763da6c237715a8ed738b6c67ca1bbe57f3d4935a12803640
human-01094,human_context,information_extraction,14703,context,399,117,0.30303,0.62406,c6b8211cf6366990a87d0ea5898183d1df1d6dd2d57c4c96a0b4e662500840ea
human-01095,human_context,closed_qa,5266,context,218,131,0.009302,0.431193,636a72e1261ed2a1cee439219c8fffbe7251aae8dedcbcc0662cec978badf7f9
human-01096,human_response,open_qa,12751,response,381,216,0.002646,0.388451,61b71ca10671eeb8701f9e3b74c05a2def446cd5c92958ec3298a9a856645df4
human-01097,human_context,information_extraction,10895,context,304,157,0.026578,0.424342,c900f41b234582c751ce8406cb706411efa8f6367662762f92db8b948d531513
human-01098,human_context,closed_qa,609,context,244,126,0.078838,0.495902,767c372a875f2931844b664e26db85d0e9b0b865cc08a2b4626b9828df6dc376
human-01099,human_response,open_qa,768,response,439,209,0.029817,0.441913,422ff25cf116cd81dbecf63fd6517bd0ccf979a0848a31860bf47a626fe3e5f7
human-01100,human_response,brainstorming,258,response,152,102,0.006711,0.434211,cf7d51fb0930d9946a5cab3ffd70c7393f8d914a7ceb61e08023f8ffdbe3a16e
human-01101,human_response,closed_qa,8114,response,413,236,0.017073,0.377724,bae20a5b7658cbe3db7ca4c035f79fe5a69f17a19ed5c77bc4cee5bcd537e6e6
human-01102,human_response,open_qa,12006,response,237,136,0.0,0.405063,1ca0d73d6bb987792abce64b47facd39e26b5847df73aea2467a3d46515c8d27
human-01103,human_context,closed_qa,2512,context,146,91,0.027972,0.493151,428a68912036935bf90031e18a8522bbb617b9bbdd4849d2072be4689eca9739
human-01104,human_context,information_extraction,8153,context,323,117,0.1375,0.591331,56bdfc2e69327a6d538f97f7b30f17a0593d600748973296235ba8cb3d6822f9
human-01105,human_response,creative_writing,4696,response,203,134,0.005,0.428571,6b418a7a58c5008967d3913e79c2aedce9dc669f207cfabcf25ec9de300f3b12
human-01106,human_context,information_extraction,1019,context,255,132,0.011905,0.478431,74f408f1e8a33859757a3286f9df3a809c0aaf77a3d8bf1607971bc1ca56b838
human-01107,human_context,summarization,8202,context,193,109,0.005263,0.471503,35ed05ff1fea0797ee3cec765181ed630503ffd853760b3d2700038e523f6a56
human-01108,human_response,general_qa,1066,response,133,90,0.0,0.466165,325240453d7a3f6cb6d990a2c7718944df412bfbef9d9224907593b533402196
human-01109,human_context,information_extraction,8685,context,209,126,0.029126,0.440191,60405c4043d5467477e1662ed46db285d0bc086ba8d7cc5806bd9b7d8d73496c
human-01110,human_response,general_qa,1412,response,146,97,0.0,0.472603,e827887562f0fda4587d3a5f2d30dc1803f05cdb2b6653c565f7a2f7ce4fbc5d
human-01111,human_context,summarization,9141,context,219,158,0.0,0.342466,bce62c6be692ffb396a5e0031a84613803369c53beb7151f32c802d06b77fbd0
human-01112,human_context,summarization,8795,context,220,123,0.02765,0.5,7ab713c470f5eb702d6f24c1061016905c8da1e21ba237f2ddca3070b1318f4d
human-01113,human_context,information_extraction,1931,context,339,194,0.026786,0.415929,ba74c8b00265f994dd52c1414acdb2a23d4b501195c1aae3d381c796d6959001
human-01114,human_context,information_extraction,7443,context,178,107,0.0,0.460674,330da5c0dd0df619f7fb55728baf4a08fbecea527cba4124e5c0b8a0ec2f50d5
human-01115,human_context,closed_qa,13162,context,201,103,0.025253,0.512438,87a31171ec96e04e160fed34f6f5c27046a5025618a61218adde3422a6769061
human-01116,human_context,summarization,434,context,348,192,0.014493,0.422414,06788ed7ae0b605fcda004fda6d7ec013cd86f0a3acc18d39806aca55604b6d6
human-01117,human_context,closed_qa,13414,context,256,162,0.011858,0.382812,286fbd448faef403420ebd318a651620e440e39c48c37a5f8bd7d716ac8f9c32
human-01118,human_context,closed_qa,5134,context,219,132,0.009259,0.420091,69011d317cefa995e3cb80a3a29a01fb1368743b8aff46e2989a57eb14558021
human-01119,human_context,summarization,10886,context,143,97,0.014286,0.461538,62807119bd1791c403cf1304335dc63566ea52dc652f9489c7b78c906c8d8d1c
human-01120,human_response,general_qa,160,response,405,169,0.037313,0.471605,86455c6340c195ce12f44d0d06b7977367501b118a6be484f0b47f9d8fc4e5ad
human-01121,human_context,information_extraction,9662,context,175,79,0.046512,0.628571,948cca9373757007d32ef8d635b611fa846399c064f16f300b70fead2e121a44
human-01122,human_context,summarization,12534,context,352,163,0.063037,0.451705,c6ee4774785f15b5a14084578f5d6d359733753a4b06f61b21a66984cd9e5fed
human-01123,human_context,information_extraction,7975,context,205,105,0.039604,0.541463,13e1d31f43ed225efd18ac123c660013013ce84d0ac3cbbb40d46293d20af3fd
human-01124,human_response,brainstorming,6269,response,130,80,0.015748,0.515385,84028ed453317aefdae50b1ef9c42cdaa210304917e3eafb1cc730934a7edefa
human-01125,human_context,closed_qa,4541,context,287,174,0.0,0.372822,70da596fe035dd387efbbbec68307625d3ab9dccc0c01521e7a2a5391305f6e2
human-01126,human_response,information_extraction,13800,response,809,334,0.085608,0.456119,5843f1e78318948de0ff69b9303eebc5bcf55c23038da54cfb8a831899fec527
human-01127,human_context,information_extraction,9237,context,233,128,0.052174,0.480687,a8ca2db8f2154e1e0cf17ab94361429bdb1aafb5f8d66786605722746ba0319a
human-01128,human_response,general_qa,12094,response,138,93,0.0,0.449275,cd9dc6679c01d9a9a5814d9a06a2bc9857b56266d89301f141b551e59a3fd26b
human-01129,human_context,information_extraction,12622,context,174,111,0.05848,0.45977,c8fe5566859f04f4e0f0c7ce0a769a545383ef276565551f43599d8ab168cc40
human-01130,human_response,brainstorming,2614,response,497,125,0.107287,0.778672,13b3221e96048c69c687e4c6d57942481c60561b275453a8b52219ec26b3f70e
human-01131,human_response,open_qa,12449,response,164,67,0.118012,0.713415,21845fcdef1914e16a427e31d911981834602306f048487c2c154ceb85ca3846
human-01132,human_response,summarization,8202,response,180,103,0.016949,0.461111,b0e0e99ddb1d8f6dfcd9d49d754b364702894646962e9a29e42a8054dd43b1ad
human-01133,human_response,general_qa,14705,response,170,115,0.0,0.4,5ffbb3cf61b7958c9e3c65a71e717b7193e2a8e7470f60ee67736130f23f9658
human-01134,human_context,summarization,3064,context,780,267,0.078507,0.497436,4e55e6115a386312e127205adef9aa12c075b5ae17adb792da3a4fd0b2ec78f3
human-01135,human_response,general_qa,492,response,572,291,0.001757,0.384615,e0ff7cd10c6014c4f4dfc028bc46e1a4c053604063622d125dced92c621e2ef9
human-01136,human_context,summarization,13122,context,328,154,0.052308,0.493902,1e4c09f724749c081b6d03e5763b314245326482825b8b32a098cb3da4c7d33d
human-01137,human_response,general_qa,6820,response,327,211,0.0,0.345566,984a47bc6311bef20dfc6e6d29837476854804d06b1fcbad0e3f3227816878ce
human-01138,human_context,closed_qa,13674,context,320,171,0.0347,0.46875,d63d4da69c4cfdcbf5b32aee5bb9d7704ea12399348640895479d1b5d3aaa184
human-01139,human_response,information_extraction,12088,response,139,102,0.029412,0.402878,15ab3cea7a57723ec23150c3969e7b2743059cced60783eb254db14e9b3922c1
human-01140,human_response,general_qa,2412,response,169,105,0.0,0.43787,4650acd7f63f95a26a6be58f6ebc6df910458121e818b338afc502a13cc7f965
human-01141,human_context,information_extraction,7132,context,170,106,0.0,0.435294,62ec561e6775796210fc16800f00db01ac6770246f769c800b76a444a82ebfeb
human-01142,human_context,information_extraction,5025,context,146,85,0.006993,0.5,33ef064a902f90ce31bb62b2571c2de835641d05e4459f0a961222a266e28d8f
human-01143,human_response,information_extraction,12683,response,164,87,0.006211,0.52439,82a6e1f6b2b934a4ddc6964379393ddd7303766133a2fe27fafd00fb64499e01
human-01144,human_context,summarization,10801,context,701,283,0.053009,0.393723,30887e4ccdb6bffdc7a310af46c45d0746abb4c049a09461badd8644f77568b3
human-01145,human_context,closed_qa,14262,context,271,143,0.041045,0.424354,c0459efbecec2d9746de79f28b230e8c8925fec0820845f6a96ac32793d53ae6
human-01146,human_response,brainstorming,10668,response,286,157,0.0,0.402098,7f3d4a0619f3b82b7591bfd9c055ac48557febc2bfc8852a680bb6875bb8295c
human-01147,human_response,creative_writing,56,response,160,76,0.006369,0.6,f13f55ffcf2e98b5f6b838eea42bda9d2fa8f5fbdcda218116d3d54bfee5e168
human-01148,human_response,creative_writing,13056,response,161,89,0.012658,0.52795,fb30c099cbbeb4b2467bd098b5e63841db52f2ab1f31965bc029beace039020d
human-01149,human_context,information_extraction,4482,context,632,296,0.036566,0.403481,5a7ab5096e649045889f0613fc6d15bbca1fa264e75f65081f42fa41ac2dd922
human-01150,human_response,summarization,3980,response,334,172,0.069486,0.452096,c8f27a6e68cd5270f11cb0b5823204e53338090c9e375b4f58abb028bc88221e
human-01151,human_response,brainstorming,14766,response,295,160,0.0,0.410169,bc519d9c879b4178a26c31e3b32894d3958fee4d40d860f25af70edf50641cf7
human-01152,human_context,closed_qa,2749,context,288,147,0.017544,0.489583,0d4f07a298ed0988a3a6bf63d754e447c8226b9f49fe6d4f2fe2afec517679fb
human-01153,human_context,information_extraction,13132,context,171,98,0.041667,0.497076,de1b595bd35c8dcd3b3dc93934c9c426ecab48eabf812e4f9f90ee68b82b6620
human-01154,human_context,information_extraction,12213,context,219,117,0.055556,0.461187,59afa4525079521f19c4ea5d5135399a8a008ecb73e4a0a563455a90d399b679
human-01155,human_response,general_qa,14902,response,172,101,0.005917,0.488372,6ce0713d6786a90a1ce030fd1725286a205496395ab5231243c507e89bc4f8f1
human-01156,human_response,open_qa,9175,response,208,121,0.019512,0.461538,1151ac8ecc68e78e2223f5b6d2bc5bea1f2197d989cd5a079109c741cd006683
human-01157,human_context,closed_qa,7583,context,236,150,0.0,0.402542,7bc287190bbaee463618e84bf6f0f2c1a97113a91967121221b8900a4b3631c7
human-01158,human_context,summarization,14470,context,369,201,0.002732,0.428184,3209d5c0635a775277a625892366efe4cdbd5b19d0a9fe3408399cc6837819b9
human-01159,human_context,information_extraction,4469,context,412,194,0.026895,0.432039,bb6a69f63a9f5a42d0567b2edc3f2d356e7c98063c28a454d80e872a5d453ca7
human-01160,human_context,closed_qa,1350,context,553,225,0.034545,0.44123,f63f47f6d0a75f77e4ffd2a4753d272644102c5e8a977bfb9890519a0b33c016
human-01161,human_context,summarization,9650,context,360,181,0.030812,0.447222,b04fb1b9c45333cca4e013640d374350f0e880eadf750fe5737d44b07666b233
human-01162,human_context,closed_qa,6806,context,392,230,0.010283,0.377551,f88b3353fab7dafd97cabc2fc8968a30f82c0b7cbb12e7fcb33113fa6bcaee6b
human-01163,human_response,closed_qa,13361,response,186,101,0.027322,0.489247,fba4c1fbeb8bc0d8901e274f19cbb8d7a410996a1e8e7406b43ca1721fa77557
human-01164,human_response,creative_writing,11997,response,142,96,0.0,0.457746,45f2a9a92307e0d584e17722f6d1b1a6f992b60eee881c8d52a6fb0646a1b060
human-01165,human_context,closed_qa,1110,context,165,101,0.030864,0.454545,c459572b16c00ac38ba5e4e2daa70e19f185e8f9533e36204d7dd819c2d2d58c
human-01166,human_context,closed_qa,4653,context,153,108,0.0,0.424837,7cecb030f0cf25628fd3dd9ad4b7d4ecfa4ab8615600e689dd5c42cd8cf43de2
human-01167,human_context,information_extraction,11447,context,447,161,0.11036,0.572707,01dcd2b18d8def593b6ee46f53aee6b3d5a88adab2ddf63dad901ed867dbb690
human-01168,human_context,closed_qa,10642,context,440,227,0.050343,0.381818,dc05416fec1d1a323536b36519176c5749011858e3e68e54aacd0949ac8400c6
human-01169,human_context,information_extraction,1160,context,345,184,0.020468,0.391304,75f3e6474f7e8ad91ee84104cb7049f2c512a34a6a7dbeba7f215618e522cafa
human-01170,human_context,closed_qa,7294,context,449,201,0.03139,0.44098,ed817441038422cc3dd01531e3d558ca71a3e44220e2bb0a34cda7abbe939076
human-01171,human_context,information_extraction,314,context,271,168,0.003731,0.394834,5673c32c98df135d58aa4b6cff6d5dc36e5def85780660122002e62f28ae83e0
human-01172,human_context,closed_qa,13058,context,173,97,0.011765,0.485549,6aceabf8a4ec2492b67ea8de6ec8792661f644eb7a958a3370d9fcfded13302a
human-01173,human_context,closed_qa,3397,context,241,133,0.016807,0.435685,053458d02f535ccb9788d1be798b4f5a1d70abe772aeea5ffe8dcb228b25e9e8
human-01174,human_context,closed_qa,5067,context,217,102,0.042056,0.580645,a322d6826a61983caa59db16ab83f6d9d1e7293b6a0326ef971f0d63523a682f
human-01175,human_context,closed_qa,14075,context,147,99,0.0,0.462585,8624ac60bb944380a18e9d7ab34d6b3b23e8c35f0b35092444a0b1d2449940cb
human-01176,human_response,general_qa,5987,response,144,89,0.007092,0.493056,5a02d013c4dc584e8fc3cd1b78ecdfd924d8e84f757743a310eba777f67c595c
human-01177,human_response,open_qa,5608,response,307,137,0.098684,0.462541,cff9e6b0c7751edaf71bea7cc5348bfcd04f2a4a998228f6eaf7011561827286
human-01178,human_context,closed_qa,12058,context,374,180,0.032345,0.465241,2edf304df08825816c64d495882ede3ce59a0194c9b92a5999493b887aa4c02e
human-01179,human_response,open_qa,1961,response,134,87,0.0,0.485075,352c459f9e97388d1318f2ce9409eda9ce20751b6d88bdd1065c5d8a485d78d8
human-01180,human_context,closed_qa,7599,context,238,134,0.0,0.453782,14f22563e077e907d3ff97bd18bc17e58104b02ba8da5936092f89772491291d
human-01181,human_response,creative_writing,14538,response,596,237,0.015177,0.449664,c588fdad1f2c4173d5a00ff183ed4be9b58bb057885cfd3234057f1b2681990a
human-01182,human_response,general_qa,912,response,185,97,0.010989,0.508108,5a6832fe9e348b41a976075b3b451fb9452a8f15ad826f426ca5b1fc57fdfb2a
human-01183,human_context,closed_qa,13854,context,149,90,0.041096,0.47651,75b65e45e510dce6b30f247abe14c3d69e59301cef3b66ee90af01e561c74273
human-01184,human_response,general_qa,11858,response,259,129,0.023438,0.482625,197eaa9bf81ecbc80802133547aaad9c7071d7f8bd9f0de62c8d47836020e767
human-01185,human_response,open_qa,12247,response,239,152,0.008475,0.41841,52fc4e048ae510b5874e20599bfdbe3c43a373c7e0b5fad5598f670097eb938a
human-01186,human_response,summarization,13282,response,228,117,0.044444,0.47807,22b713ebc23d2b0e1f22f4e5f045ff0ffba8d865d445b96cf9929603643b9c74
human-01187,human_context,information_extraction,3027,context,155,94,0.0,0.483871,2d91dffecea11cc01bcee90eed5099fa77c6cf658a4f5d8d8820857e4a5e7f0c
human-01188,human_context,summarization,12273,context,817,404,0.019656,0.351285,88171197455ae0a3b3c5eead5afe79616e353ae86f91952adf420d2c6b23d0ac
human-01189,human_response,open_qa,9697,response,133,92,0.0,0.451128,26b08273fe7b59bee1d7808fc84eb33a1a33c98fbfd0e3498b32986fe10aa32d
human-01190,human_context,summarization,2012,context,298,178,0.013559,0.402685,2eec7fbe7fc71b8363b136e29fd11da0957cefc0dd1715dbc6ec3cb6f7060c5e
human-01191,human_context,closed_qa,706,context,353,187,0.017143,0.402266,8a39b54079741e2691db866041610bb09944972af570dd73a9ea48d4e834d9d3
human-01192,human_response,open_qa,1184,response,131,84,0.078125,0.458015,136ea82a14d98d63e570ca8d10ab9845ff9a9296ad2f382687c70be9d08232c7
human-01193,human_response,general_qa,6465,response,260,130,0.050584,0.465385,467f356b6fb224559cf2f83f5fe3885ac99e1c1ea97d817e8e38f5b967f8e890
human-01194,human_context,closed_qa,5943,context,237,144,0.008547,0.405063,601a1f6beb57b2a156172d37334382a4844e79530c7d10bcaa3c4f41c0db74c1
human-01195,human_response,creative_writing,5073,response,178,89,0.011429,0.561798,6ce292dbe9308ed8f2c0f26668a34f07849b6ca91b49f03bb59d94c8e5c5df0d
human-01196,human_context,information_extraction,11218,context,361,181,0.030726,0.448753,c09cebb83e0ff5a475f991a293fc49f41ac3f5a0fec135f99463b93e6c566a06
human-01197,human_response,open_qa,13289,response,134,69,0.114504,0.626866,6e477e40faafaa8f0b48297b6ec3553144232c9b1d02264e26dccd8dcc382ebb
human-01198,human_context,closed_qa,4766,context,157,94,0.058442,0.509554,ea7a1ddacb1ef8dbe4058f20806017bc2d7f16cb84c3646f183a6e3462e872bd
human-01199,human_response,creative_writing,12612,response,406,203,0.01737,0.413793,8568447f0025503ff48799abe3787b0e88c8383251af4a94ec9c967fb362c0f5
human-01200,human_context,information_extraction,5679,context,672,307,0.028401,0.388393,276c2135a1e04fb685099ec7cd913e08b6d6ca5a12837a0eebeec60090468565
human-01201,human_response,general_qa,6793,response,288,166,0.021053,0.381944,6c203f1ac4d1546ddb1e7621b59bb686a83a77439a3deb99066f6af2dc7130c8
human-01202,human_response,open_qa,4188,response,234,136,0.012987,0.448718,4c69d0a5405baaa503980c7e6da08e86d1f716680caf3c2f54c57632228affda
human-01203,human_response,brainstorming,6283,response,343,191,0.008824,0.379009,4337cf397d00f1ee4c8ccdcb44de414b4ad62400abfedebd7496c4d1b0ded272
human-01204,human_context,information_extraction,14896,context,209,115,0.038835,0.497608,3eb9260c782ae748c5e6744f9b11c800a2d8833ccd2bc280b6f534a0189dbbf0
human-01205,human_context,summarization,13833,context,202,136,0.0,0.391089,42974b72d233bcb7076657578552e32347c59986c6e434065c0fa8da08248409
human-01206,human_context,information_extraction,5285,context,246,137,0.016461,0.45122,00c57850aec00f0e01bbabac6e8af04d04469141e16d329af24990f09938d627
human-01207,human_response,summarization,10543,response,609,257,0.041254,0.456486,27ebe97565d59e3e40a58099eb756bdd4f33e287d7d2db174f1db0e9a35d6687
human-01208,human_context,closed_qa,14630,context,194,138,0.005236,0.340206,b2351b475f2130ed16d67e43280bea0d72ce10fdb2b0c002f68d330d2bb37ddd
human-01209,human_context,closed_qa,13894,context,334,160,0.009063,0.42515,b6a9f5593f4801de1909d51a9c5be4a531ceb420a899b5cfa945e0d46b0fcfe5
human-01210,human_context,information_extraction,9398,context,233,148,0.0,0.390558,7c20bcd38dc949513d79667aeb9311fc03a439a8186c1600038733718fa1c4d8
human-01211,human_context,information_extraction,701,context,238,149,0.004255,0.407563,88984986852bfe5ed48d663857b3101d550be02a76d589812fd8cde327f96c94
human-01212,human_response,general_qa,13985,response,169,114,0.0,0.443787,e024d3df73f64d525acadf85ee83c9d5ef793392c7c9f2834001ae68659fc69f
human-01213,human_context,information_extraction,4899,context,386,220,0.015666,0.396373,ce2ca6ea4711e712bc8f92892663aa9e2b0b07f6bb901a7c27e6b7875e4713de
human-01214,human_context,summarization,4037,context,179,116,0.0,0.430168,904fab7e7ae7944ad9279fa43e5564fac9d0d146c0c338b5ee8b8cf5fa33f339
human-01215,human_context,closed_qa,7718,context,250,130,0.072874,0.512,f9b263529665fffce239492c11118b481d41b21c33cc3e5db15fe31bd1f41b6e
human-01216,human_response,creative_writing,13453,response,163,97,0.0,0.453988,e3942eb3af1f8426fd6426b42eba102523428089ab6195a859af6c577628a50b
human-01217,human_context,summarization,4965,context,169,93,0.006024,0.532544,193f3d1ab7749f29296f13fc90441397cfee2fd8b6f946447fa7b7bd7be5d857
human-01218,human_context,summarization,2266,context,609,304,0.024752,0.367816,218106b4e26ef827e4246ba02bf550ecb8cf462c57dfef7b5a45ff22d7bbee1b
human-01219,human_response,open_qa,10684,response,180,60,0.355932,0.766667,da08053a02d9caadd3013d06bcd6a6a755570ec02733a7f3a0a466575ee3872f
human-01220,human_response,general_qa,10509,response,128,88,0.0,0.46875,af0d332bd053d2a000da7e4d66d95d7fd083e7dddd5d14ab2784ceb5e8fa1734
human-01221,human_context,information_extraction,12199,context,270,131,0.037453,0.503704,9b710a9e36654596f43a64ea07ec170aab203f5eca9809bdb07c6ddb961e697f
human-01222,human_response,general_qa,4552,response,161,97,0.0,0.47205,c86da6f2fd4fcabf9c58af7359aa03164aa0a5bba156a09151cf64d8a61fa0b0
human-01223,human_context,information_extraction,6563,context,419,224,0.009615,0.412888,f85a84b3f0749d93b8d4ccd0e3d9ca2621a83bac496ffb28679f64d568f250e7
human-01224,human_response,information_extraction,686,response,675,320,0.047619,0.394074,332fa96d9a23cc1c018f7dc7f4383eb2d98a86d96c376820fe7eb59d47eb1787
human-01225,human_response,open_qa,134,response,176,98,0.0,0.551136,22a6582c2abd70c458275d07f4bd834d1bf228d2f7d0a6a1b92468125dfcd160
human-01226,human_context,information_extraction,6860,context,387,226,0.015625,0.413437,25c328408a7ac873c56bb1bad52ab3d6596f3aec247e2ef213b7ea4b81033803
human-01227,human_context,closed_qa,11885,context,332,152,0.057751,0.457831,72470d094b1a8eb70333fad72d3fa1f8a817edcb5f67a23fcef1c643359017f2
human-01228,human_response,creative_writing,8689,response,324,190,0.018692,0.339506,30e53df7f28c20cedf0315b9c5d5537c924f03aaaab3f3149f092b52781cbf1e
human-01229,human_response,creative_writing,2384,response,156,102,0.006536,0.435897,af7f1d7ed7856f9b7844fd015b140ff2456ea082bfe4ebd379d66abc3a3168b1
human-01230,human_response,open_qa,3323,response,177,114,0.0,0.40678,921a1169c1fda18901b3a1ec0b6e1f2d3999661562f2e92c2482256deb01abbc
human-01231,human_context,summarization,9756,context,479,255,0.031513,0.371608,e12bda56cc382d8f1f6f3d943003e0e12778f258bcdb065bd196e86bbb4858be
human-01232,human_context,information_extraction,11270,context,762,399,0.00527,0.350394,b37d0eb7873d4218592efd492625ad5856aad6023c083959a9e187dcb8745ed8
human-01233,human_response,creative_writing,12846,response,136,97,0.0,0.433824,6c887f72b65b001af475938ab8ec9a1589a2ae7d4781316a9c7f326c692d81a5
human-01234,human_response,creative_writing,7498,response,1843,607,0.011957,0.393923,506300464ab50de81a8c9f9b808a2865fca235ba65bafce6a8f4580be90d39eb
human-01235,human_response,information_extraction,8886,response,158,111,0.025806,0.417722,3422e93726bc8c5547224a943e40957245e5a2e6ffcaec8f12d47dab8ac931ae
human-01236,human_context,information_extraction,7138,context,452,209,0.011136,0.464602,7cc6c77e409a0987d453e36b5c235783463a3c4dc39ae72b78f6a5e50b19fe2d
human-01237,human_context,closed_qa,310,context,266,125,0.034221,0.537594,105555404f448d38fc5a58232af0de39a31a42d16a2fe651e5c460b494538816
human-01238,human_context,closed_qa,5136,context,295,176,0.013699,0.342373,9f3aebab1dff58bc0a6c545a9b062ef43b56fb788449098b09c1d3fb8f76ffbe
human-01239,human_response,open_qa,2447,response,253,139,0.016,0.395257,069d238d66a9eeeba9d2d40deddea112e5c4f2aa4ed02a78b963f2cb68a3b506
human-01240,human_context,summarization,8107,context,198,121,0.0,0.439394,0c291d3833e3a4f188764b0847477204edd509901666f9e38ada61f32c6bb4f2
human-01241,human_response,general_qa,12615,response,654,229,0.046083,0.493884,44b70b159ed0ab0e3c2e4d451419b3d59fa84564762ddc6d6efbbc283312891b
human-01242,human_context,information_extraction,2343,context,823,344,0.045122,0.419198,cd787aa8a1a8bf011aaea5ef03a7fc3a7516000bbe290857e90c4259a8ae0584
human-01243,human_response,closed_qa,13905,response,846,347,0.043891,0.403073,201494f1f57e2f16d43f99232cc62582783b797029fafe160e2819d307d02283
human-01244,human_response,closed_qa,7273,response,128,87,0.0,0.476562,bc73e634553314049d0cd08aba53a34390c072b9743d22bfc857cea4466ac7fa
human-01245,human_context,summarization,5687,context,289,139,0.027972,0.50519,7b42fb9536f064a468c4dc52c736ea60a0a3fa193b191efcd6f859766feca2e1
human-01246,human_context,summarization,12442,context,266,142,0.030418,0.462406,088d496872f6104ef6200c45064e186a006939fc40e26829891140f0b2801d3f
human-01247,human_response,general_qa,14806,response,177,100,0.022989,0.457627,a5002cce2af47599ff613541a2787ee42651bf1ce7914960f6adb6d37f5ce8c0
human-01248,human_response,open_qa,8467,response,131,86,0.0,0.496183,ad44122991fadf0f77244e2cd6b479d03e03b8694b09833d902e983345b8c9d2
human-01249,human_context,closed_qa,13222,context,150,83,0.0,0.553333,24f321490cbbc38a0b530237f7e192c2181433e0bfd006082ed81a441f9640bc
human-01250,human_context,closed_qa,810,context,150,86,0.061224,0.493333,4a04768c4897767f1b3c30c135769792e96503c037d25a6277e3904f0f559662
human-01251,human_context,summarization,12797,context,827,342,0.092233,0.436518,d0683258137edcee5c5fcc250912ec853bf5114a453cb714738b50ab1e97e9ea
human-01252,human_response,information_extraction,5700,response,350,178,0.011527,0.414286,a5fd2dfe055d280ed691c3bd3a4062b71fb1916ebe79e06dd3764ad19ed0a596
human-01253,human_response,general_qa,2229,response,151,104,0.0,0.430464,80effab4db8b70a0c563ed64fca789a93bbb77074d7ac2c1f9a74f81adfd89f6
human-01254,human_response,open_qa,2515,response,167,73,0.085366,0.592814,e3300afbee8d98884a665a192fdba57157edd075aac0c7445bc46c474021e4ab
human-01255,human_context,summarization,3687,context,196,113,0.005181,0.469388,e40449ced50e1dd7ce867ec4a935fccdd5477714803e18b6c5c9e2ea7a274066
human-01256,human_response,general_qa,6560,response,238,121,0.008511,0.47479,bcfa0ac0bac7cbb64051b1ed5852b6e58615951a9f4258368a262ec4905c531c
human-01257,human_response,brainstorming,6989,response,161,92,0.006329,0.47205,1f55a58ddcc855c6da8077f2f6488a47540314fa7685f4ea30b170e7a899a1a3
human-01258,human_response,creative_writing,421,response,178,117,0.0,0.455056,4e6a6c04d81a0ddc089394e260c5ab28d56cdbf3cfa95cb5f94dc84e3ce6f144
human-01259,human_response,brainstorming,4922,response,203,105,0.025,0.463054,786c06e0a4bbf9774a39f6562ae1277275c86fdd6cbca707d7b0a74136770649
human-01260,human_response,general_qa,5046,response,170,99,0.0,0.511765,b202184445a330597628eec84c3796658f03baa4e6c53678ecf9a51083131eab
human-01261,human_context,closed_qa,1930,context,268,120,0.09434,0.544776,ec359d637b77b9f0d724e8ca4801732c44fa506a6192fc66f567f886b608fcd9
human-01262,human_context,information_extraction,6951,context,159,99,0.0,0.490566,18f9f3d587256080710c7acf4aa97dcee67544ef3fd800663db0f40d06642bf4
human-01263,human_context,closed_qa,4609,context,242,117,0.087866,0.5,5dd86fe821ef54ca8bbab403e0a2438cb31dd2ca54b6517e8eebbde9da51abf9
human-01264,human_context,summarization,673,context,1242,447,0.167877,0.407407,1f85365c91b676d5d02a8c252094a437baa3871dcc021cec20977de5e0e98fd9
human-01265,human_response,general_qa,7597,response,225,119,0.004505,0.502222,55388e643a6108219168b1c934c85e5344bf0195d15041b4c703df86de1528a4
human-01266,human_context,information_extraction,7854,context,511,213,0.029528,0.477495,af35814be85b2e4f3ea6bb6d74f42654cedb214ab7c3460c883d04a29b241a2c
human-01267,human_context,information_extraction,8287,context,168,112,0.0,0.422619,7dc1e4aa496ec3d2e066318eebcdc90b4df16f4bf413fe7d34f9873d938c02db
human-01268,human_context,summarization,11846,context,217,148,0.0,0.396313,7eee78bda17654a8d3dc8b4fe77cb16e018381d6ac9e036cb88abd091b1b027c
human-01269,human_context,closed_qa,2420,context,485,253,0.022822,0.428866,d99ae8c410793b2733846cb646efe1e87c23d9bd593bda71964184be4924c67e
human-01270,human_response,general_qa,7706,response,131,64,0.015625,0.618321,2dbace87e1e27a47439abf68025a9717f848fffa4501fb4151f10c4b2428080b
human-01271,human_response,brainstorming,4866,response,536,316,0.0,0.343284,88cf891112b1fde84311b02a5b41d3ef31cd76e5945e174d0025dc30799b7590
human-01272,human_response,open_qa,5198,response,164,95,0.0,0.469512,e7974fa84f1f7ce9b8d49de0a4b68bef4c31e92162c78b12fa6c3b92bb0e4685
human-01273,human_response,information_extraction,6423,response,128,93,0.008,0.429688,0c6641278d8d05e7afd476fcdad170836c2c486123e751badc96471f83a6966f
human-01274,human_response,general_qa,6973,response,171,93,0.0,0.526316,5d08570516479ee0c708f70b25c4fa963e97c1c78e39701daa0fe202953a5b7e
human-01275,human_response,general_qa,3090,response,265,165,0.022901,0.381132,7c5180c687c67e5c0e2d67604f0e4ab1f229fc8236c340290209f6abf79dd719
human-01276,human_response,summarization,2519,response,278,167,0.010909,0.381295,dedd13cf0e1fa384687523b51e98ed380791f7a79b9b23800066535086349a60
human-01277,human_response,creative_writing,4475,response,484,276,0.002079,0.390496,a367f50d212855e18c6093117a0daca00bd3735fac95c5004c2725fa71d84a67
human-01278,human_context,closed_qa,1007,context,225,121,0.004505,0.48,fd166fec6390fc6f46c6d5e172a37f2d8158e824585683e3b4c7181e69044bbc
human-01279,human_context,summarization,10086,context,165,115,0.012346,0.375758,51494446935ec8970ac17d1847b84143097413b272235fbe4d0d99d3e3844a62
human-01280,human_response,summarization,5836,response,228,134,0.013333,0.394737,9f002e0d063f998b6e3d8ddab20a3a906caba4c82cbdd84a7423e1996af83980
human-01281,human_context,summarization,1186,context,218,128,0.009302,0.412844,bd759dfe349b55458d1fe23bf90ac526f3bd61201956df1807872b15af093b85
human-01282,human_context,information_extraction,9356,context,294,167,0.003436,0.418367,90db02941babb4e26055253b62864bd408aaee2c979ed42038ec6dff3c8d1cf2
human-01283,human_context,information_extraction,9231,context,1101,413,0.041894,0.405086,4bfbb1a4cf3db99ccdaf0bbae74e5fd3478c3b4dc6607979196afc7f7bfb6e66
human-01284,human_context,summarization,11839,context,191,118,0.0,0.418848,cefdafccbfaca1a93a4dd138edcbbb2601385fe0db26002b06daccbf3afc53af
human-01285,human_context,summarization,14879,context,141,81,0.0,0.531915,e71653c42bc385fe58229c435a63af566c38cd068b1405182365e6dbd89e5fa7
human-01286,human_context,information_extraction,13908,context,183,115,0.0,0.442623,c9f446d96d3fbd6bd25f130398a71557508199e27c25849f84b5f9c968b2d248
human-01287,human_context,summarization,6356,context,283,170,0.021429,0.388693,bfba6146fa86a934f9ba70b25584b501f58da25673af0ecc87fb4efa3c3d363d
human-01288,human_context,information_extraction,10204,context,330,140,0.107034,0.521212,770f49ca2df78e7b5fde545af0958391d49bcc68c9d14c159b0e8e62aea2d8eb
human-01289,human_response,creative_writing,2775,response,154,87,0.019868,0.551948,c6cd59b3632d4f7f3ccae052b88149452661402254a7bfa4d1101a0d00dea4a5
human-01290,human_response,brainstorming,8073,response,416,209,0.016949,0.329327,aeac087ee9e671e083e66a19010d2fb999c24fecf63f0bbf7c9e25bf7de33907
human-01291,human_context,closed_qa,8762,context,128,86,0.056,0.445312,fab4af718e57d84febbba013a9824bc237face6c745dceb242035340c7a35f1d
human-01292,human_context,information_extraction,8246,context,443,229,0.013636,0.383747,0ecf651dcd491f8196a5df8775a87b1f5011c3bb8fb5cf1e18ef95e7624650fd
human-01293,human_context,information_extraction,2369,context,167,106,0.012195,0.443114,0f63bb894b3554b59ced0c52ab32e7219ba3d27d6aa4b67379b46b79f1e0fbee
human-01294,human_response,creative_writing,1848,response,193,118,0.005263,0.445596,6e4b65edacc90e1e0f078719bb53e8ca89f9456a79f4c1403be9dc3d4f77d0fe
human-01295,human_context,information_extraction,10022,context,249,144,0.020325,0.39759,d116b2a2748e8f46592946192816848599613440b389d35419ac7cc203f68107
human-01296,human_context,closed_qa,2563,context,185,103,0.054945,0.475676,aca1518398005b5820d145e8244f08b48c7fcafc9926b284dadba6bba5b5d817
human-01297,human_response,creative_writing,8855,response,242,146,0.012552,0.384298,01f9fb7ad8205861628e7c5cd2c863cb3df1adf7bf7e2596951075e558a7ad40
human-01298,human_response,creative_writing,11705,response,202,128,0.0,0.405941,4d8d9de7f8b88d23b64792c7756463d78a3fdef6153d921afe07e84c183788c5
human-01299,human_response,general_qa,11273,response,164,118,0.0,0.371951,307eb086ed8fb8ebfdfa7c0bae88ade9dd04f3258e9529af64114336d9ea2f08
human-01300,human_context,information_extraction,4417,context,280,125,0.00361,0.517857,40b576d3b7e6a4e58d56aa799f37560652c5cc5b1939bc3957f52a83b9a81611
human-01301,human_context,closed_qa,7558,context,158,96,0.032258,0.487342,36bd61360db081614b78973178461b38fd9425c7366f25c7a1bc972089c30ddc
human-01302,human_response,open_qa,3496,response,161,76,0.06962,0.652174,2e3f9d9be576fd4b79693255bf21a32f529c1bd18c6e4583fa0a0f38c7e0416e
human-01303,human_response,general_qa,7926,response,178,107,0.005714,0.455056,574ab21538a8383e3300207b709eb0ee044b1f4e7fc3ca5c9aa95c5b732540d3
human-01304,human_response,closed_qa,903,response,205,124,0.0,0.42439,1d50d319c084d26830d602ab5060f43eae2c6ca1267782f3ca9222fef060889e
human-01305,human_response,open_qa,11902,response,213,118,0.004762,0.460094,355907e88b77421de889f7705e77249a3f3686927ee22dafacc8abe3f087b097
human-01306,human_context,closed_qa,5915,context,169,99,0.036145,0.497041,48e4f0a72ef93613429749334754d96a605f2a7ab9a481238f06770aa66a9540
human-01307,human_context,closed_qa,9448,context,179,114,0.0,0.424581,623daaf92aeb2f515b67671c27c66c4cd14e80c262fc6fe06469d6644edf2873
human-01308,human_response,summarization,11747,response,306,153,0.019802,0.454248,7a2f358c9800bf3ef11e1b764b461c03e1670c999c91fe4e06609ff420bffc9a
human-01309,human_context,information_extraction,2911,context,224,126,0.0,0.459821,b1d2f3d04e539516b69250648abf725d0fca5acda11b26c82e10302feaa7e371
human-01310,human_context,closed_qa,5029,context,246,138,0.0,0.443089,610a492d8a1d52e0d21e6197426491ddda3aa766ff97fec5377706cabaf28654
human-01311,human_context,closed_qa,5284,context,181,95,0.044944,0.546961,82f33c607c0c247af8d822b0d97b366cb67b2d164c4a5dd31c04c9470a396aab
human-01312,human_context,summarization,3260,context,336,168,0.105105,0.458333,3e95dfacad958ef1e5e75fa24528004f09d92e37d8df39a93efc6c91788cf477
human-01313,human_context,information_extraction,11880,context,182,92,0.050279,0.543956,454412c6ae0914c7f21b02bdbed3670751dcd8ebde49c71de78656c9a65eddfd
human-01314,human_context,information_extraction,10076,context,1045,447,0.068138,0.349282,34263ac9c78c88a14918afc22f8ea1c5dd9cb6664df3431e960a7bc33a7a9947
human-01315,human_context,closed_qa,14911,context,164,107,0.006211,0.457317,a7ec908705f14727ab6f4026e39adc111e14548a9c7b3118a12d981d54d1ce72
human-01316,human_context,information_extraction,8913,context,181,115,0.005618,0.38674,4110165f2399222593dcaa9df5592c06cacbea4dae93ad7a059e190528b82e56
human-01317,human_response,open_qa,5493,response,133,74,0.0,0.541353,3fbaeeed1129906b2659e772ac6b9eaf79f740b5155162dfc59a3166768836d8
human-01318,human_context,summarization,5894,context,215,122,0.009434,0.451163,f3440a01bf02d129f5cb42df783b1747ea5abf06cb635d93777f02ee731245e8
human-01319,human_context,information_extraction,13075,context,954,439,0.016824,0.372117,440c6b430d5982c340dca522c141ec34abebbec244af1b6735e8d2af713fad56
human-01320,human_context,summarization,4270,context,376,214,0.018767,0.348404,a9307aefbe341f730a7f4926e251b57a1b4dc93983ec1e7790d97ea416f02717
human-01321,human_response,open_qa,10966,response,233,135,0.013043,0.450644,b35a7bb075e6331ebfdc644ea91e0becbe5ec04d920af9ae6cd4ab835bae2987
human-01322,human_response,creative_writing,5710,response,611,305,0.001645,0.337152,1e264335d61ddc8ca3bc4cb665b7cd23279260cf4ed1da092759e656964ac5d9
human-01323,human_context,closed_qa,3584,context,314,128,0.106109,0.525478,795dd96b331bf7c1c828bbae46cdd5972fcf1c719dee2511d7e72af2e68fd89f
human-01324,human_context,information_extraction,2061,context,432,202,0.002331,0.428241,1e8be87a3da7a91f7a5673dd38ac971326438cf84848954286f345ffd933644b
human-01325,human_context,closed_qa,7321,context,256,135,0.059289,0.480469,1649e0a5597d3a1d003dfd37c728994ac6fa3cb5b24ad9d40b27012bd5a6e8c0
human-01326,human_context,information_extraction,6569,context,267,150,0.0,0.449438,fed5c7fcb9b15603ae8f64bd3af6174c9ec39cf4c962852a3d756272ab4f3f62
human-01327,human_context,information_extraction,8597,context,140,55,0.065693,0.707143,1bd442d9dd02f3acddb01d6a0a7d13943ed66f91e1dcaa805356c8684c855ac7
human-01328,human_context,closed_qa,12702,context,160,96,0.006369,0.46875,cfef6e0dadaf2faee63f4946b726ca587f25f44d4d5defe9c589ca3cf3d07c10
human-01329,human_context,closed_qa,3728,context,128,75,0.096,0.5625,08ea571b74ae09c8d848994674a3c45c3c3b9b6968568522ef123d5be0b774fd
human-01330,human_response,general_qa,14830,response,262,156,0.003861,0.385496,ccb4605f9ec5cdefe091233d7b3accadec5083d75c5cb198a256823a3340efb1
human-01331,human_context,closed_qa,13312,context,1111,495,0.053249,0.380738,1ea35b2aa6f8b26544ebe02d0c18ea233ea26c2ffc20bb7ae3759976ee11e249
human-01332,human_response,summarization,3646,response,212,124,0.0,0.481132,611e1d30aea94b1f78ac350c3eadb31882e82b8f3f865e48183ce9863a40c183
human-01333,human_context,summarization,1967,context,226,135,0.0,0.420354,f015b51749102d6b9db84eab61551b6b616c66e6a465216e368c83de01a613ed
human-01334,human_response,information_extraction,13835,response,268,140,0.056604,0.455224,40799cd52a77067b1de2abd88d82ab2cd76d8714438fa3912cb30ea31239c211
human-01335,human_context,summarization,2254,context,526,249,0.01912,0.425856,51879571a216987f7c467b68b307fcfffd33e77b3e46c895082bbaeae5683963
human-01336,human_context,summarization,4296,context,145,91,0.0,0.510345,e89ca973ea88e0c42c9f5b1581190f40aa66925aae341a3745a02361190c331f
human-01337,human_context,information_extraction,851,context,518,246,0.015534,0.465251,f616ec021c1da4b6400bb658717b8b6aa32434d13db046b849798557adf21aeb
human-01338,human_context,closed_qa,6783,context,269,127,0.045113,0.513011,80c2c2bccd996c2b53d84e5f606c89f7f2c4c850eae221356521dd523f3e1cba
human-01339,human_context,information_extraction,2661,context,133,72,0.046154,0.548872,8e12c49ebd4d544175d2182623e951410bce3ecbfa08f619eab08414dd519d05
human-01340,human_context,closed_qa,7516,context,140,76,0.058394,0.578571,4a5bf1fa07576820c4b7ec51370cc2ee9a7a3acbb828225de805d18c2bdba6a7
human-01341,human_context,closed_qa,2660,context,349,161,0.066474,0.498567,5a423dd647d1e5251fbd5483f37d4ad0fb5670531fc33a20d38e67d7a4d2716b
human-01342,human_context,closed_qa,10481,context,219,117,0.009259,0.497717,403abdefd94b0d2726d1f6010b98325fde0220f1720c0e78d5cb839478f85ea9
human-01343,human_response,creative_writing,3784,response,188,125,0.005405,0.404255,0598096d27412c9dd2367a418c28be37a93fdb47dc4b9cf12037d771b8c6b5de
human-01344,human_response,brainstorming,13100,response,128,85,0.0,0.484375,db4f02e40cbbcc38c88bdb6def6a986cf7f8f8eb92a4078862012e9ce96b8652
human-01345,human_context,summarization,13597,context,251,118,0.044355,0.513944,25ad16ce4c2d863a78acdb94b17d682ba2d704068ed8204f51b1faa35e53588d
human-01346,human_response,general_qa,9995,response,141,77,0.007246,0.560284,f11b8d5b07e3f6c2dfa408d4dba138e7efddd96788e7e507596e2bd63f670a7e
human-01347,human_response,information_extraction,11264,response,221,133,0.009174,0.434389,6e22acfbc7115d8bdf50679558ce6ad8f2dc4fb26f471a53138e13d28b97c8fc
human-01348,human_response,classification,11193,response,203,125,0.01,0.44335,9bb10323e593ede95cf8cbd06f4e6668c8d80714b5f6dd993b9651fc82d06b7d
human-01349,human_context,closed_qa,7747,context,192,115,0.031746,0.416667,e3e700eb902b28b193abc40efbe95b348ad0c332497e55c369c0d688c9f05dea
human-01350,human_context,information_extraction,14589,context,211,136,0.009615,0.402844,9205f01effa4564e9bb6493e1f5974a257d888575a10d8d957e9152a34dda76a
human-01351,human_response,open_qa,14158,response,143,65,0.114286,0.615385,23c1b4c156ae61f004c02fd9ae6f72fd70f6380aa2751962e7370ef7604866ad
human-01352,human_context,closed_qa,2806,context,313,134,0.03871,0.536741,a26cd48155a52805cc1e143e8c510813970bd85e06539cac98d0194cfb11e118
human-01353,human_response,closed_qa,7163,response,219,121,0.069444,0.47032,1d86c485ef104b7c509c7f4ed99cf65d14b65dccc59ccc58221eff99109edee5
human-01354,human_response,information_extraction,3494,response,402,200,0.030075,0.437811,9997acb99f8030d5080ada49dcd21807589f31db076cad72da1a08012401be06
human-01355,human_response,general_qa,2833,response,151,88,0.027027,0.490066,84bfe22fd5db6cac37173d18f1ddef56e936a89cb750f9e271c734bd7b0bf54a
human-01356,human_context,closed_qa,7442,context,222,122,0.009132,0.45045,19062dceb096880e0078578c3d61c3bc8ccbc073df19b25117268c1119e4d62f
human-01357,human_response,open_qa,10283,response,189,115,0.010753,0.465608,0ef39f53bbe685b6550c856d97a713de376c74c50d4d5ad3c45c26b645f52b39
human-01358,human_response,information_extraction,5883,response,293,160,0.027586,0.440273,1b6675ad4197cda3908f66506454773143ee454e6d99af6bf857407405dbac30
human-01359,human_context,closed_qa,7872,context,380,219,0.029178,0.392105,3163ae84af3973b8ea2ca5c253e100ef4185377a731b1782bd0cef1cb3f25bd8
human-01360,human_response,brainstorming,11552,response,138,83,0.044444,0.485507,0cff3d25197e1da88372e20a0d541b26e464ac6be4d60f3925a89ff49ac9e11e
human-01361,human_context,summarization,12699,context,171,112,0.005952,0.450292,363daa5ff6d875260a89c5eb4dbd0d6ce62217983621b205d887d6c6f429e76d
human-01362,human_context,summarization,8358,context,180,114,0.00565,0.444444,397562cd625391f0b04455d0f123bc484b1f5f80c622ce9514ea409ac413cc38
human-01363,human_response,brainstorming,6558,response,191,125,0.0,0.413613,94696c007e65f3eaec18646f86ea4b53be2686710a625e9cee7e9c3ceee989d5
human-01364,human_context,closed_qa,6562,context,198,128,0.005128,0.414141,0973a19b6defd545a09b596206a8249d0915459c4c1f03af295e4fb47e4a7eab
human-01365,human_context,information_extraction,12525,context,444,232,0.018141,0.371622,6f469d5f451c575fbe8e3ac631fd3ad79eaa31251a5590479be17e54d64a5c25
human-01366,human_response,information_extraction,5511,response,1708,579,0.224047,0.412178,9fce6b45e7f814901e395163d67b2db18336a7b98807585dfa417bd9f9194b90
human-01367,human_context,closed_qa,9418,context,346,178,0.002915,0.442197,23ba14387476255a4d239a0509293e9fab89bf3e3e59ef558fe73e3317239430
human-01368,human_context,information_extraction,12868,context,439,183,0.098624,0.473804,3ca9ab300108ac5b71c3ae6762dc0e43bd4fb1296e22edf605a4d65ff266e01a
human-01369,human_context,summarization,2866,context,314,134,0.073955,0.5,f7b37121f5cbb6091c41fb6d9ba2a0f46dbc131e4022cd9644862e1dd8e24a42
human-01370,human_response,summarization,14475,response,133,62,0.146154,0.684211,b94857cf6f4b40b6199899677d3fcca3b5bf99e7b17cd82c4c2acf6ec2ea50f0
human-01371,human_context,summarization,7637,context,241,134,0.0,0.40249,f737eacb55d139df96f11321a8fcd3cbd12359dbbef8c7cbdf163600a95a12f0
human-01372,human_context,information_extraction,14208,context,224,153,0.0,0.375,03d0f969c34ed763845d76add74ca6b3d2a01abdd409fb0f1d75f58c37dae1b9
human-01373,human_context,closed_qa,7448,context,207,145,0.0,0.352657,af430b58a68dccccf5097cf34b829940de249864b69d7efbc9b332c23aa9d27a
human-01374,human_context,summarization,12434,context,264,152,0.0,0.443182,7a1c3a609b7af4f0a1028afde13c9dd3e2b0095702dc466c0aa32b416750f256
human-01375,human_context,summarization,12859,context,180,118,0.0,0.427778,34efe9645ca19f728e23b432cae0857fb8cdd5679a1fc373f2045bc99b4b204d
human-01376,human_context,information_extraction,7105,context,130,78,0.03937,0.553846,3d09693cba1927da3ddd2d409d9ac585a25c26115beb01564a6697a4fd8c5c4d
human-01377,human_context,closed_qa,6398,context,430,213,0.032787,0.402326,39747cc3c4886265c6454724871b69074475e9e66eb03fced13ab8ab2e2168eb
human-01378,human_response,information_extraction,2048,response,1173,476,0.069231,0.418585,fa804c7e6bb7a032281800f95d20ead833281220d0d851337d62f447d69cdb5c
human-01379,human_context,summarization,13975,context,1125,379,0.052585,0.435556,e250116bc1f1e1c49029ba910358b467d3a341db2516fb30fe3c0d28e2389755
human-01380,human_context,information_extraction,9104,context,448,260,0.002247,0.328125,7be4767f00ab7d51eacfb01868b7266bd1dadfe078473cf183895516856c8b97
human-01381,human_response,information_extraction,2326,response,460,248,0.015317,0.35,29ef055d6cb8d9503d7bb44dd86df9a946793c9ada1bb308feec94e4247e3e64
human-01382,human_context,information_extraction,6876,context,244,124,0.045643,0.512295,242ed141f13a11d09385ed2f272ef3e97f39a0724b6d5edb902b8ef8d814c418
human-01383,human_response,general_qa,14866,response,179,113,0.005682,0.430168,e5666e78be564f594acfeabfcf22d5763eaeafcc44620a3473308d2a38d3f622
human-01384,human_response,creative_writing,6499,response,424,224,0.0,0.396226,45f8d8045ecd0342993378446e4b7a5a0fa7df3acf8a6f0c162353b04e281088
human-01385,human_response,open_qa,13931,response,128,79,0.0,0.492188,fb00b60f3f7990ed9496895e3ac9ff301c76a917b9130bd04464fbab955537e9
human-01386,human_response,general_qa,2704,response,157,104,0.0,0.433121,9b4e2ff263afa60db8c21dee5471f93fd3cb773c7ab96322433cc05f053abece
human-01387,human_context,information_extraction,596,context,319,149,0.063291,0.426332,f33161cadf308f8f17744fddb395dbbe4f485bef8c7bdb21453e4a9b200c2844
human-01388,human_response,summarization,6422,response,144,68,0.070922,0.638889,2119e8f4f474305dd42d9852700c8fad17306d8f3b2a83e784304f6ac0dd783f
human-01389,human_response,general_qa,6037,response,379,191,0.007979,0.416887,f1b5aadd2452613826133beac914fa1da8a2becd0e69d7f93a00d502e40b93af
human-01390,human_response,general_qa,3060,response,145,101,0.0,0.441379,ce46bf5176c54c262cd6c048771c1358147858adb6103188e3e9b977ef63596a
human-01391,human_context,closed_qa,3873,context,128,85,0.0,0.492188,3fdbfe6e7f39e15525df402af6aaf4d8121514ca0060f2d16a5b6a796d267127
human-01392,human_context,information_extraction,13765,context,165,106,0.037037,0.406061,802ded01d3b88cedfe87a22940651074075d090180f04a407b870b61c10e10cf
human-01393,human_context,closed_qa,9192,context,150,86,0.034014,0.533333,953b1bb8b3c7dcdb77db0cf0da730dd887ebea0b36f700c834f1773ba4d4decb
human-01394,human_context,closed_qa,10513,context,281,164,0.021583,0.405694,597ad94d30aea8e94613448e8ba468568a2f91e0ceb456ae3524c3f13619887f
human-01395,human_context,closed_qa,1760,context,253,164,0.008,0.355731,258c5173e1c2d928c1eeedce6c30414f841918f4dbf4e1a48be56e835613e47c
human-01396,human_context,closed_qa,5772,context,156,102,0.026144,0.435897,cf70d42e06fe9cb134b1233f1acecea540cd0c7104e9b22ee3eb8d95ec8813b0
human-01397,human_context,closed_qa,10550,context,185,89,0.027473,0.535135,87720467b0d655807c3ccf17eb56b1ca3891478c40592e0eb227d3f781c46869
human-01398,human_response,summarization,14171,response,136,91,0.0,0.463235,eb3280a02455de6f24a6a90539da0ddb6ed0a191c3b4c02f0880981c6d3481f8
human-01399,human_context,closed_qa,2031,context,271,169,0.018657,0.361624,2b2e37db71a26262a8e6240d74be2e8f8f931cac104c96c9d12bec4af2dc44f8
human-01400,human_response,creative_writing,10737,response,138,89,0.0,0.492754,b3990f82233db0db73a29e48a28842e245e365fd9eea2daf4a6ea4f3f0507748
human-01401,human_response,open_qa,2767,response,324,163,0.024922,0.391975,6aba76d5cd6ebc02821d1ee8cf2edc01843aa3d971d1ef3ff37c4f8bd74cfd89
human-01402,human_context,closed_qa,5411,context,164,111,0.0,0.439024,30e31f5d50e7bbc67d95956253d90448b2978ba0bba0fe2d5ce6bafccfb501c9
human-01403,human_response,open_qa,570,response,143,91,0.0,0.48951,521023b60d6072f1c7cde289d039baa218f36bb8345aa679ab50c64f5046262d
human-01404,human_response,classification,8510,response,166,97,0.030675,0.481928,04f179ae2d184d436d6625ea0bb2fa2dcd8d8ddfdbac6613fec2468fe6987c4a
human-01405,human_context,information_extraction,1120,context,475,282,0.0,0.395789,7e7572c06e29ff5a0f52544705af2506c70d6d0476bced535bb2a39f9f98c468
human-01406,human_context,information_extraction,8241,context,454,234,0.006652,0.403084,e892a681436b5dbbdcb2024f0328381686cf8d48e38e8b5d73a7cc1a506f32bf
human-01407,human_context,information_extraction,13724,context,635,318,0.015823,0.337008,63ccdb5743f6ce53af98976b048fac977d31d23bb083c55f62a30564785b42e1
human-01408,human_context,closed_qa,6940,context,197,112,0.015464,0.482234,d6893284d5255202e801151062d1257d5259afff9d2af63fa28bb1fc6e70e3c9
human-01409,human_context,information_extraction,10704,context,185,124,0.0,0.437838,f3f4bc214e127a7932432ea6b6d24d38214d2e4d3d6b337f9074415ae5ff158b
human-01410,human_response,general_qa,3555,response,144,97,0.0,0.465278,c8b8c913d37f1c6397fabc5dd11202be9feceff025d9f361750bd39da18c717b
human-01411,human_response,summarization,738,response,173,89,0.158824,0.601156,59e5af7215dbf63ff802fc7f42294647bd1221cef53ed3e014a23b60ec3792e8
human-01412,human_context,summarization,4060,context,234,140,0.038961,0.401709,29d43d7093f06f90c5e77058fcccc6860c21ae73ef862528e0913017500f9044
human-01413,human_context,information_extraction,5204,context,150,96,0.027211,0.433333,6a099e7199f25d71f8964a1a93b26a7712b68916c543ec2f3a095027d7bc7072
human-01414,human_response,brainstorming,4447,response,152,98,0.0,0.486842,4ab7b10802c9a6cd395610d97e5905c68bd9bdfe4be6e65ffc8715dccc7094ec
human-01415,human_context,closed_qa,14010,context,153,92,0.02,0.496732,779765781ded34f981b69cab9543bb51b788def3b74ae52ce1c770e7ba821ed1
human-01416,human_response,open_qa,1777,response,138,85,0.007407,0.528986,8645fd174917b99e2a1c780f1421d1127e806669f09d26036c937cee3e7f7e39
human-01417,human_response,general_qa,10453,response,160,98,0.0,0.45625,34db1eb7445d446fbbe1612a78e4a38c40dcf1ad5a964d0c42e8cbaef71bb983
human-01418,human_context,summarization,14152,context,151,66,0.060811,0.615894,47e6b8eaf6883ad4a79a5114faab350d6a872b180b009620fdd55a46677829dd
human-01419,human_context,information_extraction,12286,context,358,164,0.04507,0.432961,2f0013b622125cc99a3eceb5af783862c3785d5316d8c0048c62b558dfcd6feb
human-01420,human_response,brainstorming,2710,response,130,93,0.0,0.438462,57b166cbf0cb926fc8592c4aadac4ec92d93c94039b0ff6062c84db2a712d96d
human-01421,human_response,brainstorming,7190,response,249,139,0.012195,0.445783,26ae9ace5ef3d5f5682343d07f5c08be210208b125cb67a2c79e233265107ade
human-01422,human_context,summarization,13239,context,288,153,0.003509,0.430556,784f7976d100a211f44a5237bb396ecb46d2e7e129f8ee9aece7a04746c42d75
human-01423,human_response,general_qa,357,response,200,118,0.010152,0.45,fba2060c6fb7321610cd0a52c41aa5175c45ff7652c69d836098863057b807f9
human-01424,human_context,information_extraction,9249,context,292,169,0.020761,0.407534,bf162139a68c3e2633c00b53ed8fc7d3de1ef20e88eb6466f7986cfabda5fa89
human-01425,human_context,information_extraction,12138,context,544,272,0.046211,0.402574,b004bae72a4b3436e4934cd27d497e604f137a2fb6a0a3f08de670eb1f8a9313
human-01426,human_context,summarization,9084,context,245,139,0.020661,0.461224,daf1abb6fb84e758bbfc3051a2c0f8df53cec97ce02165ddc93a4c387dfd3854
human-01427,human_response,general_qa,14799,response,200,112,0.0,0.455,566b0d4a427e1865aa9f96dde6ad16d5899accfed0c31908e3c99d0b07cb4669
human-01428,human_response,general_qa,43,response,190,106,0.048128,0.431579,faae198e232c0b63af511a133f79afc3f719bc121c1c8bb607b02ddd66a4fc9e
human-01429,human_context,information_extraction,13061,context,128,80,0.072,0.5,8065209534357cffaba0de336468323de69c618e0a3702c597e02ac74321af01
human-01430,human_response,summarization,243,response,138,82,0.007407,0.514493,a966766c2c2e106c41af3714738797ccf6196420caa14ba6df49547d20f6fe83
human-01431,human_context,summarization,1830,context,894,308,0.04826,0.448546,f64035800e361d1b1b5910be2f7da1d8d3a6dd6aef5fd0b7828a3370bfeaa95b
human-01432,human_response,general_qa,5021,response,320,182,0.018927,0.3875,04f14af5141a67645d3a9ffbfd16d9fd5c5bb12885c0ad88794446726ce54fd2
human-01433,human_context,summarization,10447,context,422,225,0.016706,0.400474,746b1719013675ad5c63c06f4acbf1709319d35b46ee4b016c7ea0ccb098d0cc
human-01434,human_context,summarization,9557,context,297,132,0.07483,0.508418,990d0b72ca143fb08200cb2a4e17541ed49c5e79d4d9abc4f8bbc469222d22c7
human-01435,human_context,summarization,8600,context,131,69,0.171875,0.526718,d1bf520ad792c4d74fdc435318e59dd823008984b5e3dceec4e55b4819e4d1b3
human-01436,human_context,closed_qa,9049,context,253,171,0.0,0.328063,e98475d84ab4a7229746a1d0768bcb024b5f7723871db5b3f99ea4409258375b
human-01437,human_response,general_qa,1144,response,505,244,0.00996,0.392079,076b1c710dbe1756527d2f7ef237c8f443bb047b489c71fa4fa70fbc210cb9a1
human-01438,human_response,creative_writing,7314,response,247,143,0.016393,0.42915,a5b48ebe897f98a691df3fb1fee90cf52544d82bb3dce86faea83967b73436f7
human-01439,human_response,general_qa,261,response,235,104,0.021552,0.53617,eb59b416a00f38cee108005e4d8cb3d0f7f9f40ff8ad619264c046d2a4835b50
human-01440,human_context,information_extraction,11200,context,852,352,0.041225,0.428404,5e471c9ac2ce91450e3267f0f5a35e7b75ae74208d10a5d305f76ceb25777f9d
human-01441,human_response,creative_writing,8482,response,202,111,0.01005,0.470297,a3999de67a6641e06d5248f352814e6ad6dafd8a15ea5b86c76ae95359485a50
human-01442,human_response,closed_qa,4609,response,214,98,0.085308,0.565421,aa435e327b35603f6ddc263c0e9463e9fd892ddf35b2d4ae294bb8d885e45ae7
human-01443,human_context,closed_qa,4072,context,942,307,0.107561,0.443737,aaabdae5c20afe0aec6f23ca7bf725b6a7597d38237d630f8ef2cf9545a62dbf
human-01444,human_response,open_qa,9476,response,154,105,0.006623,0.415584,9767e2ac80ff16d10e153318bd9bb913abd054f171e5d1eebfffc794034f0ede
human-01445,human_context,closed_qa,3099,context,692,287,0.088534,0.481214,443dad95759e88ca568224c6d809d6b9cb32b9c92f695deda969658f710e0b41
human-01446,human_context,information_extraction,12,context,312,173,0.02589,0.432692,b31434e709276f9c23152596f3b19556ddc7a8e84cd7f139b2b67bd917796bb0
human-01447,human_context,closed_qa,4113,context,162,98,0.006289,0.432099,12d2684b0e90c17fdc04a33bb4cbe3b9c20c73fe74c7d6ddbaa3e5d798e3ca84
human-01448,human_response,summarization,644,response,400,229,0.012594,0.345,18c9485510678f4575666fdd2df36212f056fa0280581ed2c69fe9e07a0c9998
human-01449,human_response,general_qa,6447,response,235,116,0.008621,0.46383,54fa00015098c279ade8291b9964f794f3a2df692a6a6b973be51f585ea2fac7
human-01450,human_response,creative_writing,4132,response,502,239,0.024048,0.374502,92f3269919c0b5cc9fd9f4452b7d0977f2f45f4daa131fe3397a6b088e18bd3d
human-01451,human_context,summarization,12169,context,149,96,0.0,0.463087,4d5a18e6d24efde2b6082d021da8b51901c0c37ae1939de4d5db6fe7e77a0e5d
human-01452,human_context,information_extraction,7049,context,199,120,0.02551,0.442211,df6922f3b5d1172bf7c20fe45b1ea5dda93297d27dd12d6035d5d67ab3349b4e
human-01453,human_context,information_extraction,2510,context,481,217,0.041841,0.413721,1b36dfd69564e1910fba04bde007fdbdff287bb967f78a700af1923129a15c60
human-01454,human_context,information_extraction,2390,context,316,183,0.035144,0.392405,4fc0116a0f8648b2bdbc83c1440fcab8ca38e8d792a1eb955859c8df190b73ea
human-01455,human_context,information_extraction,10353,context,225,127,0.022523,0.431111,756b5e1de692a8349ef2911b55f964f35e2b1ddec8295f761640b7fb66f20edc
human-01456,human_context,summarization,3072,context,170,92,0.065868,0.529412,6b51d0d7f174cb48a6fe7e8d8dd92dd0d3c41ad0177b18fd2e6529dd70453cf0
human-01457,human_context,closed_qa,9603,context,131,92,0.0,0.450382,d4656e2e5ae1b0bc6ad40bf7619904d16e425d4ffe977934ea828a0bf9aaf77a
human-01458,human_context,closed_qa,125,context,168,88,0.054545,0.547619,3da22f6a645185c73a89953b0e91d5a547cdd0ddce2f297f2d4c6a2228da7187
human-01459,human_context,closed_qa,2094,context,262,149,0.011583,0.442748,bc8839554fab84ed30dad43db285ddc796dd040c63267fc658d1a743d850a079
human-01460,human_context,closed_qa,5548,context,384,217,0.005249,0.40625,0de479054d3437bf01d9705d26023f2ccf547c803aebf56adef99ec9656e1cf4
human-01461,human_context,closed_qa,11036,context,204,100,0.0199,0.563725,a898a6d820d12de7b3e2460734c46e558b8eb4e143f0325f7217da881fb303a4
human-01462,human_response,summarization,2413,response,618,270,0.04065,0.441748,d4e9236ed1052b360ad48a2cd4756faac8552863e01999daf9959f8686cb6607
human-01463,human_context,closed_qa,5633,context,327,203,0.006173,0.366972,93777b9abe4941d08da949d295cb11a066c38903c6e13416204a66548eb73376
human-01464,human_context,closed_qa,6944,context,193,96,0.021053,0.549223,fa667418303153c4a442aa1c67ea19280dbcbbbb0c2a4d893fb8d8e7f8515a6a
human-01465,human_response,general_qa,10047,response,230,116,0.008811,0.491304,54abe42bf13c0372845eb891d5813b5498b11053741b9f9c497dd05216e1185c
human-01466,human_context,information_extraction,4755,context,166,91,0.006135,0.53012,e77e5ce7ae4caa04d6778236d638946f010a05b79012bfa7099ab99e016c9309
human-01467,human_response,creative_writing,11620,response,1021,396,0.059921,0.345739,4503362a8854431774cd8d5c9124d82a2cf0cec8f11dcddc85fb706725eea36a
human-01468,human_response,brainstorming,11303,response,131,96,0.0,0.419847,31fc28487298c52385a92a0f2ebd47b86c474fa415caf99986003fb3fd6c63f0
human-01469,human_context,closed_qa,3365,context,266,83,0.08365,0.669173,c3bd26d66f5fe3663e1b50ccdfbb0a8a569d206ff362731aa9ed50ce351eb9cf
human-01470,human_response,open_qa,3502,response,356,190,0.008499,0.435393,4e04de3bc6bdb2e745422c450c10777996b92ad6006c676dcdfbd54f08dfcace
human-01471,human_context,summarization,1743,context,183,125,0.0,0.371585,a3d8c8460b53915f26907797c5dd448405b54ba985fb66ac5023aee24f1e9ae2
human-01472,human_context,summarization,910,context,169,108,0.012048,0.47929,2c9aeaa81e4308446e53ecb251f827a7d9bf468ffb95c3ccc5f376d99244f53f
human-01473,human_context,summarization,10268,context,1707,626,0.051056,0.42355,ca1aeed857369b8aaedb020b16783099a633189de49361ee0f9ed1f2e17531ef
human-01474,human_context,closed_qa,1147,context,166,103,0.030675,0.463855,e157a0387c55f55a43db174a41bdc52ebc9a3b07319794d7a657639c60b59086
human-01475,human_response,creative_writing,3441,response,250,163,0.004049,0.384,7acc45ef593a453bc5fe16b60ed04bbef1945e12c431577eff065f5fcb5aba2c
human-01476,human_context,information_extraction,6909,context,177,89,0.091954,0.570621,c1e840d05b2ec3dc7069f94d14f4a25529f6bf4df358add4f9318763c0ad6752
human-01477,human_response,general_qa,9451,response,128,75,0.04,0.570312,ef40371651e907181d4551f78224dc98128f011ed80f2c4c1ac0830476511c80
human-01478,human_context,closed_qa,6946,context,241,126,0.05042,0.456432,0e14945be296c5ab5aa41d851680d2da5a3a7e624f0a25ef83a3f9441a8a7f06
human-01479,human_context,information_extraction,13800,context,179,85,0.079545,0.592179,b063130ef093273a801c1572ec6e86b6a55deebbd12e199c09140d24bb08c76b
human-01480,human_context,closed_qa,14636,context,156,100,0.019608,0.423077,a44b66dd70c721b1102f462007746f4186389f0e3531c49187a9384a9e1f3952
human-01481,human_response,closed_qa,12270,response,176,106,0.023121,0.465909,e14984d20c4a7f70057fc6b66336a8ed4ed63ff0def2783e2b157c9ad5b284a5
human-01482,human_context,information_extraction,2714,context,361,193,0.0,0.382271,945ff165970e16074d7d51415615c7df9bb4c6b825011abd26e4bb80e3961761
human-01483,human_response,information_extraction,10308,response,150,56,0.204082,0.693333,7bf738ad7adcb9bb40ef8705c33a64241e3667653fef0952deb1d9a71a887e16
human-01484,human_context,summarization,11526,context,457,237,0.022026,0.393873,960eca69226576f8424e82f2c91be2022cef6b1ef561f1690774dd04f27726ad
human-01485,human_context,information_extraction,6555,context,152,113,0.020134,0.375,45fad8c090dda6595b2b5689afb4ab57ee6d660ae35d33ac4adbf11e5d898e37
human-01486,human_context,information_extraction,6903,context,352,168,0.045845,0.440341,f5115b4f3063e3374767fca4b243be0f9a2f15c5a57e1a01419203b962cfe6e2
human-01487,human_context,closed_qa,10756,context,244,115,0.070539,0.561475,0d2750119758221f605556f22180f184299da409055c0f433dbf660f2418b143
human-01488,human_context,summarization,8382,context,210,109,0.028986,0.5,0ebba3b79ff5fb9a4a9afbbcee808329c601989a4925a24dc1a4921f8730761c
human-01489,human_context,summarization,1224,context,222,125,0.0,0.481982,7efc57eb562b6f33a7d1718d4c0676fe80ea14ef2404428187a7bdad314ba9f5
human-01490,human_context,closed_qa,3317,context,192,115,0.031746,0.46875,2c4e767fca2dabcca5f15520d65e8d54e4ad6d155531549d1bb39d9b86da2e16
human-01491,human_context,information_extraction,11416,context,1787,704,0.019058,0.357023,d2d19741abfe91e42e1e31754e270137ee25ae4f9763111eaddd384b4317abd4
human-01492,human_response,classification,8688,response,130,84,0.015748,0.461538,b28b058a84430bc02d3e3b63cae844dca481035116b609f6a3238e86dbf3aa8f
human-01493,human_context,summarization,3985,context,238,127,0.012766,0.483193,b446f73cf1e80ebbdecf6b3c4d8d571dc4357489effa297c345b924e783cffa9
human-01494,human_context,information_extraction,7292,context,210,103,0.077295,0.533333,77cc106917da92cb89419fc3cdbc267a73c52ec3122411105944cb198d5bdea4
human-01495,human_context,information_extraction,7350,context,144,69,0.042553,0.597222,53829564c85bccd29f7715cbe9ef18502a673ae430f1ca3aa8f48405a06db7e3
human-01496,human_context,summarization,6226,context,204,119,0.034826,0.480392,6dd3d4ee4b9bc77998cd2b9236148ac3492cf2329fb7663aacbfeac11e6dff0a
human-01497,human_context,summarization,49,context,282,159,0.010753,0.432624,d935700c3224e9399434d89ebc435e3bf6fa1bdb4cdb952b987cf7ddd90057e9
human-01498,human_context,closed_qa,11043,context,252,148,0.068273,0.384921,87c3669d7fb9ee6558ee8ae1cff008c2efd9a0015c8030ec5fb97ffe89d70ec3
human-01499,human_response,creative_writing,885,response,129,88,0.0,0.472868,1b219d8951a41cbe05fb4b0347401d818b4aae89d1673631596eb3f9d6bc2729
human-01500,human_context,information_extraction,3474,context,193,111,0.015789,0.502591,df6f80c2988a8886111a2b8625d608a6d4480a023b46e4de3456ffb05d2c16a1
human-01501,human_response,general_qa,4012,response,383,90,0.457895,0.54047,0d6c38d6d02cd5895cf1689eded48c36e3b204e7ce2bd8148ff4d94c2c4ba31d
human-01502,human_context,closed_qa,14336,context,485,224,0.076763,0.468041,04215f0b0126c8d9a55392cda3e4819f07c64d796e70e8379971f0e764dec3f0
human-01503,human_response,brainstorming,7136,response,191,104,0.0,0.52356,2bc75f6aa4645102c587321a6ce29fdc5e6f979ab9d4e0d7a26b0fc6926b5b17
human-01504,human_context,information_extraction,6423,context,146,86,0.006993,0.547945,fb282cf9d8ecfec19dd6015ffb704343b39752830b49336a7428c040b14a5c56
human-01505,human_context,closed_qa,7643,context,552,248,0.01275,0.431159,7f3f5fe92f92fea1f02dbd9054df9608ee2d077c02072ffbaaa6d22465e4a024
human-01506,human_context,closed_qa,11410,context,363,189,0.036111,0.421488,0c5811705e89ad6d5009d1c45572f0ee432f5789a1eeb9dd4a413bc5eae25cd3
human-01507,human_response,creative_writing,2151,response,985,416,0.014257,0.37665,531fcb501472f4a2ca97704deb5cd5d7d62c6bc0313962966b89a4451bfb447f
human-01508,human_response,creative_writing,208,response,950,462,0.007392,0.332632,5f83963ac5269e85b4b8696099b860db4d927f7e6d683160f3812ba22998275b
human-01509,human_context,information_extraction,3582,context,168,109,0.012121,0.428571,d3e6b25996be77987213d191f4036be455cd941a4415f088609636bddf4ef4be
human-01510,human_context,summarization,12597,context,146,108,0.0,0.39726,de7ce8653fa3f140b6781b023971999a181c27298cc7bd007dd664838f831d31
human-01511,human_response,open_qa,13123,response,164,88,0.012422,0.52439,75edffcd5fa22b8dc3b7dffe4377362ff4d17b849eb9f2018ddd1943bcd223ae
human-01512,human_response,general_qa,113,response,352,136,0.065903,0.511364,9712b41cd9340509f9e5588bd6df4ab6679a7f639f2ca42ebebf846eab49903e
human-01513,human_context,information_extraction,12122,context,986,427,0.034588,0.345842,5e41484fa81ea473aac8cb1b4576439ea00c8dd0aca6e4215aa83c99a928412b
human-01514,human_response,general_qa,2270,response,141,93,0.0,0.48227,6b8e926140663c9603b4cc0e93f7eaf24c6a2c4e200973236b8ce3db314507cd
human-01515,human_context,closed_qa,7191,context,271,148,0.041045,0.442804,f5eea5a329d2ed25c1aa2975912554ce71695801c25d8afd2590a3850b03c057
human-01516,human_context,information_extraction,909,context,235,88,0.112069,0.612766,37e60f406ac05ecb3f9a629f9f62f944b4181a468ca262a48c1ab65876ef3a1a
human-01517,human_context,summarization,7764,context,357,205,0.008475,0.394958,e6f2794dd5a03acf1229197999fbb4ff57b69368d28624549fad63119c672521
human-01518,human_context,information_extraction,13946,context,241,124,0.037815,0.477178,d8bf02af7580f06bb11985b3a4b621cdf5e6a22d92a37dfd7bc2a903e672336f
human-01519,human_context,information_extraction,11898,context,205,130,0.0,0.42439,5f8010f952a85658ce962026266ccbcaeed936cf178df464d2e595f4b185b1b9
human-01520,human_context,summarization,4000,context,510,195,0.071006,0.456863,da31db4a5a1b25fcc2fab32cf4ff52cc7f8984f411e2299528f8bd009b298cb1
human-01521,human_response,general_qa,9930,response,150,99,0.0,0.44,bf147c4958cb94eadc66ab0b618807d1f9cc722eac46998e7cc231efa820d75c
human-01522,human_response,open_qa,5576,response,155,96,0.032895,0.4,2ac77d0547b7b34de432d1c6e52ea4a517b93ac455c2f770a03c6aecfdfe938c
human-01523,human_response,information_extraction,1095,response,493,263,0.022449,0.397566,6d91e7584c8d5bcd633d38b791742463d7a3dd7c3039a87d5e43505f18142be6
human-01524,human_context,summarization,11409,context,329,124,0.021472,0.586626,8b1e4eeb431535e9e77e9bab52ecae3803420ad8891cd78d38b473f6f90b642b
human-01525,human_context,closed_qa,5341,context,227,132,0.026786,0.449339,1c35d37687f5ad678a7f3db383f9cc37d40f9ec3737f9485933f2e84b73c3955
human-01526,human_response,general_qa,451,response,299,156,0.030405,0.424749,e9953425f90875b77c976856733438db821c2c816069888d69224019f0415d38
human-01527,human_context,information_extraction,9839,context,421,172,0.069378,0.486936,8b0da365888307cd254d4e156d60d4727b8c9c771aca666e11ab48be2314ca74
human-01528,human_response,closed_qa,11558,response,159,67,0.076923,0.641509,c7c5fbb260ab84245617e5365b7283b50079665512add28d71c57707af3b7fe7
human-01529,human_context,information_extraction,12993,context,287,148,0.017606,0.463415,207e2abcd1cd8af368f65eeae8e18512d9692690e1fb24f40600518521351bd7
human-01530,human_context,information_extraction,6866,context,768,286,0.24183,0.596354,d15c676ba325e8d27d173b85eda12f90ff5692bed455a79f4b8dff28507e3e94
human-01531,human_response,general_qa,7775,response,143,79,0.014286,0.517483,8d3adecd2ae95def4f31a317f2546d89cb020ff324899b924d28a484f6be4399
human-01532,human_context,information_extraction,10872,context,158,101,0.006452,0.417722,1b9fbaf49abeae37ec223a57a4462662ec053e0a5750c906144a58b8a064e8ec
human-01533,human_response,open_qa,11561,response,204,108,0.004975,0.5,69cfd6143a8ecf8b9ce8ced3652c2af0eff8c1658ccfadf30959d446278dfda4
human-01534,human_context,information_extraction,4797,context,284,153,0.02847,0.40493,d479d331576b5abfaf89f55bb90365ddb027a102c80213268878bd4be39d565d
human-01535,human_response,brainstorming,3867,response,221,108,0.06422,0.552036,11213a973ec01604ec7e67da848fe4f6be17e1105e53a64b896cd72d870b6008
human-01536,human_response,brainstorming,7391,response,183,122,0.011111,0.36612,9b2f21b8e544fdfc035a9052c2c65f6ea34f03a5b73843e361379ecfa61826c0
human-01537,human_response,summarization,6985,response,301,158,0.020134,0.438538,030adfea4de7a42fe86efbf89eeacf704f537b8118543806aae19c22204745c6
human-01538,human_response,open_qa,13092,response,149,95,0.0,0.469799,2e1bf2be82a00e8c560a45857b9ffcdc9ccdee58e17aacdd1e566c10c8253655
human-01539,human_response,creative_writing,7354,response,170,95,0.035928,0.494118,7dd6c93e3cf57820218ecf18a6e31e63490f251fa6e759dd18535c94bcbb55d4
human-01540,human_context,summarization,5132,context,190,137,0.005348,0.326316,184465fceb4953f6463eda2c423b023eda5482d6becc7135732c652f253c797d
human-01541,human_response,summarization,8834,response,131,74,0.0,0.572519,21713018ce6e75ad425e132304165e6aee867c9f20c8cf8a7351f0dcc88c93ae
human-01542,human_context,closed_qa,1564,context,135,97,0.0,0.407407,5a44f7789907fbc634898fc585236e3f5e119e971deed9f2f9985b7ba81f8901
human-01543,human_context,information_extraction,11854,context,209,115,0.014563,0.511962,ec9f4ba474f06a78c80548a80d3fbe04ab2cbcc2f2f217d57223bf514fb40601
human-01544,human_context,summarization,3888,context,265,106,0.015267,0.550943,f023aa3a3b389d0097dd1bf192e05e3a4aa931d0b78e21cc70c44751ea863760
human-01545,human_context,closed_qa,2845,context,375,193,0.024194,0.392,b39d55fe00cf3ca808636d296b1bac9a71d8f944f2da6a28bf9080b171305e24
human-01546,human_context,information_extraction,7792,context,493,256,0.038776,0.395538,9a2cc58e2944fd2d38d9e57e6636dc786408b2b6992ebaf9044f1dbf6a4c8c03
human-01547,human_response,general_qa,11664,response,183,103,0.011111,0.546448,6dd536478c425e7d8ee7679b0e78a65d8053c85aed4a480606ae72d80f86a968
human-01548,human_response,brainstorming,4269,response,191,121,0.0,0.439791,0b22ebd06968dfc2e6b425b71e17335cf14e9988b351319d3879302bad85ebee
human-01549,human_context,closed_qa,6851,context,279,160,0.003623,0.433692,93aad31013f008410bae51fb0c01e502addf0fbf5162e8ad77bfcdb2620d09d0
human-01550,human_context,summarization,1119,context,149,94,0.006849,0.503356,8df4efe90b5f4880a380618de48345bd8293455da52d7b9b82d9ea310d4c3547
human-01551,human_context,summarization,1555,context,445,225,0.013575,0.41573,ac4ab41acfe6c05d7f90dd4f81cefb8b9c8a96ca113f24e7e70b81f2d5240529
human-01552,human_context,closed_qa,3779,context,226,102,0.085202,0.544248,6fe9f4e057609a0d98fd97718316deb31ba20abf5e646aaa9d9db4c26c91c3cc
human-01553,human_response,general_qa,12014,response,131,84,0.007812,0.48855,9d5d6612e9373cfec0439c12d38bae92257cf72d33463b3f6a307ef9bd396702
human-01554,human_response,brainstorming,14236,response,142,93,0.0,0.471831,d594eac5c92cad8f1465cf165ae46b4c624dd3517e9c6fe5dba23dc2fa3f39dc
human-01555,human_context,closed_qa,1953,context,184,114,0.027624,0.467391,24138555a57e38c86832cb9278e08aeb069eeccf3335f10aa9ffb6b9d0a04ded
human-01556,human_context,information_extraction,8850,context,4196,692,0.270451,0.565062,546745154d56188caede5325abf613f965e136706f0ca2696e1aa287d91e432c
human-01557,human_context,closed_qa,1581,context,304,164,0.019934,0.394737,b7b2b71c502de5ae2172f3c7ff777b84d3df2fc00b3ff508a286bf636ffc6292
human-01558,human_context,information_extraction,202,context,128,90,0.0,0.453125,b1c1bf987415c43b4cdcdce0a2fe68cbbf1f0aa952d45ce68b135c2e0f7149b6
human-01559,human_context,summarization,6732,context,551,267,0.05292,0.419238,2debd8982a7e09307fd558dabe419bbfc9039ed7f0e397e28f4c43e78fa2cfa0
human-01560,human_response,open_qa,11909,response,130,94,0.007874,0.430769,bd952406e9d1d5e7e8b45b658fa1f2b5f4f03fb1f0dffecaa2fc64f62043e524
human-01561,human_context,closed_qa,13001,context,163,91,0.01875,0.515337,2b46cd5ed9173edc3ac90005debee0070cc4feb18d51377b774f8eff0d2ad3da
human-01562,human_context,information_extraction,6665,context,435,186,0.034722,0.494253,f18b3960c85d7b40a591f6d66f7c79a7ac491806d4d0027f3f3b9a8bdd56480c
human-01563,human_context,closed_qa,965,context,176,119,0.0,0.409091,ea3e6ac3b3970d9b4191e5c40c7a38618414bdc7e3ed8e81bce0f6089b06d3bb
human-01564,human_response,information_extraction,4756,response,531,209,0.089015,0.467043,3fa2e0588676da8eff8bc783032da332a896cb096e88a2513cb6c2eb32a3c8d0
human-01565,human_response,summarization,12043,response,274,128,0.107011,0.514599,84b35cb9b1b32474396c3fa52ba75ab4265f6644175302bcc5c011fd90094700
human-01566,human_response,general_qa,2853,response,181,114,0.005618,0.447514,50c19340bf2a7ee247420f67c33b224771a873a1ecc6c6d9540d547ed60332a4
human-01567,human_context,summarization,1685,context,180,101,0.016949,0.483333,dcb1e571196ce346c6ffeffa71cf9f322a1a5f32e88fe48844e81435d06d5735
human-01568,human_context,summarization,12154,context,257,87,0.066929,0.626459,fd4934816906fec8cd90ff755ffbeb85cd54bb82abeed6f7fb7b4f32abfde8a9
human-01569,human_response,brainstorming,6582,response,188,124,0.0,0.414894,e57207d0d1c95d6cd4b53d5c84a7ff25f89aad28f15ce23b9deeb7a392909d05
human-01570,human_response,classification,12277,response,311,153,0.077922,0.559486,95535a37c3d75aefdabc5de4e0863dc1d0f1978615eb247d89cba30eb049e83a
human-01571,human_context,summarization,1890,context,416,207,0.004843,0.384615,9464800eed5624974661736917b099943b63ec6b6f2c53654112baf9498a21af
human-01572,human_response,information_extraction,9196,response,135,63,0.227273,0.637037,5e6f17c40fbd09ee2229f8922200f8d70eb6fd37cce6db3bb3be600706ca5dde
human-01573,human_context,summarization,11630,context,186,105,0.038251,0.505376,87bba5d3a0ae303c89bded74bc009f4793f7bfd7ddfbd59f6c2dab0445339554
human-01574,human_response,creative_writing,11472,response,128,81,0.0,0.523438,ffb1b142260aaca612a036b517795cd7c61b36adf21e9bb8a895dcae4d8e0689
human-01575,human_context,closed_qa,7777,context,583,280,0.013793,0.375643,c121606b8137a3ad4f2d95b9e6ed63c7d2497a1d8192f2142d909e2ba669c865
human-01576,human_context,information_extraction,2759,context,334,150,0.048338,0.482036,e9d93e4cd31556e2a1485ab97fc38507dc412d62965cdcdc0cccbf2cb6b3144d
human-01577,human_context,information_extraction,2088,context,288,165,0.017544,0.40625,0085c3de2f8f3a0765ea00a9c240fcf62a2f8e53d71eef98f4477faf54e45f0d
human-01578,human_context,information_extraction,10018,context,136,69,0.015038,0.625,e7641c3be1100fba9597748b2f70d9a8a22f011dcce32ace12bcf3397076dea9
human-01579,human_context,closed_qa,7887,context,191,128,0.037234,0.361257,0d15f7d0d91904160334615f531dd71c012b3a7498a5a118a44065983d9995e7
human-01580,human_response,general_qa,12521,response,145,85,0.070423,0.434483,a21de6a5859a71bacdb0806c312efa3ded9a345dca7639b12650d7b23d0ed2f2
human-01581,human_context,closed_qa,6070,context,128,57,0.016,0.695312,6d5aba5a767a8f6d8fd3bbfba87488128cb3aded86443f1b89d5f55e7970115f
human-01582,human_response,open_qa,4943,response,286,171,0.0,0.426573,c6985c7efd74759afd77d8c5b536676740bf4a36a7c3502b913ed1ef38f1a9d5
human-01583,human_response,creative_writing,9808,response,164,105,0.012422,0.45122,6d44bc1b2f9cdd5a3d9ef952b4eaa259b462b6d0d5fa669697bf86964b5ca330
human-01584,human_response,open_qa,14757,response,156,91,0.006536,0.519231,cb8297bb85a2ab781f3a2d88a122fc80e80c80c8a0a0ad60a873f476039fdea1
human-01585,human_response,open_qa,13999,response,243,138,0.008333,0.473251,999139773b0c19647e8604e12707c40e5baba60e10ea08f64a4024579e861d81
human-01586,human_response,classification,12145,response,163,101,0.05,0.466258,88aeb366cb83962b29dc77d7931936bae6a92fd1cb9102c0fddc6ccfea8344fe
human-01587,human_response,general_qa,10725,response,269,149,0.003759,0.442379,c842a56290c8c6fb99bd4d2680c570f3182b4bf5de267cf08022c9daf62c7cfa
human-01588,human_context,information_extraction,11256,context,4970,326,0.415945,0.822334,94fd19d61ee20df10b8609773c079c2094ca391a5f019ba606fc4e661b8778c7
human-01589,human_response,general_qa,1457,response,363,131,0.133333,0.539945,7d9491b6b9fb73870d248fa18f364b397466875a0c66be82a206b0f3a42410f3
human-01590,human_context,information_extraction,10438,context,376,174,0.034853,0.43883,c5d7848e6e49f52f1ca2a5bbe86b57faa4576df81ec898f2125f42abca418791
human-01591,human_context,summarization,11919,context,168,109,0.0,0.440476,6cc279eb76d1df33f77e7928297133abb7c92c71e6a1c973ce75d19a97627259
human-01592,human_response,general_qa,11459,response,194,124,0.0,0.417526,43118739389c65112e94a644cd3d4ce85b6108500b30892eeb40439feff7ddee
human-01593,human_response,open_qa,39,response,337,207,0.002994,0.391691,1a310dfccabab8c46f0f22d7887d809abb2f988d35f0ea702b07d00ce3b4e7c2
human-01594,human_context,closed_qa,2152,context,174,122,0.0,0.37931,87b9a7cb4cb15d0cf5402d2f6eb62508abf49abda88db3a3a3399f492212461e
human-01595,human_context,closed_qa,5299,context,151,91,0.02027,0.496689,15c89bd6fcb629ccfb5154fc1157c97a3d90c8a7721a328801c3897df0e9a3e6
human-01596,human_context,closed_qa,1874,context,211,137,0.024038,0.388626,f098b5a56c8fc97900fba17e3589f466c184a6064be1f64acb21fd126bf37902
human-01597,human_response,open_qa,11752,response,128,79,0.0,0.507812,efc760d38b617f8688e5b0ec8e7aeefd9980f276173a4a5c9190f6eab8e6d99b
human-01598,human_context,summarization,10805,context,665,295,0.043807,0.345865,7bccc520e5a436bc3a735c30f923716b2607b017911a6b03f5a96fd4967beb95
human-01599,human_response,open_qa,1778,response,249,115,0.012195,0.53012,9aba8bfffba59aedc49382a070658e1a8fef95a4722c782bc45430181b14829d
human-01600,human_context,closed_qa,14286,context,252,106,0.060241,0.547619,df5ccacf53651adab05dae0cb2b02b25e0be992f7ed90632e72bac275af67ad0
human-01601,human_context,closed_qa,1437,context,145,104,0.0,0.42069,2a76d8bbc9271c3047943ce3e1355710c3d6eb1c78035ab7a379b61a2c86eff3
human-01602,human_context,closed_qa,12470,context,2898,987,0.059413,0.357833,de13d30b6ecb587d19ed6ffa2f649dd7e5c9a26b767bd24b46c169b5c74ec0ed
human-01603,human_context,summarization,6625,context,316,183,0.025559,0.420886,2394c50f55882bd0a5dade2bb58e7b07334c8f01891f0258cac06c122c846df0
human-01604,human_response,open_qa,9617,response,301,129,0.036913,0.528239,87da709e580c1a1ad10b8cfc0a4e3fd2e9a1ff318040ed10890f27cdf44bc264
human-01605,human_response,creative_writing,9957,response,240,132,0.008439,0.445833,b991593f3002fdd631bc3328feb6e8e0ccf7c8b8c56ec0d82aef699703a2cb6c
human-01606,human_response,creative_writing,14300,response,379,168,0.031915,0.459103,d31c6fa948250bcccf57bdd76b110c24aebd554359aee681a70bba1215c08a36
human-01607,human_response,general_qa,3171,response,235,101,0.008621,0.548936,406036b7b5ff334de8f6490b942b6308c31a7e91c74160926af6d1c3161a2f21
human-01608,human_response,general_qa,2047,response,216,127,0.0,0.453704,0c740753d97e5178986105b7b0949343e1bfaf097c7f076b4623682df8e23515
human-01609,human_response,closed_qa,14006,response,179,99,0.011364,0.469274,3c8be1afaad6f219d45838a3507262a71da2673f0ce16c546d91c9e9508f444b
human-01610,human_context,information_extraction,6048,context,174,100,0.005848,0.488506,f18cb99b55b5ee2bbd7b0b2f73b68a63dd9ab65bb8885950455ccf7c8edf2696
human-01611,human_context,closed_qa,931,context,155,99,0.026316,0.412903,965f5a2433fae1a027a94078480cafa1be3b892c0be5dc17968f031d6707ee5c
human-01612,human_context,information_extraction,1697,context,428,224,0.018824,0.443925,ca95b3ac229a4dfd1709ff5988653c8ef0c5bf78997f97d5c0b21ddc48970941
human-01613,human_response,general_qa,2484,response,133,88,0.0,0.481203,85a68fc9bb47366796526a8e66016c2774467c67f207f527e1ac72ebed8d0ebe
human-01614,human_context,closed_qa,14008,context,149,93,0.0,0.503356,5a4c4888fba0a83ca30637295d16232efd2c4c31bc1e22b702a053776da8d731
human-01615,human_context,closed_qa,14425,context,547,235,0.025735,0.429616,b80be89553c1a9fd6d7b64fa1de3342d6f6e43cc63746587021facd4871cefb6
human-01616,human_response,general_qa,13639,response,136,70,0.045113,0.588235,cdeac5fea3ea6feacb1f9a6ce279b5ab14a126dfeff0a5d8d3a5ce3dbcbfd13e
human-01617,human_response,brainstorming,13900,response,218,127,0.013953,0.431193,a910c48d6dafa57ca6492355870358818526986306e3d014b725aebdaa9a8ec1
human-01618,human_response,general_qa,10211,response,151,98,0.02027,0.417219,31028a30f12d2f9b9eba7f4f42bc68a016a735048ce8e2140adcb36c9790c480
human-01619,human_response,closed_qa,3360,response,233,133,0.056522,0.386266,98d01164de14d5661594ce75ce51a945617c788393fbd7901fab018c5776d6dd
human-01620,human_context,summarization,4291,context,851,391,0.01533,0.421857,a24f30f7b86436f8429c2f0d188a017e9ed4fa7535102906b14a5c8a024213c2
human-01621,human_context,closed_qa,6655,context,230,121,0.022026,0.508696,acb85f44d9d2057be0c85607571cc1466d1e8adc407d7667a0a507fa121d289b
human-01622,human_context,information_extraction,13409,context,366,185,0.044077,0.483607,e859c6ecbc0a256eca950b523de7c457014a02e53d59f33b4f6afd66beee0c45
human-01623,human_context,closed_qa,14920,context,239,125,0.042373,0.464435,99c728e0552ac795ad48b04f6edcb73e3635c37d411bc7e776f1c0da10a62e7f
human-01624,human_response,open_qa,9511,response,141,98,0.0,0.446809,a72b7cbd826747b640d9b0e653e499eceae59d7028f43d5f2266d441d1df21b2
human-01625,human_response,creative_writing,1432,response,493,252,0.012245,0.425963,3578077d132dd46b2105b40e6f95a26fb1795ebdcbfae130a3fdf0c984e5cfaf
human-01626,human_context,closed_qa,14733,context,664,365,0.007564,0.322289,9e720662e42cb7f61986a4fb38a5b3355ba0d59ed31e6a42be4c7e9c6d94e061
human-01627,human_context,summarization,7140,context,177,89,0.028736,0.525424,53a30c63a38a88e4fd4d15674349a8a0f5210ae365f6e3e44f0857d3c42cec95
human-01628,human_context,closed_qa,6599,context,133,78,0.038462,0.548872,aab6c5de01fbc7accef6730a26e6bfb20605028261aaadb7ed400d14fe5dc231
human-01629,human_context,summarization,4525,context,492,259,0.02454,0.343496,a7a467da2207bc0bab4c3bcfb34bc6479c73f953049c57b0c042ad5d8ff87cf5
human-01630,human_context,information_extraction,14661,context,363,203,0.011111,0.393939,f99db307be369600c7851d53f058dfb4292fd56119b0105db7a222f04f60988d
human-01631,human_context,closed_qa,10640,context,230,142,0.008811,0.417391,a5f45596dbac4c4400be43ece84d99a018d5f1c40a574766135f732015841724
human-01632,human_response,information_extraction,6251,response,212,103,0.057416,0.566038,e4182151a8f0b41dacd48be6cfe18ad6d1094656319556a1abcbcde3cac8b6d9
human-01633,human_context,summarization,9005,context,431,186,0.042056,0.457077,d3e784bc11e64fadb0ce019b9606366f02934c844c0474373d51e3d661c10d2a
human-01634,human_context,summarization,4616,context,336,139,0.042042,0.535714,36ab1d95b426c1cbecc0995b584cc7d357be3610965e1b06b05b294fd463dc39
human-01635,human_response,general_qa,4155,response,330,123,0.018349,0.545455,aa84ee987ba25e43b4cf8afeb2a50b49f999284a7cd3cd28824535acbd686876
human-01636,human_context,information_extraction,4629,context,248,134,0.008163,0.443548,f0cda9004824678df1e2356083213be5bc0008e4b44ca1a30579a4e19bc12e39
human-01637,human_context,closed_qa,12212,context,132,85,0.0,0.44697,d606775e376e7ba87872ac906c234145b268296113d4403a4e79099270ef71ae
human-01638,human_response,general_qa,1326,response,200,114,0.0,0.455,00d8adf26b43b5500475f0d79be802becdc0ae81ee539d11d4c6fbac90560b9a
human-01639,human_context,summarization,10305,context,266,149,0.038023,0.394737,3d7f484ee06ed70e8b541eacf695f042cdd2cd2789b2777f63fb2ec10ac42823
human-01640,human_context,closed_qa,3162,context,241,149,0.004202,0.385892,79e8459b9b101da0671a45d4125067c981d65ad9404449679507f8d6c73981d2
human-01641,human_context,closed_qa,10235,context,199,122,0.005102,0.422111,8f4ef467c4088f17980a9f3a657031eec4831fd9c6cb32fbdd68d9ac823110e5
human-01642,human_response,brainstorming,579,response,205,126,0.00495,0.439024,df9da26296a7dd79638c47dba0d36d48e1cdc3d9d3b7fcd35d20e3b261e48cc4
human-01643,human_response,open_qa,4793,response,207,129,0.0,0.458937,2c71432cf1fb3499e83115db347d6986fc215a53c954580f33757a9a269f8c49
human-01644,human_response,general_qa,13955,response,141,105,0.014493,0.397163,0c3bb20b5787b30c45e4df2fe0a8e7266fee365cca704bfecd9f10941828df09
human-01645,human_response,open_qa,3057,response,207,60,0.215686,0.797101,407a16ebc26414c472b49e4abf473e855149176ae6bc5bd5ce524bc899238fe1
human-01646,human_context,summarization,79,context,191,111,0.010638,0.481675,df119f71d45c2a09930cd445f5bc84fb8a54912f526cad4016cd7039cd299c5d
human-01647,human_context,closed_qa,4027,context,326,183,0.024768,0.411043,5d7b6a27759b40cf88cda813e9caa2a9204b282ec13ff746db35e1db4cb3e2d1
human-01648,human_response,closed_qa,7460,response,138,81,0.0,0.463768,37d1cf123894d324b63c05b8a00c3449bebf7ab822a94b44555eb3dad673e8fe
human-01649,human_context,information_extraction,4234,context,319,182,0.006329,0.416928,4df830d23f3231ca723247849b9733378ed082ce850a651449e1367cd2e83753
human-01650,human_context,information_extraction,12185,context,541,141,0.236059,0.704251,48dcb9cf53b3c5e2ff15dc8a23d5540998dc2b4703d849585d001b0c7667867e
human-01651,human_response,creative_writing,4689,response,357,190,0.014124,0.442577,95b901405383bc4eef0d96414e4a70c25633dce25f6e8120fa12633c228e52fa
human-01652,human_response,general_qa,150,response,208,114,0.0,0.451923,b3633894486c71fc0650287f610155e12295e26d6d78144be17ce7c9fd59bf3f
human-01653,human_response,summarization,9844,response,192,123,0.0,0.442708,8fde3cabee3f29892e1dd0331d8c6985db26e8177e2ad8147be2506907e9d03d
human-01654,human_response,open_qa,58,response,268,130,0.030189,0.455224,0fce57d313f7472560a3f3b78f5fbdc16bbeaaf374fe5863b4d4637a40350763
human-01655,human_context,summarization,14092,context,521,286,0.023166,0.309021,806995a5d62afc0a6365bf4ad2f88ffbb17f1f840aa44aa033cd2cea700b170a
human-01656,human_context,closed_qa,9452,context,193,113,0.005263,0.455959,cfe2ce427db0f7a172a9ffa3588417b9712d8f1297ba0f54bde0a4097551a193
human-01657,human_response,information_extraction,6723,response,186,114,0.021858,0.467742,110d1008c8fe2c4650177864a2f9d3baa299cbf3bd079e8efb9d486fe6f447a5
human-01658,human_context,summarization,2553,context,197,132,0.030928,0.380711,2e5179ac3e6122b723b674423ce9e21243967c7812dd0e6ef990c818cc8f0c04
human-01659,human_context,closed_qa,12383,context,193,100,0.031579,0.507772,42f393d37bf600bde427b60aaf27eb37d3dfdf832a1fa80499669245ce74f738
human-01660,human_response,open_qa,14588,response,694,317,0.001447,0.391931,2f9676608306047dcf52d74306a813dffe2cb65e97408cf426c2fa7d37cc2029
human-01661,human_context,summarization,12632,context,189,115,0.021505,0.455026,635e146a7176f71a720c9a179c0ca19c1dbcd736317d82ad051a7a0a13865e30
human-01662,human_context,information_extraction,1745,context,203,112,0.04,0.46798,82e3ac2ad6c808d6b76155b77459d81555a1334ffda839406654ddf6ad1e2662
human-01663,human_response,brainstorming,1978,response,148,90,0.006897,0.527027,117e25870bebf46642eafe00f2f3e0691974989fbf26c5de3ae8202430f80755
human-01664,human_response,general_qa,528,response,147,86,0.020833,0.482993,2bb440ef5fb15d7285056467d4c400d130e25c56e3c6fa9819ddf8caf444f481
human-01665,human_context,closed_qa,5444,context,533,290,0.009434,0.375235,b049a15258c533aced87404b7da7777c0dea2a7c2743b3afd04b4abd1a8eedcf
human-01666,human_response,information_extraction,12800,response,662,129,0.350531,0.521148,58d32264960f0388d7af9982dbd1d233c8e9d51ccb09235bd4cfa156eff1b20f
human-01667,human_context,closed_qa,789,context,945,399,0.045648,0.422222,eb83c14561cd1110375e50fee6ccb69aede3dfac1f1dc3f156eef29571475ca1
human-01668,human_response,closed_qa,6329,response,148,93,0.013793,0.486486,e4504f38a5c60e491e345a1372487f16e8dff1ebfb3d501d45997394227caffd
human-01669,human_context,closed_qa,12861,context,167,98,0.018293,0.497006,d764bd6cd568de6a1c1a020f0d870c357e8f500ea27221a204173376d6b54686
human-01670,human_response,open_qa,8581,response,161,91,0.012658,0.47205,87382398cfec54e34433569ce7a4d68bea7ec768896503a572d1b2ca05e45cfe
human-01671,human_context,information_extraction,12306,context,195,124,0.026042,0.389744,ca127ea8180035db5e343a917303c3340f077b3112ca76d36f866b5bc6dff7d9
human-01672,human_context,summarization,12090,context,627,286,0.025641,0.401914,9e14926f6a9abe5fbb03db675372bd1d95541a1e0fdbeccd1dd80df03191bea2
human-01673,human_context,summarization,7476,context,242,117,0.020921,0.475207,59cc67277063679aba7f15a8fed23a802e1524778216eed60fefb2e66351856a
human-01674,human_context,closed_qa,10528,context,236,149,0.008584,0.360169,31767af1e2ba1aab5b0950cb28d71c4b1a3df48d78d95d9da1a906ed007e9d32
human-01675,human_response,general_qa,7435,response,220,124,0.004608,0.422727,8ea73e183cd05e64af2d1fdd7d5b2e389b6b8d8cdb4791a8825c53466b355aec
human-01676,human_context,closed_qa,3037,context,535,252,0.073308,0.401869,400315767e2bd3c2f051df5d984c04df424e34e0fcf4c92fd31e2d0d8a546cdd
human-01677,human_response,general_qa,1167,response,392,205,0.007712,0.395408,58eb000e2426edfbc1838167cf37f79bab4fd19453c05204e8a7b6edb795d3e6
human-01678,human_context,closed_qa,14824,context,230,150,0.017621,0.334783,7ee612009be71010b041366e5880249113f107b2fa166f51b01168d47cb9673d
human-01679,human_response,brainstorming,5065,response,324,197,0.012461,0.364198,72f068ac1f78a8da684eeb823ec406dc6d646fa5d438ed14fc2a84056eed9f65
human-01680,human_response,general_qa,12073,response,550,314,0.005484,0.352727,71c7a8efa80a8287ac6b3ea7dd971767397cd68c74793d482b6f50bb15837233
human-01681,human_response,general_qa,2081,response,456,229,0.02649,0.432018,5971d1c17961f2215dd94bb93ac9a682fa42da6a09948fe252d7b439f85875e2
human-01682,human_context,information_extraction,6389,context,190,99,0.048128,0.526316,abe4b02111ce3f2179e6b10e91ba119c6a017ceaeda2213e183e8ca2a5b430e8
human-01683,human_context,information_extraction,4535,context,1098,465,0.021005,0.378871,e938d25129278a91839b58e0d512bb5ac3cc829630696d7abec9569a1067d8bb
human-01684,human_response,general_qa,10127,response,444,226,0.011338,0.387387,192de357ca2fb6a4e695a9dc8a85ee2c0624bdc6b7a78412443c4462172af24d
human-01685,human_context,closed_qa,11151,context,359,173,0.02809,0.470752,6ad6e808c71fad983c4b1d53d44ba322e87b07a5b3ed77d25b9abd8d2ce217de
human-01686,human_response,general_qa,8196,response,171,109,0.0,0.450292,1b57df8d7e42a3a87a83a8ab7faae01ebd8b5cd3105d69f7a01814e5fd2ec074
human-01687,human_response,open_qa,11964,response,271,140,0.003731,0.428044,5380aab83d8d9f5cc390a6816e944376c29255fb489f1bf06498dc370d1b362e
human-01688,human_response,information_extraction,7179,response,242,144,0.004184,0.454545,d9ced3519ef15326759e18d98e1c230cdc36591876963d8199c891d85a17ed25
human-01689,human_response,creative_writing,6050,response,293,167,0.017241,0.409556,aba986ad0bc464ebca0b32b411a610b6f940834da0b12db0acd3a3f2ee75070a
human-01690,human_context,summarization,7384,context,170,129,0.0,0.358824,9146ec421257a9e6c92b01bce2f58456e46a6399076c765e3a0311c690b9f4c7
human-01691,human_response,general_qa,5677,response,159,87,0.032051,0.515723,d2efdb18e5693250ee9cfa6b323f1968e25070fe6819c3b8b701e8f91e708315
human-01692,human_response,open_qa,2144,response,437,196,0.085253,0.466819,973464f2a8d567b3283fe086327062be9dc79d515da4803ba20fa443599d35e3
human-01693,human_context,summarization,10990,context,351,168,0.014368,0.461538,f64abf71477f8a9b99440fc96e8248d3a66c5f45e50b63b82912de82f4f7cb2a
human-01694,human_context,summarization,2035,context,625,292,0.014469,0.4048,8f65c8d54b9dff596b57a030361dcdd2af239efb2d07a830904c0f0a922b1a28
human-01695,human_context,closed_qa,486,context,470,197,0.072805,0.470213,7a9164e2d4f59b797c0faa4043bde631ed2712893f5b19902420617bb4d780ac
human-01696,human_context,information_extraction,4359,context,236,127,0.0,0.508475,068d5c873811772390f167c478ed2ab15dc806480a265a8739fc19e697f02f51
human-01697,human_response,creative_writing,11313,response,294,186,0.0,0.363946,d6e19442ef3dac7c5ce2973ffe2d8ef648949138c10475bf0257af23a3c4b441
human-01698,human_response,open_qa,3956,response,141,92,0.0,0.489362,f212d6b4a3aca8e1cd443ad8265702b1aa4a0bfcf58550fa5c836dd1ccf90e08
human-01699,human_context,closed_qa,7457,context,129,66,0.039683,0.643411,7e12792872c58a516518d5ebbf4872aa2b40b6929b961a5de0285bbb78b25f71
human-01700,human_response,classification,2608,response,351,165,0.014368,0.424501,182c441b1e7c93e0c3975d47423097a61ac5b60c6532b63d38c8d1984e009d15
human-01701,human_response,open_qa,3720,response,197,48,0.0,0.857868,00bab0d065c58e581f52c6fb3415aa91b4de5fa193a78b8fe71b04b1c5909156
human-01702,human_response,open_qa,14427,response,140,77,0.014599,0.55,efc22d0f2bcbfdc9854b3f6b9a0900e574c5958aa4a7fc2d8a19d19ad06688f2
human-01703,human_response,creative_writing,10913,response,172,121,0.0,0.366279,5b08cde6495bf64730e4fc4bd2d47986caecc172a5fb7e8edfebdc55b5b15571
human-01704,human_response,brainstorming,2114,response,135,80,0.0,0.518519,229f96879dfffc1c69b229b700b6cb4f1549a28bd8f9f43f2771b6ca2a94df3a
human-01705,human_context,information_extraction,8695,context,511,260,0.01378,0.446184,91f3c760f5f4464811feee8a1944792f96f044dd04c9777d4e264d7dcd1ad477
human-01706,human_context,summarization,700,context,451,200,0.066964,0.445676,bc81e6388d12749784a895654b9c8fd87a884e33be43c315c11d7770a4bf5ddc
human-01707,human_context,closed_qa,672,context,139,110,0.007353,0.352518,e2bbe244956d9dcb087be6766581cc81ae3cd75c4a9890b07794f49db570770f
human-01708,human_response,general_qa,11861,response,154,100,0.019868,0.448052,e61bac1ab9073c65dc9d8dae0528d6dc4194a68b414b590d301e1ac87a0d3acc
human-01709,human_context,information_extraction,8372,context,184,89,0.01105,0.548913,3a2361bdf8b60d1a277f290563fb0ccb00ac23ecc636c1e253c0bed71a520a95
human-01710,human_response,closed_qa,8108,response,603,266,0.051667,0.442786,749174a122095d3e6ec5c4734314a66b5f0355f89642e03559fbe0fb777c9a7d
human-01711,human_response,general_qa,3394,response,173,102,0.029412,0.427746,bb905704828f08390317ac409e9b87b92ddbfe0a529085b29f1040856c0eb3c6
human-01712,human_response,brainstorming,8671,response,144,92,0.0,0.430556,60fb412e8fbcff2791af755e8543e61ee129cbcd8b685e67a52c7e9eb5f4487e
human-01713,human_context,summarization,9068,context,201,123,0.010101,0.447761,68106684032946c5860ae10400a49ffcd5a88340b1eb2b478ea5252516e25e02
human-01714,human_response,general_qa,8728,response,280,153,0.021661,0.385714,99c7275b263cea25dd5c11e9204d474ffc5f0baa803e039b605ad23c1fe99d4b
human-01715,human_response,open_qa,10463,response,367,161,0.019231,0.463215,0a925111219db9dcfa85543eade97bb6ece8bed42f2bb63e03300e71ae230052
human-01716,human_context,summarization,1443,context,135,73,0.05303,0.6,12072566293bfeb181e99e4eb1f53a343c3d51e8f11b5efe444c96aa4a9a5e6b
human-01717,human_context,summarization,9240,context,144,92,0.042553,0.444444,926f7b3e5412089b6f5a29a6fa0e6e6b6297638c7e8c8ad771cb86bcb1372f2e
human-01718,human_response,summarization,14644,response,185,111,0.0,0.47027,653a2dcf26c79d11f1723dbaa8dadeac91cf10680e04375ed31e8e3dc4c96b6f
human-01719,human_context,summarization,3581,context,596,244,0.084317,0.412752,9b7dfd65f2d87567ae93945ff96ff7b85ecbf0440e54124b66921776eae9233f
human-01720,human_response,open_qa,6337,response,138,79,0.044444,0.536232,9d10ed6cceaea45a7976fb06b13d3862c214adc7bb3176d4c97cb27ae5ba6b86
human-01721,human_response,general_qa,9800,response,197,123,0.0,0.431472,465fd78a7d1e1038f80862f257e64e87f81d840faf2d95d53398f911d737259b
human-01722,human_context,information_extraction,10332,context,243,90,0.029167,0.609053,b4eb949ad49ec5ab5da3a281617695e995d39bfd21e6a6055ce623b00cc63209
human-01723,human_context,information_extraction,7733,context,172,95,0.005917,0.523256,0e8acce416cc17663da3bc60f0f1b4d31568a76b775328691b7b7131364086b1
human-01724,human_context,summarization,10496,context,363,207,0.002778,0.407713,0dbc34c8768abceb0defa3212c7a20e4b697324911ab1f4448035fe02137f248
human-01725,human_context,closed_qa,5339,context,307,157,0.013158,0.410423,8c58555015b1da089ee003eabce750c9c6ec484b5236900b663a7d3a61512cd6
human-01726,human_response,general_qa,8741,response,142,98,0.0,0.450704,43fd7860600c2560dfec131cb13b602cbef02e74c775986588a332144b7e8465
human-01727,human_context,closed_qa,4239,context,221,134,0.055046,0.425339,ae1445016048b5875af36b82b6687765ddaea0115b02843124fc5b94d71acc36
human-01728,human_response,creative_writing,10757,response,158,112,0.0,0.367089,1ef4f0e0763c0b353d892b38073e11e4d50b5475a215edebb909fcb3a785173a
human-01729,human_context,summarization,4412,context,211,137,0.0,0.383886,8dff1d3208fbce4ce36c7c185f27051fe0d3094c8e3a3e3af482ac2ac8e8caa7
human-01730,human_context,information_extraction,881,context,629,308,0.035144,0.399046,b00c76855712afbc18600255eb001a5daeb7c74ec34fff89ce0a211d87d40fdd
human-01731,human_context,information_extraction,12075,context,238,131,0.008511,0.44958,c7db4af9d6f044db02ee1df96806d7b2f98dd1ea69f0a82f13475b21ab5df01a
human-01732,human_context,information_extraction,3818,context,176,119,0.0,0.392045,7a61854f2f719773bb9e954eeb9712171611e515f046caf97c223d247ee59350
human-01733,human_context,closed_qa,4091,context,227,122,0.035714,0.453744,4539edfae86e52a5af313ea00acc626c4d8fc39e37eaa11d1f85bc9fedff66e4
human-01734,human_context,closed_qa,9244,context,180,83,0.124294,0.588889,918f4fee61050e2871d7c03d1f90719e866dc6833ece0c9ee44c39f7d5dd9fb9
human-01735,human_response,information_extraction,12914,response,258,95,0.25098,0.565891,49ee8756fa3b03de02c6df9323e0371c6a6f5b7e2cc31a644997a538dbe1205f
human-01736,human_response,general_qa,7762,response,178,81,0.011429,0.61236,8be0faef5b593e8b6bec59b16d23f88874dfe785948b2029b9861f065473fdf0
human-01737,human_context,closed_qa,3879,context,408,173,0.118519,0.473039,0db9c4349d04a66b0ff50be7d7f4487f2d8b86fcd21fb668d269892fd921e6ad
human-01738,human_context,summarization,4858,context,137,108,0.0,0.357664,d5b562e14ff50cce409cb16e738dc269554969a2294b241243efd5f0e4cca1f4
human-01739,human_context,closed_qa,12254,context,141,101,0.0,0.425532,d5230c820f2855d99a656d842e946f14e8230add01da1d8a071caa450d7ed242
human-01740,human_response,brainstorming,7922,response,151,98,0.0,0.476821,db8b38af15e6b13df64f1c62621ffceca33e7f93120f82cb0b60f09cce5a470e
human-01741,human_response,general_qa,8611,response,322,170,0.015674,0.419255,4df244b2e49728c2466c65e00aca7aadb4f65fc702e266598762f9ac1fc6c1d6
human-01742,human_response,general_qa,6193,response,254,131,0.023904,0.452756,44376eaa4901e3928173858bdc21f65640f5983bbd900175cbb43db700b09e7a
human-01743,human_response,general_qa,7048,response,160,99,0.006369,0.45,3f846112b5ec1a316563986d9f74992bf310018e88386abdf9f551b836496202
human-01744,human_response,creative_writing,5099,response,242,156,0.012552,0.376033,0acffef5216d1abff9d30b897f5791723612b1432d3b4fadd225673017f4f8db
human-01745,human_response,open_qa,14622,response,137,90,0.0,0.481752,dd959b8381939363e1e4b7aa7d2760296a89b257f4fba5baac8c6b506eeba6ca
human-01746,human_response,general_qa,7036,response,170,91,0.041916,0.517647,71590856a4ceadfbcdb4cb5a4a4914d0b49f0eacc3949213d1c9a666c6115bb3
human-01747,human_context,closed_qa,2951,context,423,180,0.057143,0.458629,99804c939b5f9dc7723034b69f0a3a926d59c117ac4b86f8a9aee5a09383c7af
human-01748,human_context,summarization,8415,context,137,88,0.029851,0.452555,9f2573983361188acda3bc8251f2324d77f4c711d19d9c3a55175d432685e209
human-01749,human_context,closed_qa,10189,context,282,148,0.035842,0.450355,0a0b25110cb732705a65aae6aeeffac32a3de526cc32536ea8634cfedf41363a
human-01750,human_context,information_extraction,7522,context,445,248,0.00905,0.377528,ef60bb73829ffb6a8f9b334b14bcc99d62cac16842fc8167e493cf83c1bd3d9a
human-01751,human_response,general_qa,5283,response,154,97,0.0,0.487013,c70591d840fd05128ae4609c7b65720b457a454eb8a2c426ce0c0904043edd80
human-01752,human_context,closed_qa,9449,context,442,254,0.027335,0.377828,64d8fad9090f732bae52af0ff7b3913e4942085a8504e979505efabe5c1d73f6
human-01753,human_response,creative_writing,8154,response,759,310,0.026455,0.386034,fb48dd6c2e0339090585a309c94f2a8a496330116ee452f4a57ca49cb967a25a
human-01754,human_context,closed_qa,4826,context,243,173,0.004167,0.341564,550a53789cb18f1b5078207862caa3f5668ee731343177f54af9ab30aaf77ff2
human-01755,human_context,closed_qa,65,context,221,108,0.009174,0.538462,24e80cfae4bf10063ac5d7ceff8f6fe45c9acce427ff4d4aba3ce4b26ace46c6
human-01756,human_context,information_extraction,12692,context,144,83,0.007092,0.527778,2512044f4782bc30d9b141a73f4b7c916a2c5936fbc3b5a6065f0a5b06ef0e5b
human-01757,human_response,brainstorming,6685,response,185,86,0.027473,0.52973,84266c9f3d63effac24a11ff153cf02dfe9fccb941f99d1303d90ee28aa6a5f8
human-01758,human_context,information_extraction,12194,context,183,115,0.005556,0.453552,2098fcb95811559c9bc5ebde005efbf9bf6d6a44a79e8cf484c61e0da35d4ef1
human-01759,human_context,summarization,104,context,299,181,0.013514,0.397993,f6b2183bc13a5d1eda8b9560c577ea54a6db75b97483d03efb29de98a8c0199a
human-01760,human_context,information_extraction,4790,context,269,166,0.022556,0.35316,40089435648dae305ec32f235077ff38b4a0dd3d60c505b561f8658704af4506
human-01761,human_context,information_extraction,6443,context,455,164,0.139381,0.492308,02fc2a2f5ae9c80fc5f108e7302cf4f61e7502fda07d24e5fadcb9252de0ce89
human-01762,human_response,summarization,11575,response,225,122,0.018018,0.453333,c1dc43cd99b279134d237087900080ce7b081337eef3569560decc4f52aea403
human-01763,human_context,information_extraction,2192,context,132,91,0.015504,0.462121,f754bc794a38ffacd7eebae4ea8263ea31b145b265583858d3001660f9efca6b
human-01764,human_context,information_extraction,7712,context,188,117,0.0,0.43617,eefefaac286b470c11a40cec41022cfedaea0301e45e35caa73aa7b242524e7d
human-01765,human_response,creative_writing,12041,response,132,86,0.0,0.5,537e065ec1ff753d98ad5a7cc0daa8dc62240afd771a2b8661cc4b81cc5722fc
human-01766,human_context,information_extraction,9118,context,292,153,0.017301,0.438356,4bec55d04357d696a831a4057da3708dab98428cd7614fe52a4308215349520a
human-01767,human_response,brainstorming,1826,response,156,105,0.03268,0.442308,7ba742f462c6cd35e8f8f73ecfb46d2f7dc777b2e52b4cd33d61da81530fc416
human-01768,human_context,information_extraction,14449,context,406,255,0.004963,0.337438,8e7cf11db56b26c446a7ed75192646ce6d173e6eac8e9485d677aa6c6faf7e2a
human-01769,human_response,open_qa,8989,response,178,97,0.011429,0.477528,ee66e9f3bb0430850d79f2d0104f2239ac00f0f84ae605424ede4df03e5cbeda
human-01770,human_context,summarization,468,context,358,140,0.061972,0.547486,27652193e31df69feb00476be753bb632fd98ef631d1062eaa7815f50e83acec
human-01771,human_response,classification,1686,response,158,90,0.096774,0.487342,2d99a0e7a3c7f4cf2281ee84bbbac085dc702194ffac762189df141ce8c1f5c4
human-01772,human_response,creative_writing,9635,response,450,230,0.006711,0.397778,812f1c5d6f75f94a0b3550b1cc05da5cad745fab833b4a4c64aad467fdc5cbe4
human-01773,human_context,closed_qa,5569,context,288,152,0.02807,0.46875,bac9f533a8192fc2be88db14941399d5b18a0b976c4440847590d3a688bca4f8
human-01774,human_context,information_extraction,12910,context,406,171,0.027295,0.455665,296bbed1798eb2e49502e9fa28a52998d75fdfc79fa4168c048f483b55cb29ea
human-01775,human_context,summarization,7413,context,214,129,0.0,0.462617,a77af21b0b27e09efd2b2cc9fac62c06897d07ba0d021ccc7c115e7080c528c3
human-01776,human_context,summarization,7503,context,134,87,0.015267,0.440299,aad58e996d0e15a32453ff198b68f531a5a39d76efa28959ac2aebd568f88fa0
human-01777,human_response,brainstorming,2810,response,188,126,0.010811,0.430851,0414af1a9cd431365d12234d35587ce5837fcd8390732a15df0cb9c604e1aa77
human-01778,human_response,brainstorming,9715,response,155,99,0.0,0.490323,3da9383a7474aaf1a162dc4dc400e2eb2e49382992a30de73a458614a1686b36
human-01779,human_response,open_qa,4713,response,149,99,0.006849,0.469799,3a2d2963f9f0094cba6fbf1637efdaf239f52f02c102361bf0fa48fec7ef89a4
human-01780,human_context,information_extraction,3850,context,172,106,0.0,0.476744,01f4e314cbc1ab673cc28d521ddaddd6671f81c81fa6cc2dbc8cc12a180a5556
human-01781,human_response,information_extraction,1459,response,493,225,0.030612,0.385396,34dba29bbdbce4ca7297c55297d3a4580bd6a6f38da8b9b8dda8aa2c3ea58984
human-01782,human_response,open_qa,3458,response,136,80,0.015038,0.529412,b2da6bdb4b4db74767d43bd40122d87b9d97b8c5a9bcec92a5190270dabc2884
human-01783,human_context,closed_qa,8719,context,163,115,0.0,0.368098,c2df12c3c418962298ecdf2cdae7a17564c2c2414004b0aba5eb355e0c219ccc
human-01784,human_context,information_extraction,12257,context,139,97,0.022059,0.42446,3cc00061e4478118272558ced8089660fec4d0493510cef13a459955c9d78638
human-01785,human_context,summarization,516,context,210,96,0.048309,0.538095,efc4770d5dca4c81b4a3ffffdb022c3b1e52b2e8c95146af853608c98a9ba85f
human-01786,human_response,creative_writing,4141,response,217,112,0.0,0.474654,609a23655724e30ce2834ee8f265d3ffd9cc1607ea1b8f1964a216fce7f2d9fb
human-01787,human_response,creative_writing,7784,response,327,170,0.012346,0.446483,33db991c867b485799469781340a7c7dd86ee432ddb266e20c5f18b1893f5258
human-01788,human_response,general_qa,13879,response,471,249,0.027778,0.394904,c45195bb6ed7ff498361eaf0865c15f98d1f26fdef6db4f68bd5167bb3a36716
human-01789,human_context,closed_qa,7634,context,180,104,0.022599,0.483333,5fac9567f9f8ddd9a2e70836c9b41ddfd0833ca182ec39066600dc4eb37cdf4c
human-01790,human_response,general_qa,11136,response,423,184,0.021429,0.420804,2913ab8e69979cd9503cb1113750d608a91a6723de3486a25dddb875554fb558
human-01791,human_context,information_extraction,7037,context,341,156,0.085799,0.419355,ca877633fbe6a581a57e1dae16ab8605c0dbf3509e9d2f19a9ef9ffdc10ad354
human-01792,human_context,closed_qa,6734,context,130,62,0.0,0.615385,758de62416b35bf44fc1309408cb4ea08eb9877da353dfb545ad0158cdf6e00a
human-01793,human_response,general_qa,7095,response,136,85,0.0,0.477941,6b69add771b187306be78154848d2f9a4c0d46ce3ffd9e0dd8d5fb1174375926
human-01794,human_context,information_extraction,11185,context,153,85,0.006667,0.575163,2e3878ddca52ee7a2a4bdbf34c266b281467cdd7cf3ac8d11738456ee5e0a56b
human-01795,human_context,information_extraction,13950,context,261,140,0.011628,0.471264,f9e1080c76b2851dba18269326d6d37567fb020188d96e38739fc683a2d59c6f
human-01796,human_response,open_qa,870,response,227,111,0.013393,0.506608,6628091682c1ef9b71fdea3049edba51835c2a4b7b2f9dc796b367ebcb823749
human-01797,human_response,creative_writing,6936,response,341,207,0.02071,0.343109,1e1484ab7d4bbdc8eaf53e602ad17e2af43d27af7c641ff38aca865a95b0bd1a
human-01798,human_context,information_extraction,3494,context,203,129,0.02,0.413793,92da0a072072f7dcd9bac6766ad8e99a369a6260ef35f360e6bf8226f9c7c2d9
human-01799,human_response,information_extraction,13922,response,229,88,0.079646,0.633188,93ecfc1f2c6a8818b9891b72d0b9922b479a3b6b79a35b7b7a131c7ed276f8c0
human-01800,human_response,creative_writing,820,response,202,123,0.015075,0.450495,06a6a61b1ca5199fbf6d65fc55ea56ad34d0f010f014814c6d7b08c3f7bfc499
human-01801,human_context,summarization,9883,context,288,148,0.024561,0.451389,bff8b160bf89d45e6969fde6ca6ced36b19c8faad8946b032365f049b7f0f30b
human-01802,human_response,creative_writing,815,response,556,233,0.0,0.47482,2cfca062ab9d70189a5b8eb998d3cf14cc20c9c3997341d3cbdbbaaa86c3552d
human-01803,human_context,information_extraction,9671,context,331,136,0.060976,0.516616,2764ebf67e0f4f71e1ae53f3f8df7d8b149d82c9699e16ecaaa55553e49caa31
human-01804,human_response,general_qa,13128,response,242,131,0.0,0.46281,e696e9892cdbfb55ed0acad8339b8a735808e77617881d644d58fadb32098b77
human-01805,human_response,open_qa,7639,response,219,145,0.0,0.360731,f108ccf720f21a1f9db619a5a4b2ade61a34d69805d4ea810768737635c21b2b
human-01806,human_response,closed_qa,11081,response,131,86,0.007812,0.48855,c3d6fdcca19b028669cde59c6cbc1df5a37301f13e54690da048b056638b0fe2
human-01807,human_response,general_qa,1181,response,253,140,0.0,0.434783,583ca02e1dc47d167ee148fffa295396b2aa1bc8b419c7371d1d10dd7183c8c4
human-01808,human_response,closed_qa,1194,response,143,91,0.007143,0.461538,5448f1f05eb3d814a7d7056d53f8b6c330bbfb29cbebd2415e1f0318e1e7443a
human-01809,human_context,information_extraction,13602,context,972,377,0.0258,0.38786,94be199d52120c8c830f90ab33c6e36ea6af045e9c2d89b8de705497a0ef150d
human-01810,human_context,closed_qa,1273,context,470,225,0.044968,0.423404,e78fe80adcc2e4866ca12e2083bc213a07c1fd8484b9de74023b3c6840162e6a
human-01811,human_context,closed_qa,12928,context,303,191,0.0,0.389439,307795721ec1468745e5013af5328b46fcddb671f3a4f0e689389445b9dfe863
human-01812,human_response,open_qa,6221,response,142,90,0.0,0.450704,08e8288c40e79e29377c5b369006c6fdd7c27a4b19af90a094555e4075d1bb1a
human-01813,human_context,information_extraction,9787,context,276,149,0.032967,0.463768,c1981a8011497309feeec4bc8f2c04903a1ea16ad97623b32a5836953de784b8
human-01814,human_response,general_qa,61,response,292,164,0.00346,0.407534,4fdb4cb4acb3b612de2a9a824acc1217888b068c02ca6433d4a072af1765e3f8
human-01815,human_context,closed_qa,3889,context,385,210,0.007853,0.384416,bca0fd5d85c78032405cf14d4f8ca7bbea69131bdd6ab7dc44aaf5b13e76554c
human-01816,human_context,closed_qa,12266,context,195,112,0.057292,0.528205,e11116c974e5ec4112b6044cbaae44fe7052b1b54e034ed1a03c9de606751b0b
human-01817,human_context,information_extraction,11195,context,177,125,0.0,0.40678,321d9528b08d8cc9306fffb95a044c825a0622301206cc9ae2d05c452d75f1aa
human-01818,human_response,information_extraction,6565,response,155,80,0.026316,0.554839,19b923bf86e2f62d2967dae3bb2b2a36f5b34c662a78975eb19d66776f101db8
human-01819,human_response,brainstorming,10169,response,153,88,0.0,0.51634,8c256d20b60f06ca4626ee89f840b2808d1fd97eab51e82c54369b84deedcabe
human-01820,human_response,creative_writing,14587,response,171,107,0.005952,0.444444,56be56216bb024beee6ba310199bf2eeec23188d247373614f070b1ec45b3369
human-01821,human_response,closed_qa,256,response,268,119,0.090566,0.529851,e330d58307c345420173ceae43802ed3c112031710fb37e4efa714806e715b49
human-01822,human_context,information_extraction,3049,context,328,161,0.012308,0.466463,b1a318515943ffddd01cb9d8596f084e03ea9717fc223bc13a105fd60d081466
human-01823,human_response,creative_writing,13264,response,136,86,0.0,0.514706,c3362c5caeb539001e5c08ec2156dd913c5e1446c98e2faae89cfdbe479acc55
human-01824,human_context,closed_qa,13169,context,245,149,0.0,0.379592,ffec3ec5de779b68c909ed51c95eefc4fa18844a4ec1716760914a9a1768ce3e
human-01825,human_response,general_qa,12787,response,149,92,0.020548,0.456376,8239c4f5703cb98e96b5881862fe50eb1c63895e1098d9c1163041b1b0fbf503
human-01826,human_response,creative_writing,1309,response,162,110,0.031447,0.395062,072e83088b31196effe958d80c7764fd34eacb46e4d2dc355a81f61492486b9a
human-01827,human_response,general_qa,14364,response,212,118,0.009569,0.462264,fd19dd6d5a0414e6f23109423f9c2718514e42b3b79bcf5f361cd38083affc1d
human-01828,human_response,general_qa,10694,response,334,165,0.015106,0.45509,2bf172207f00abe42d54e498a72d5d7cb8165043abff72545f6e1f99aa3ae2d6
human-01829,human_response,open_qa,8256,response,195,120,0.005208,0.425641,97d810ed2509771ab91f4bacc0f93191fd5dfddf33ee68e2b5fb9caa774cdd08
human-01830,human_response,creative_writing,9056,response,294,147,0.037801,0.438776,fe6850d398d07e95b1bda785a51fbff15092dbd16c0f609ee179f5e256ef69b1
human-01831,human_response,open_qa,12697,response,325,151,0.018634,0.421538,7e52a961e3e0988c2c16658aaa77a7ceb787f941e6c194a92c7abdecedcc7b03
human-01832,human_context,closed_qa,14807,context,778,350,0.072258,0.380463,68080309cc1d9a0c9f6a6d9bf1997ec5076e618c42aa3c7505edfe59caa82a24
human-01833,human_context,closed_qa,7886,context,486,225,0.066253,0.438272,8de34bd2b80e61ab364dd12d8bc670880bf81b2017630bfa97e2a5eae7cf0e85
human-01834,human_response,open_qa,3820,response,182,96,0.005587,0.549451,81f9e9f2af8f671c277fe6775ba515e13523db3cb813fc1631062edf87249e58
human-01835,human_context,summarization,10231,context,946,441,0.041357,0.371036,36223c6aaf22e1fd0259a72107bfbca7bcf901262cbe2866769d592ba7a6d934
human-01836,human_context,closed_qa,4374,context,234,128,0.0,0.431624,715fe944a944d6fcd0a4634c0a7e0651a105d8b78b6560a8ce06a8dc8106c297
human-01837,human_context,closed_qa,14149,context,192,103,0.084656,0.510417,6a2bc884b74cf8db7169050c3d16dd165d6f59ef28ed1fa38ca39eaa8f57f701
human-01838,human_context,closed_qa,6586,context,193,117,0.005263,0.466321,7d2e479271685374edcd4927aa681a40495845328207e4e67769681a7ba19da7
human-01839,human_context,information_extraction,13747,context,182,114,0.011173,0.434066,07b145f35c45e4d938eb95c54e57b9beb7062577f5f5f71d4954a0e2cdb1bfbd
human-01840,human_context,closed_qa,12721,context,406,190,0.024814,0.41133,e033c7d46855bf74795487975383d7cdaa7aafe383ec92d8c3436dbb119fb9f0
human-01841,human_response,general_qa,7663,response,368,196,0.00274,0.396739,4c912f29dc6f73de1ee79b78e4b299a1cff848c7823274c828c5b882ff2e05dd
human-01842,human_context,closed_qa,10269,context,421,227,0.019139,0.365796,25f0519f8c2ffac519d5088bd8c087636b2d41197e2826a6fc8d83fc24debbc3
human-01843,human_response,open_qa,12599,response,173,90,0.029412,0.537572,332a11fd9f66b699a233e2b31bd72ed22916370ebccebc63e5bfe2e0196657fc
human-01844,human_context,summarization,8883,context,484,281,0.0,0.357438,79abd428b8bef8c77cd15d7f8ea340a5e73dc260a85d572f828c61ac4154c354
human-01845,human_context,information_extraction,11049,context,165,122,0.0,0.381818,3178a0273aed02ed7357e6adf765f6ecd5d7736604d8c5e0ca6b9c93968478a6
human-01846,human_context,information_extraction,10005,context,375,186,0.018817,0.432,eb15d7ca13b7c9757250adfd65ffca8071e0dc7873a80bf5f4657f5c171f2fe8
human-01847,human_context,closed_qa,9532,context,438,245,0.018391,0.360731,17cad293299378e50cac878bb695dc09f6e61fedb2dbe648c8485fddff286761
human-01848,human_response,creative_writing,5907,response,145,91,0.0,0.482759,f4ff6729e5d8f448482edd9f2b14a3f2267cdb8ed417c94f4c141cc69f02a752
human-01849,human_context,information_extraction,1097,context,211,91,0.163462,0.663507,61ee788acc2d0625fa9fe36bda8b0d34a64ebe27768f0390ab0be425370efe97
human-01850,human_response,brainstorming,11219,response,136,94,0.007519,0.455882,a9aa5b8725a93ad33466f490d3fa82712b08f80dc09c07659fccd5dc03c4d6b1
human-01851,human_context,summarization,8506,context,152,96,0.0,0.5,72833806031950b405739ec64eb2724a24e422c1b0cdb5a7869e1864c72ade91
human-01852,human_response,creative_writing,2180,response,274,145,0.0,0.405109,aa92799255f869fbbfbddd2da7babb0ba9ea0ba30e1bc983aad27e4f21c138a4
human-01853,human_context,information_extraction,13461,context,355,168,0.017045,0.44507,c0645204457da20b6f7d30832afeb7663094857f18147f5109bb7d0007d4070f
human-01854,human_response,open_qa,8179,response,304,147,0.0,0.450658,4f044aeffe1d547cb0b2a840ba994bdae3575d2bd3623e589437dd106585fd5e
human-01855,human_response,brainstorming,9778,response,140,79,0.021898,0.507143,e138c27597175059d7b7cbb2ef9d79f50cbbf1236b917994d256196fcdf19374
human-01856,human_context,information_extraction,14420,context,273,150,0.025926,0.457875,153b676c1bad1e2e7f3506c29861902818fc5506712471fc80a3d6a718f06023
human-01857,human_response,open_qa,4406,response,257,131,0.023622,0.498054,497fb16a969fc572fff7a95eaeeea794294a55a0e523476ca85e3da4302324d2
human-01858,human_context,summarization,10699,context,156,106,0.0,0.448718,35f23d0bad114f79c02cb7f1bc5a369656e54d3b7daec013ddfe6bb2cd239e8d
human-01859,human_response,open_qa,11061,response,264,107,0.130268,0.621212,710140e1f0602cfd34f6895c2b69a514e5072a04e4968c71cd79dd41b8d03fe2
human-01860,human_context,summarization,13691,context,490,187,0.084189,0.508163,694f15a88209de58c2b8de911fe99d7e0a3309a6d4e82b17a7c291fd4dbd8566
human-01861,human_response,information_extraction,13088,response,247,155,0.0,0.376518,f3af61b91b912a40d74f89a0da22767605d248423b3c420923c4fabab01e3cfa
human-01862,human_response,creative_writing,96,response,464,212,0.006508,0.456897,081e0be14bf5c02a64b721922c5a51b2777cd102a6dc26a8ea9925a02d726f1b
human-01863,human_context,information_extraction,14581,context,214,123,0.028436,0.471963,07c6dd1911aee1531d91fd2716fd3d074ebd7de25eb8d63a9ad84bfe864ba0b0
human-01864,human_context,summarization,3255,context,132,95,0.007752,0.431818,65ce6085efa439d144fdee6af925cc76c598b82b966f23c171369fc83e70fa53
human-01865,human_context,information_extraction,7439,context,167,112,0.012195,0.401198,a623781639cabeb4b511a7e554344ae4e926a52dba48219f079e53c69fbb94c2
human-01866,human_response,general_qa,11761,response,147,90,0.0,0.52381,74e4f6a0b0160f034202d4b6d143bdeb7f8cae0da80ef0d442e50f1abe0ff592
human-01867,human_response,summarization,480,response,133,88,0.0,0.466165,7add163e1c665efdf6577bffb3fd6b5e39d1347f8be084cfdc56ca05a860d0c5
human-01868,human_response,brainstorming,12344,response,198,94,0.133333,0.570707,919ae03b3158283d232d59cf40ec4475f6699498dd1b8ba17e337d202a2deb23
human-01869,human_context,closed_qa,10776,context,307,177,0.029605,0.403909,2552b2b3f0d391db27fb1644f1ed5b2c66160f13d7a63054867deac67432b7b9
human-01870,human_context,closed_qa,13764,context,748,302,0.081879,0.399733,886f788fbb942769c0d69a0946c5e868203373f9a115154d000de31663782f63
human-01871,human_response,creative_writing,4047,response,275,156,0.018382,0.410909,5bacad226fb5eb0f6545f518a396d0a2917762136890c597c54ea6b4f9549544
human-01872,human_context,information_extraction,7133,context,531,278,0.013258,0.389831,a92e5280177433a58427350fde20d01a50e806452f012d5c08f82e58ad108a65
human-01873,human_response,general_qa,7209,response,290,162,0.010453,0.4,f943fa04a5eb09ec825088ec219b12b8ac411f0cf0ff6210edd73f47a7f07079
human-01874,human_response,open_qa,14324,response,362,197,0.036212,0.392265,9d866e9209cb66244807980eb7fd365774c05a6caadbc50668935f9cdc940d0f
human-01875,human_context,closed_qa,13316,context,149,89,0.0,0.52349,8d9341ff24496b008d8c6433bf7dbe1e7c78c34d71b679f4ce9323efbc6a3030
human-01876,human_response,summarization,811,response,686,300,0.061493,0.441691,536a2279f967d38e7306d001f6a52ee63985f421f31dc130f39ae7687c1aefe8
human-01877,human_context,information_extraction,9300,context,558,259,0.043243,0.435484,7f3f743eec7743190671ba8fa881a2d6af530b7c200b6df8a5e62f962e2b908a
human-01878,human_context,information_extraction,2872,context,280,165,0.00361,0.425,55145d089e27247cb40e9d06892f27e1d38b9c00dd44aee39ba022c7d8cafd98
human-01879,human_context,information_extraction,11325,context,1297,506,0.023957,0.363917,8e02a00a289a656ecf89adadff9d3e5117b274b108e50ed1dc619aec15787e5e
human-01880,human_response,creative_writing,12060,response,2068,621,0.057143,0.401838,b0b547b8904f5c8106cf5ec2610356a8adb3a51bdfb0946af583ffd95c965574
human-01881,human_response,open_qa,3750,response,170,96,0.05988,0.464706,6b11d8d90e2214d02c7c1a7705369a5fd9aaacfa02e474903ef804bde841ed84
human-01882,human_response,open_qa,6328,response,304,151,0.016611,0.453947,4f975b338386659e702c286a1833a965ca38350b809760960d315a4e90add3ea
human-01883,human_response,open_qa,12111,response,222,132,0.009132,0.391892,744c867f3fa7f418a92decc8debb3aa588265bc9211d406a2a66928dc557c9f8
human-01884,human_response,creative_writing,7041,response,297,163,0.010204,0.444444,b4f0b85935b11b368143218c9dfe0f320a72c79aea66ee8e415e17b7f0766b37
human-01885,human_context,information_extraction,5148,context,227,120,0.03125,0.506608,afa0afc0c5263a983fe217e4d68927b8c76039261b087946e01c8a481d829356
human-01886,human_response,creative_writing,4148,response,173,107,0.0,0.491329,aa9ef8dc04f54c541cde720c3cdc15f907e46364aa2650ffdcc891f45784eae8
human-01887,human_response,summarization,8635,response,396,220,0.0,0.373737,d1026799a05735782b3a66f0c51400eaecb555bcfef832931ecaa59c9b173482
human-01888,human_response,creative_writing,1187,response,293,177,0.010345,0.385666,f15a30856589c9d36979152bbf0ca448e935939c22fda94ef2af4486ef5c391f
human-01889,human_response,creative_writing,12210,response,363,192,0.005556,0.380165,b4037c0f9b10076e41e3131144e256e60e721f51840f1cc29b3f59a638e3a68b
human-01890,human_context,summarization,12405,context,239,129,0.008475,0.476987,634d83bfca55ccc9923bfeb34cf46249c29e58aa23578ec61111ade4efde4656
human-01891,human_context,summarization,10094,context,145,88,0.014085,0.482759,9da48949d59c8d68e630eb732848d8a36a08862f17fa5ed6e54d2e7942f09ff4
human-01892,human_context,information_extraction,3459,context,234,139,0.0,0.435897,49333d9db664cf27052b76090eff5a1c39711e8099662885761fdcd093b99c40
human-01893,human_response,creative_writing,8017,response,176,107,0.00578,0.5,e592e990fa9058c96da4840932a768fb66cf392ecc6c07d81f25e81b89e81651
human-01894,human_context,information_extraction,10740,context,193,103,0.036842,0.53886,d81a284f4c969722441b52ec4b3e6851e9a8c55f1de1bbab4cfa595b08cb4f16
human-01895,human_context,information_extraction,8886,context,241,167,0.012605,0.348548,447e924221dfd57e21ed5951319977613d6e280417ee1c6808ba369ebe51ebc0
human-01896,human_context,information_extraction,8119,context,162,81,0.018868,0.555556,17d5abd47796ff9940237b702ea4bffbcc1c62495b09f58aa846823fc559cb6e
human-01897,human_context,summarization,10397,context,1075,419,0.043843,0.402791,bdba99032978d8e9d7021c188a190f245078eabd442e1e077c1bdf4b063a1ea2
human-01898,human_context,closed_qa,2760,context,286,168,0.031802,0.412587,1bec53ab826e4c0fa92fb75b4a07d8249e67b01986da3c4ef6fc24220952b6a1
human-01899,human_context,information_extraction,6765,context,469,241,0.008584,0.411514,a52b6e2a7230e5dbeec430fb2b3b9347faf3be638ce0b51373d03a9a36991cd0
human-01900,human_response,summarization,9301,response,166,100,0.030675,0.481928,193e005f51afb473fcbe35092044c7fa937daaf9e0888a76024b17cfb92745a9
human-01901,human_response,general_qa,3695,response,345,169,0.01462,0.431884,a5007c8bab695d7c36a500b50670565b2cf10927f418c7c3ecd6e832f91bb409
human-01902,human_response,general_qa,3876,response,163,93,0.0,0.466258,996203b26b75b682cc0de66133efb7b86e9297566f9cef3543ce092a5810a116
human-01903,human_context,information_extraction,6644,context,179,119,0.011364,0.363128,66f77ebcbb6f80225a86839ef581e68db2dbe27274a47e0cb1bb3bc2fc0ef860
human-01904,human_response,creative_writing,10944,response,1091,434,0.003676,0.372136,78ba2ee10f471a9cca13ca750a866438a86ba4a376a8a8804ab05b69562bb94c
human-01905,human_context,information_extraction,4232,context,292,176,0.0,0.393836,ad905dcaad02661c693376d6afa5b465fb990c16324f43cf2be10e88ec478d56
human-01906,human_response,open_qa,10246,response,138,93,0.007407,0.456522,203e6f87af00c28cb85f4de3804d0ffd9bc0fa53a954e7089812c93a791c581e
human-01907,human_response,open_qa,7776,response,161,85,0.031646,0.496894,4f740584f9fb5ce55b934a7164bb04feb928330f37198908038af7ada9142b93
human-01908,human_context,closed_qa,8141,context,389,165,0.062176,0.437018,238ce710ef0db7722a3b9becd77b7cf04ef0dda191f97d4e7cd3aa3501468067
human-01909,human_context,summarization,14369,context,189,104,0.016129,0.502646,f94ccf36f854dffc564dcfeef256a4653104dff8359af5ebfcdf4d9900eaffa1
human-01910,human_context,information_extraction,11673,context,143,94,0.0,0.433566,b557683a00af0173a7baa7387bfe75e260d19ba58adec121fb037b2d6547c2a7
human-01911,human_response,open_qa,10274,response,345,172,0.002924,0.394203,548f0a0b08474df050cb89f8e38f90c6152067189533eebeafeb6bfb9661cb2a
human-01912,human_context,summarization,8819,context,133,91,0.0,0.466165,9ee39ec5be4df1ed561ed0b98d2fc6a03d8b818dba0f478d3c3526d907cf07d3
human-01913,human_context,information_extraction,7388,context,203,110,0.015,0.482759,53885a6f83ea667de0fefde47c0c11910c75b617453ac9de43a26df00823c5ba
human-01914,human_context,closed_qa,5094,context,213,104,0.066667,0.516432,40895ba25681497f03f25ae78f6a2e481e842699610a784c35552910d01226c1
human-01915,human_context,information_extraction,6828,context,129,97,0.0,0.403101,4f7c63d36b05c0aa4b85b7ecbc6f27a0e1432285e8eaf73a69e8206ea86a962f
human-01916,human_context,information_extraction,2307,context,202,134,0.0,0.405941,28ce1285759ab9ecdafd50b933ab0afced4a3278abb5cc2cf280536564fb9301
human-01917,human_response,general_qa,8453,response,167,108,0.006098,0.437126,5c0647108b09bf91808b286ecd041b79efa5c48f9ef2bb8a85311de06a0d5ef3
human-01918,human_response,general_qa,12205,response,766,367,0.003932,0.345953,1d0b094c9296c92d30b85371881cb7edb4dc0a6a37f23f9048f395088e046270
human-01919,human_context,summarization,691,context,134,76,0.015267,0.552239,fe583faa6f4476216bbb7bcdcf5f572b99c9c4f33e8805460ca3ac44328c32da
human-01920,human_context,closed_qa,5703,context,269,152,0.003759,0.420074,2ca2459c57c9c2764bdc96ce65a6e183904108f454496c1188bd9744d0a6a827
human-01921,human_response,information_extraction,2042,response,223,130,0.009091,0.475336,1bfde83971e5f9ce2a5784492a57f52aebf62653ccb5a6958ac7a5665070598d
human-01922,human_context,summarization,4438,context,145,63,0.035211,0.648276,7bceb5e4d70f2e41fa331fc60e12ee2d5b525fb70a912e3a44545c31c6261340
human-01923,human_response,open_qa,14395,response,278,162,0.003636,0.431655,5b2db50b560e747ab06c45f1439c23654a95bc117acd441e401a8453520010a1
human-01924,human_context,information_extraction,13940,context,223,156,0.022727,0.35426,ef2d900c6673c12f689327af8d0d587b53f35863f5cfd1f0d0c89cf613fb96b5
human-01925,human_response,information_extraction,13278,response,759,229,0.256614,0.577075,5233526eeb8048e39e6966e0c765fc8ade9725cabcafd5be5e20b8e6ad7581e9
human-01926,human_context,summarization,13018,context,172,99,0.029586,0.505814,b897cb2e4ec6adc40f2054ea3ff8c0bd5922c26e6c947d8f37ac01314d81704c
human-01927,human_context,closed_qa,911,context,165,100,0.0,0.490909,6b4545eda3cbfe3b43ff05fb1e1de6e1a58dc7839b96178cd15f98a988910918
human-01928,human_response,summarization,5111,response,186,115,0.032787,0.44086,05e36f26366fa5ddc469e412ed867bedd89405f1cefb31b645b6829f53b9c679
human-01929,human_context,summarization,2952,context,151,104,0.0,0.423841,c780dfbe20a577c9e53e964eed77786f03384a5fc6c2df0136c6ba77a912be2a
human-01930,human_context,information_extraction,10671,context,223,137,0.004545,0.412556,45596f8fffe5fe64454d0a9af11f37167eebb4b8b95d9c5a1140e508c86a4927
human-01931,human_context,closed_qa,10028,context,213,124,0.02381,0.422535,169e15547f7fe56d8544ca758863f4560d87e02e3544836ba120b6f954f3831c
human-01932,human_context,closed_qa,14750,context,151,90,0.060811,0.496689,579a6ac6a52c6810f43b55e4df265b6906ef33e751157529279b79148e6eb083
human-01933,human_context,closed_qa,6726,context,246,128,0.028807,0.48374,8860f7a6535cbc66ca4fea7d760d1b757f13d2484c0c6a8be361954dd088b199
human-01934,human_context,closed_qa,5356,context,139,70,0.095588,0.503597,36e10ef372543ec93e32be916065c9a1d28b4612834e1757a30c5eabbad5ed04
human-01935,human_response,creative_writing,6647,response,551,269,0.009124,0.384755,3ce3a477bf05aeafa8dec8a631a9dc5b6e285bf5863669b12ad7f8c6c49424aa
human-01936,human_context,closed_qa,327,context,175,103,0.046512,0.514286,b64513229e0a5949ce5bc8ec342d3c49ed2d6a58934044191eb9de799d17be27
human-01937,human_context,closed_qa,10078,context,239,133,0.04661,0.464435,099569c3a4bf16806b94179cfd0f99d1e548c92487ef86ec26478a25a1cb6a22
human-01938,human_context,closed_qa,8332,context,1326,532,0.036281,0.352187,362fec801261387f8c472a0e8cc4542870c9c61817330d6ff3314c83dd6cf65d
human-01939,human_context,closed_qa,5430,context,575,242,0.020979,0.403478,9d44865e4d572f90691474d3b76d2db3727bd2ead157f6725a3523f5b9136c56
human-01940,human_context,summarization,8592,context,254,115,0.015936,0.531496,429982384f21c3b99fc1e5bca426163da86a04cb796366c2714b5d0da331878a
human-01941,human_context,closed_qa,5328,context,689,272,0.087464,0.457184,d1703c00f9dea43a617df7c12dc71739e7c959e51aa95f980aa3e69f0be2cb0a
human-01942,human_response,brainstorming,7761,response,244,111,0.029046,0.528689,0012d12f163126b27e8db9146345594ab9d8536bb28886c1e58cf575f4004630
human-01943,human_context,information_extraction,12042,context,412,206,0.0,0.390777,abde8ad90117bd70cbe3606bc935219892c44ed293e634c64c236045df74a7e4
human-01944,human_response,summarization,9479,response,157,82,0.006494,0.509554,169d21ae7d09a3e8b617e6f921420daea6062a31932b508440f2bebefac2cc18
human-01945,human_response,general_qa,13394,response,147,95,0.0,0.489796,dc512ecbb19d4db92c6ec6eeb7f8da36cb11528efc99e7b1f2c9175c6d6268f0
human-01946,human_context,closed_qa,3922,context,362,183,0.044568,0.41989,d19177b85d4d26fd7facf5f7f3bdb3af59ae6cc328dfaa868d55262618e2102b
human-01947,human_response,summarization,2262,response,180,104,0.0,0.461111,39f92c19e61deebc0cad7ab1c2784f381fb52287f44dc65960f8f5c2fc9b2986
human-01948,human_context,summarization,8227,context,163,103,0.01875,0.441718,e5b26f4d2819a8e6f12c262e901b0eb3887834d98de1a5eff33ad929be966d92
human-01949,human_response,creative_writing,9551,response,191,117,0.010638,0.455497,d07e3bb2d4e1b8c5a9ae25bc688604c986cef061645196d5a8e07c1456907c00
human-01950,human_response,general_qa,11315,response,270,160,0.022472,0.381481,386b042f651dae9e4155a6ed40d5399c667afecb0e5d97f4337408db002355e2
human-01951,human_response,brainstorming,2248,response,214,120,0.014218,0.443925,95da97c76298a8866f599d99431800e2a4bd5abfca8df689199f40f379ac7e44
human-01952,human_context,information_extraction,10215,context,194,58,0.13089,0.804124,501b442a357522e9a53301098a364f394db5e747cb527c3b13af6ba3ac322058
human-01953,human_response,open_qa,7222,response,178,91,0.017143,0.505618,7ff02ba6ff6c9bfce24043b86363ae0b9e18e3093bcdb2e382339494a6a8bbfa
human-01954,human_context,closed_qa,12731,context,205,118,0.00495,0.453659,8a669559a004b2f920d1294e6c6dc38674a9d46dedf57244e70cb99fc8d01438
human-01955,human_response,classification,9848,response,261,154,0.0,0.413793,02c57ffbc98eb0ea7e4d0e58652014fd7b076383b00c7228333d0ecfaf99eca2
human-01956,human_context,information_extraction,11207,context,560,263,0.001795,0.421429,ac49d6c346d5268ccc6adda87b53a8068b9168bae53211e9c41a4fa764f51c72
human-01957,human_context,summarization,6925,context,359,209,0.011236,0.387187,cf6b531bff9342dd62ef00e4dbcdc1a97551afcef03c815a6bbe3cd1b3992165
human-01958,human_response,creative_writing,6581,response,235,124,0.0,0.446809,581cd3b470327b37723e4224aa0e53ca954ccd3e218d45ad65ddec0a63108b75
human-01959,human_context,closed_qa,12674,context,187,112,0.032609,0.454545,2c969a27bf5fa74234b3206e8a87d94aa71a21ecd7f26ab01ab8d9e2c6092843
human-01960,human_response,information_extraction,7330,response,243,149,0.025,0.403292,7e3824c789c88446368ded75d15accf26c9bcd29eb5d402e5692bb9ac9a9a50a
human-01961,human_context,closed_qa,10519,context,374,209,0.016173,0.398396,24db2d5cc9f019855a0e7645a8b90e60c6340fe281b235a365f70a57cc1a1f4b
human-01962,human_context,closed_qa,11674,context,235,164,0.008621,0.348936,422557594250ac7735f9e4288c00a79234b88c650420865582fea2efcce6c49d
human-01963,human_response,open_qa,1840,response,152,109,0.0,0.394737,2d3479ba92787765780e2bdfb6b23c45665512aae63c8ff734bd8989cb59d430
human-01964,human_context,closed_qa,10426,context,131,78,0.054688,0.519084,a6fe25e05f10e4ca234b49143daaf30bf30863bfaac0c88465f8554308e4f553
human-01965,human_context,closed_qa,6996,context,336,184,0.0,0.35119,88f7935589e07d1fbc110d918b378d985b152004c7ebb74593fb3a987060927b
human-01966,human_response,creative_writing,4470,response,294,162,0.017182,0.442177,e81c78cb24da9b3fd149adc6bc85855621987597f03bacbec09f269d830f9a16
human-01967,human_context,summarization,2222,context,455,225,0.017699,0.389011,93c833a6d6f8d1953e66c445cd1a4e02e3230be3b259dda7bfb810a4100af023
human-01968,human_context,closed_qa,11295,context,150,109,0.006803,0.406667,0db89605c2ab15bce469d2dc51873df32b412cfc04ad86dfe57970537deda355
human-01969,human_context,closed_qa,8962,context,924,374,0.073833,0.435065,a1b2c39102d0f35c3dead05ca2027e6cc7a3723257ae816d2aa7fc0afc5d283c
human-01970,human_response,summarization,4182,response,188,112,0.005405,0.473404,923209f9213463f726e06d7cca25113920fb3975340ba79ecf163aae96d1b55a
human-01971,human_context,summarization,9345,context,347,187,0.002907,0.403458,f673684eecfa805090c40e76d5e292577c8c847af8b76db98d559de44c2039c6
human-01972,human_context,summarization,3127,context,334,170,0.018127,0.416168,1d65b10c55096e37a6b4994db46f37023b32674bf1125c9c47ea955213645666
human-01973,human_context,information_extraction,11667,context,522,259,0.003854,0.444444,1578ad1b1fea4ace556480fccd0eecd03a93aa2dbc1bd705900083e35f8aea62
human-01974,human_response,open_qa,3046,response,189,125,0.0,0.417989,4f301685008b57f62c14edf5ff065c610b49a2c6fd06c10e86cdab4e16ec64a7
human-01975,human_context,closed_qa,6113,context,130,92,0.007874,0.415385,29d11fe17d906e8bc70a8eb6709aa3a1d81735a80d0d7f4647570815ac454010
human-01976,human_context,closed_qa,13766,context,176,101,0.011561,0.528409,0aec1f440474c12e0d7c0ccec85080eb6ad427763c20c26a16e6912722a2aece
human-01977,human_response,closed_qa,13490,response,245,130,0.004132,0.473469,1159fda0629f27d832f4d566fd81424a32fd78d9b027d7b81a05f97f88d8d526
human-01978,human_context,closed_qa,14865,context,138,92,0.007407,0.478261,ee7646efafa7d4ae542e61f09ce571974e2301fd5b150ea5c4f033a3c2dda83d
human-01979,human_context,information_extraction,3262,context,165,100,0.006173,0.448485,9fd4a8a88a869725dd9c0082ca1f961c5d38c9013183594ba8bbb81518151d19
human-01980,human_context,information_extraction,1502,context,216,132,0.018779,0.425926,8162e821cf4ef23929eb32af78184e2200d9ac97778830b33dc3e0e66d399b28
human-01981,human_context,summarization,10841,context,210,108,0.004831,0.490476,f97ceeacc751ba582e4bfc2e8f8abf51f2bad8fa324ba6b678eee42afabfb79f
human-01982,human_response,information_extraction,9,response,158,94,0.012903,0.493671,41146235012f0378d13334339670d90c5feb64b58fb301ee503999d7ce8ca156
human-01983,human_response,general_qa,4159,response,134,82,0.0,0.507463,bb95612d3ef280c28f61c139c1b8737def8543555f41626d123375bc79944cbf
human-01984,human_response,open_qa,6164,response,227,112,0.013393,0.475771,96a6cd34a405e127ef386e7821bb908f461ab65dfa7eea860b30fe76191ec278
human-01985,human_context,closed_qa,3283,context,133,91,0.0,0.43609,4fefdf70e8385d2d9483c1205acb0d25c427a0b1b97a534ef66932e37c544b91
human-01986,human_response,brainstorming,9155,response,219,110,0.023148,0.474886,05aed0dfd3db7d5e564cc8064378ce869e0c7db326ea7276afd334cfe7cf7cae
human-01987,human_context,closed_qa,3343,context,167,92,0.02439,0.550898,22e9c0cfc755496e39c21a2406977bc6bd7c1e06e293809f0b3a069e9ec57bc1
human-01988,human_context,closed_qa,12781,context,326,162,0.027864,0.47546,202dd3cb0c39b1e47d4d17f29d75079840ca2d5a6dc6ec4a91c10ac0929e6f4a
human-01989,human_context,summarization,259,context,209,117,0.058252,0.502392,337176a8f2166fd8e32fcd2e0c6ab604d18751439de1f43d8be8837b58f26488
human-01990,human_context,closed_qa,12678,context,344,138,0.087977,0.508721,6abbd09fe340024910966e181c95d0cbc1ccf6e88d5c2d641c630b8b3950ae08
human-01991,human_context,closed_qa,2873,context,514,251,0.023483,0.398833,a9debf7145d75fc52c925eef71f9515022bc453e321ac78202447de6534d8a79
human-01992,human_response,summarization,13656,response,195,95,0.083333,0.507692,32b229472df9748a9d6aac188bed54548cb393d386d59bc221a156fe3a0f454a
human-01993,human_response,open_qa,1598,response,161,79,0.006329,0.571429,989d542ff7cf73f4474a9feb50476a1bd92c4b25618c62d852734c64f2f0c4ac
human-01994,human_response,brainstorming,10593,response,132,64,0.131783,0.666667,d1c64531777b1ea0ab6ce5e43a3be2c41e68b511e18b8518d47d4e94fc1cf4b0
human-01995,human_context,information_extraction,9298,context,210,132,0.0,0.414286,323cc49fe9630b048afa16628bf4e40f7f9eb6a466226e83b7ebcd5dd8826194
human-01996,human_response,general_qa,5778,response,151,89,0.006757,0.496689,dcd8a98b6a8f12be1917298481f1b390a75ac76cb4a2e2801957c5fe80169b2b
human-01997,human_context,closed_qa,6445,context,175,111,0.017442,0.48,42053ed665d053942c8db0a76298d55010b2e04b165f8af574261cd096fd01b4
human-01998,human_response,classification,973,response,203,110,0.0,0.458128,075651eb9c64a3c62a38335f95dd4c254e52d7c4372f71468a47acbbc5d77f76
human-01999,human_response,brainstorming,3423,response,700,341,0.02439,0.377143,8be156ed4372f20c9d07f15279920af9039beb7a44038ed5f88dea65218e2c1a
human-02000,human_context,information_extraction,2861,context,448,224,0.051685,0.392857,095e6146caa33725ee7e7b08e76c29a1f6e12eecd17e20e8600f8140709bfe58
human-02001,human_context,closed_qa,11199,context,141,104,0.007246,0.404255,c8f758938052f3b3338274a815652d4a98df7b977a688d33e6ec95e8bfb2fe77
human-02002,human_response,general_qa,1068,response,387,164,0.015625,0.472868,f068a18f691abc0696a2a02568c9a3f98eb11a54121e3e34127b743ab968b278
human-02003,human_response,brainstorming,7086,response,155,89,0.006579,0.554839,de0b537f3e589aca16b79a1e1d58a39a6ae26e443910f5a40c7558f9897490a7
human-02004,human_context,information_extraction,902,context,248,125,0.065306,0.483871,cebefeb2756c6ad0fc6c882ac37ab25a13b081b05ea1031680a4986614b60ea7
human-02005,human_context,closed_qa,5304,context,2188,578,0.097483,0.41362,a324451ec977bef56f9c54104cd352ba6178c34e4426998d6dc49b713b7d547f
human-02006,human_response,general_qa,11688,response,159,103,0.0,0.433962,5f3fdaeb821af4026e70baaeec6ce45e08dfcb759cb7c2f072bf473bec251d99
human-02007,human_context,information_extraction,1835,context,225,130,0.04955,0.435556,533d8eae0368d0f2b338f2fff1b596b4a15f5f3b37075165f466eedf87091b13
human-02008,human_context,summarization,7966,context,206,122,0.0,0.432039,32aa76a3968116e7d8d706afe5199639db3084c43fbba60be533fda6d85c3bea
human-02009,human_response,creative_writing,6961,response,163,99,0.01875,0.490798,2483ba844d478c5e931bee488710416a94225713c7f7e409465d4a64d517fb23
human-02010,human_response,brainstorming,13692,response,309,174,0.003268,0.391586,753098eb66940156e4c685e292b46d2226722c93c667b77bc32d593bf81dd741
human-02011,human_context,summarization,1425,context,596,308,0.023609,0.392617,bc297b258dc9a233791bbf03cbe4404573d18d3043976afe6112c15e42181a9b
human-02012,human_context,information_extraction,3472,context,135,74,0.030303,0.585185,5a23df1c503c49b0b667dcda2751b2d14e2233b5a78e3b45efed20213f12bc72
human-02013,human_response,open_qa,12071,response,133,56,0.084615,0.669173,547048745d3aab23105d4cb61272caddd47a316d6c134a206e34d6b28c99478f
human-02014,human_response,general_qa,1678,response,360,207,0.011204,0.391667,317a2a3ec36d39cdc49260bec4214f1df19efad1044a87bb943e174a56ead9d0
human-02015,human_response,general_qa,14659,response,231,119,0.004386,0.506494,e526ee75cdff6b17ff1f51ba5a3bee73101ad89d701f8f5004040609099c21bf
human-02016,human_context,summarization,1933,context,135,83,0.0,0.511111,42e8e72f888c9cab3970e606899877c1eabfa45e4516f7001ab4b13ecba831db
human-02017,human_response,open_qa,4547,response,189,107,0.0,0.502646,e5b91ddbc91ba4c561d5a98cbcb1d4bbd948e2191617aaf467e7dba9f0557f68
human-02018,human_context,information_extraction,8857,context,217,128,0.009346,0.447005,2d99e2153b0017d8df0b5ce72256d242e6fc26efe5a019afe31da52b5cb52a85
human-02019,human_response,general_qa,6258,response,171,106,0.0,0.438596,bda666746c4704892d43f280ee2e093e825c9f503c30e04a9d652f3c687dee21
human-02020,human_context,information_extraction,7341,context,129,82,0.039683,0.51938,c51c82404cece56f6b05b1d171234ee3ef98b15cb8a2704669d8fb993d80421f
human-02021,human_context,information_extraction,11516,context,371,163,0.070652,0.541779,b548579ede33a2764c1234d5e272d70bc43564b6aa12a784dc92e39ca30b8e0c
human-02022,human_context,closed_qa,6519,context,153,86,0.033333,0.490196,f448f8657e0f014418dcbe5946873cd1818b27fadb353a304b13756c86bfc482
human-02023,human_response,summarization,11656,response,141,90,0.0,0.503546,4e3fe69dfd3c2a495358f20ea4d88a413c8d09e5d4c4e3072564b156ca507635
human-02024,human_context,closed_qa,7264,context,189,93,0.0,0.550265,3533098c1b41f97652ccd0e59c20a0d5b6657eb390d5b65919b194d43256d5ab
human-02025,human_context,closed_qa,10361,context,600,227,0.082077,0.458333,8167ac3f99fee7dc8741722161d00cedf14162da6d06330810555b69466a4eac
human-02026,human_context,summarization,11236,context,140,79,0.036496,0.557143,164d25bcc944ff3b9a6f30f1470a99505de153d7368d555725645e36ede3cfa1
human-02027,human_context,summarization,9568,context,131,91,0.03125,0.458015,c55241f961e59f25c8b6f04502d788e5511a95f9baaae5d05c55328b63530b95
human-02028,human_context,closed_qa,8334,context,144,76,0.007092,0.576389,846f0ddf787a1d50c545834a519382a2e53f087bae720f50ab8350012287420d
human-02029,human_context,information_extraction,10432,context,392,190,0.056555,0.341837,0346de470c05035b9d5d9c439c252061d141e37779cb0f7ea0766bacb98ac90a
human-02030,human_context,information_extraction,3345,context,175,120,0.02907,0.417143,d4edac2edf07c49d84aa00c50908f86726f1fa069cb051c86177882b3a2c84ab
human-02031,human_response,general_qa,11626,response,170,98,0.0,0.5,57d8273e7dc6655f583c4b762327db1cda5061056a691a3b51d2fb414a32bf84
human-02032,human_response,open_qa,10820,response,150,95,0.047619,0.466667,91fcb0fc8057141b1cecf74f791f1cc29c922f2f86463699d930386fa7e459bd
human-02033,human_context,closed_qa,5916,context,341,148,0.056213,0.483871,1a65d67f15e95eb41089fca7b124d8eed9fd9aaf4946f8981dec85c1550c14be
human-02034,human_context,summarization,6912,context,370,200,0.010899,0.378378,1ab07b87b0627656cb2d9026c1a686c7f85beda51a328e08a4085458d584e208
human-02035,human_context,information_extraction,2417,context,499,259,0.006048,0.40481,57a97497d9cb70ac2a4eef4a186fd5b3e371f67b5e4eef74936e0a8847d798a4
human-02036,human_response,open_qa,5746,response,138,88,0.0,0.507246,114b42464a6d35adfb9c40bd16c87e168904e5be1b2d176639ecf80adbe657f1
human-02037,human_response,general_qa,1327,response,196,132,0.0,0.408163,169065ffe06ebd324fcb3c001ea884097326f22eff2b14786329181bdc70ac59
human-02038,human_response,summarization,1267,response,146,92,0.027972,0.5,b4fc969ca5d10737e872c103c29fc030f666ad04817157a69fde8fb4046ce3ea
human-02039,human_context,information_extraction,3988,context,352,168,0.034384,0.519886,cf5ab15bbffb9da3c4c389b684ae8d858838adaec127b08e01cdd18f4e95fbb4
human-02040,human_context,summarization,4182,context,190,114,0.005348,0.468421,cd911848b149f0fa8bcccaf1942058151b96406cfbabe4c9634455dcab720575
human-02041,human_context,closed_qa,2539,context,300,161,0.030303,0.443333,0086800a744c066a8b888e7740f8272c0d5e737d79a2e679671caef7f8f1368f
human-02042,human_context,summarization,11587,context,217,110,0.014019,0.506912,33efc93932728f4d8463d1259e740aa414c8f6fad0e471a5346b6b1138513ad8
human-02043,human_response,summarization,7757,response,172,99,0.005917,0.476744,1e386411b8e56721f3b4bcd11af1d15750dc9fee881fe3116239bc6d98883a0f
human-02044,human_context,closed_qa,9115,context,218,139,0.0,0.40367,8b80bfaa977e0ec39d27c5beb64cf82df4ba830271bf291da08ebad5c0f50e7d
human-02045,human_context,closed_qa,9686,context,196,82,0.264249,0.586735,26c337a82f857ccddb5517ab10ce2d561fb20a12baeb2db414291a77a39f619e
human-02046,human_context,summarization,1688,context,192,121,0.0,0.432292,3c5eb1e58a11827e28af0d7a8b7e2415a9fa007901adc17dffc6995a34ba54d6
human-02047,human_context,information_extraction,7129,context,285,162,0.0,0.424561,e9abb8ccbe1c4b033495d1e535bc4106997396ae0eb4a4442fc132e4731e9bfb
human-02048,human_context,closed_qa,1199,context,200,111,0.005076,0.485,b0e6ca37d84adad2ffb78acf91982490cb90d5f1836700429530ec34836497a4
human-02049,human_response,general_qa,3488,response,282,159,0.007168,0.407801,9bce6c5a947e497c12601588eb8a9b1668510f040ee312b4b8fbbf7ffd11da64
human-02050,human_response,creative_writing,5908,response,249,151,0.0,0.393574,89bfa29eb644b3b8594b30c35a4dbfd71a1604a3492b0b42d83c4cfc296e55e0
human-02051,human_response,summarization,12570,response,324,157,0.040498,0.435185,1aaf6f113d6c4b59b981623538a82963a89e0aa38f2af455aeaf3b774238baf5
human-02052,human_response,closed_qa,12470,response,269,157,0.045113,0.483271,3055c58943f33e6a4d546f567d8ba9dfd70b24f50a0770a5fefd2b3278fe3409
human-02053,human_context,closed_qa,7878,context,186,118,0.0,0.473118,22f5dc32c7232e325587a03964c0a088ca55f58dd90c12a96e39e601d4d89029
human-02054,human_response,open_qa,10969,response,208,122,0.009756,0.451923,752e239c12fb503d258b55a67bdd2a8f4e5905140150bc117ed1729e620c944c
human-02055,human_context,closed_qa,10896,context,372,198,0.03252,0.416667,554aef5c6100f3b3d386fd42195775d651d0f64ca8e681c102676f7d2ec2adc5
human-02056,human_context,information_extraction,12686,context,2533,194,0.527668,0.803395,8d3eb6a7a84079df360ea975db3854bfa1767273af4a881e8ada4a155736862a
human-02057,human_context,summarization,10021,context,140,77,0.021898,0.521429,ea8358391c14615eee75ac1f84455d947b17db755ba8eb86c19bc400f0b4c7f3
human-02058,human_context,summarization,1329,context,710,327,0.014144,0.366197,a28d9a95b969ce7d1a9b294194b256973ef5358edc6dbeffd93f4153f0722c82
human-02059,human_context,information_extraction,5705,context,402,201,0.065163,0.437811,fac0de6bcb456411997d19b7a58d731163510802219885445f57137ad465842a
human-02060,human_response,brainstorming,2017,response,362,146,0.050139,0.483425,31768578452e38941871b8bc36ed95d7daa3fdf1f1cbfda7edfd9771c808d2a4
human-02061,human_context,summarization,7823,context,549,197,0.067766,0.504554,d243c5a022835f8768421c1602fc4bd3aee6c376028d3e79ecee01532da02ccf
human-02062,human_response,general_qa,12689,response,388,175,0.023377,0.476804,471d36af7a92dcf8d194e313531b36ba1c15c7e30d916240d13720771a984e17
human-02063,human_response,creative_writing,13702,response,660,331,0.001522,0.374242,68e5ebd071b5f4c615d101e8ed35eb2294a21aac8aa9093bd248aeac6c8af652
human-02064,human_response,general_qa,11128,response,141,96,0.0,0.446809,a7614f895d1c9d5875ef708b494cfee5fef7d93b666639f124467638b3dd1eca
human-02065,human_context,information_extraction,6633,context,237,135,0.0,0.455696,92b1626715e142515089608c064c516347c5aafe0c822969dd50f4f3e79df60c
human-02066,human_response,summarization,1052,response,141,98,0.007246,0.439716,5196b1b22f9d6cab57ddc23113afe0c4c10664aebad34bf2a08f4bc3db48a200
human-02067,human_response,brainstorming,562,response,162,99,0.018868,0.475309,8529d6c639a2f344802721a56c2ec219f3f8d7a7558762dbda8ccfe2daf77455
human-02068,human_response,general_qa,2274,response,139,70,0.007353,0.597122,0cebb9755c84d57d4bc49058dc88220c22edeb659fcb71a1a28d1b56deb98099
human-02069,human_context,information_extraction,7960,context,245,147,0.016529,0.416327,0fffeb0f8d011472a2d2e40843164358da18442c2627457ce7cd2571eed7568e
human-02070,human_response,creative_writing,3896,response,378,213,0.0,0.388889,3342a70eb3b5cda6cf10bddf10f05aabae8d5fc9941a382ea49c1a69af795522
human-02071,human_context,closed_qa,818,context,257,135,0.055118,0.466926,7057097be86ccdba217c9122c834ed67497a6a179c3c3c87cfcc2c448b86e096
human-02072,human_context,information_extraction,1130,context,217,124,0.037383,0.456221,a91c74ccdeeaf5944ee6c07dbebb6f1e83b6727025feb43a63fbf014eb154b09
human-02073,human_response,classification,1100,response,256,172,0.0,0.398438,8282a1b4976fe6632e1f6183875298696b5baa014683dceb1c3d83733d57f6f3
human-02074,human_context,closed_qa,8525,context,327,150,0.089506,0.510703,53d5b26858ef562a9dc2b6d4b5bcfebb900348c255bf35e41cf6f2e0c652555d
human-02075,human_response,creative_writing,42,response,398,178,0.121519,0.459799,c25e4f711d38468f143665d77dd1bb2339cc8363d313e20b386444bd818ea329
human-02076,human_response,creative_writing,10660,response,224,146,0.0,0.4375,0783705579ff3da301d6d59ec100490f5c120bc87283fa834db35947c1f5ca5a
human-02077,human_response,summarization,13548,response,614,225,0.10311,0.486971,88ebd6ea421ab856d01d18cc82a564716125f381e418743c087950d882260796
human-02078,human_response,creative_writing,8735,response,176,101,0.0,0.505682,18054119854e46fd8a25023e24cdabafeba10410290b545eca8d3399d04b9855
human-02079,human_response,open_qa,2568,response,201,143,0.0,0.343284,321f467d1e5ffa025658a3b064f0dd189e82522240ee96478f6b20efbd05fc42
human-02080,human_response,creative_writing,2110,response,148,81,0.027586,0.567568,826548f64b8145cb6301c1458541f8632c157d92cd21b507f794a2a7f7272bb8
human-02081,human_response,creative_writing,9171,response,312,180,0.0,0.397436,08bc39be9f923eae83dc4f5bdb375d5b2ea199b3c619164a04baafe3b40d356e
human-02082,human_context,information_extraction,8961,context,309,167,0.009804,0.407767,f2150d99f755034e460037f31aa46f6ff4283e84c75ddf5aac403e6e74a64ebe
human-02083,human_response,general_qa,8205,response,159,94,0.0,0.503145,e515cb1d90299bb0cf846835506a5a74c6000825011413ca6180ff73fb96ebc6
human-02084,human_context,summarization,9549,context,504,258,0.007984,0.388889,84afd138915214a366adad07249b8205f2d8ebba16cf81f290c191d0b0947b42
human-02085,human_context,closed_qa,11834,context,734,270,0.046512,0.482289,b2b3be31eae470e92d9bf43f47fccca05059315d2c05910c496db5845ec69083
human-02086,human_context,information_extraction,915,context,1204,455,0.019983,0.322259,363272a7aa1746a48d3ff5c1806187b3ae8444bcef88bf17094cfd58806457d4
human-02087,human_context,closed_qa,6353,context,519,241,0.063953,0.412331,c25cf3f992db6f0cc8ffcdf7674db6c5554360df5b6228cdfdb03d4e3539cb63
human-02088,human_context,summarization,7505,context,290,145,0.066202,0.472414,5409a1e19a2c76f7c676bc5535dbab90e421287d6ba87588650b468717617a67
human-02089,human_response,brainstorming,169,response,166,92,0.030675,0.548193,e6f9d3ec46ea659ba4d789d53f4ef0ce70ddfe5720baa2a50b32552e587ff85c
human-02090,human_response,open_qa,6976,response,134,76,0.015267,0.522388,5c39a8147c8db333d251f79d6d9397639e1197bd3bcd306f8f6566921a76786d
human-02091,human_context,closed_qa,13589,context,229,130,0.004425,0.462882,61314de114d6fdd36ccfeacef1fee5231d8042d833543a96515980aea1037c2e
human-02092,human_response,summarization,12054,response,132,83,0.023256,0.522727,2ad1db2db89b56341b0b8ca18e4b68f4591b3582c9c1d75f949b28d255178263
human-02093,human_context,closed_qa,2971,context,495,249,0.03252,0.381818,68a02f3082d4332f0fcaf53de537c4a794d061633b52bd26e0aafcf19e31000f
human-02094,human_response,open_qa,13643,response,268,150,0.011321,0.440299,ea28530bc537f7fc21362ecfcd76e15411dc4b084726ebddda9f0ed7219a3122
human-02095,human_context,summarization,12159,context,220,114,0.036866,0.504545,699e24e687ff51a582cbb8c9ad7419947e1f859a76f9891c680c71c44fc60ce2
human-02096,human_context,summarization,14958,context,275,163,0.040441,0.414545,f5e2f338985f664ac63b0a5da6da69a5c477d8d00107d44c24b292c3c3021bc7
human-02097,human_context,summarization,11214,context,138,80,0.059259,0.536232,f0e36df139890ca13078df5cbaff1fa74358a2eb603d332624629ba98bf537ff
human-02098,human_response,closed_qa,11649,response,274,152,0.00369,0.445255,919cc4adbc16a9eda85359a5d6561696f416f0a72f323e3d24670c7de46faec0
human-02099,human_context,information_extraction,2183,context,346,175,0.017493,0.482659,5e51df8576020c7800fe595003c338bef61f2cfd5e230ce9fc9c50e05e4b58d7
human-02100,human_context,closed_qa,1866,context,159,94,0.032051,0.503145,a82571b79c6ea3d44bf89963db130fc2a8d1aa46b05c1ad1d3aefa7623d22c19
human-02101,human_response,general_qa,10372,response,378,180,0.016,0.42328,6a5f125dc6a429608fc8d745b3c38e38bdca19c55ecc7fb59626ef6c17a45bca
human-02102,human_context,summarization,522,context,328,143,0.055385,0.47561,fdb686ec46ca80031ca98d6fb8aa3f59358e0afdd911adeea1f646e85a81641e
human-02103,human_response,general_qa,12234,response,135,90,0.007576,0.459259,4fc7ba23a6c5afa958daaa96fe7d7493b0346f254c34da9e4c5813d68f93128d
human-02104,human_response,brainstorming,1415,response,181,103,0.050562,0.425414,0ba9e1f9a9c53edc889b2f255b4f3bfb5f38df2a22fa76c0a12735849f77e86e
human-02105,human_context,summarization,11046,context,187,116,0.043478,0.470588,d8b1afe21cfd7b6a3de0a643b2a31d9ac9c8b904eadf39b3c69594a85708e484
human-02106,human_context,closed_qa,2562,context,135,85,0.037879,0.496296,f0f245a486e40574f0907fc0b0a750a4735c938f9232451da6a8ae5dac0fda47
human-02107,human_context,information_extraction,3233,context,173,111,0.011765,0.445087,8545b107fb86e5c7ee2fb1a471c38c47f99451084ff31a969552305d9b0cae8a
human-02108,human_context,closed_qa,7724,context,266,140,0.015209,0.473684,6ce580c28ef293e0d02738486d350bc90724e381098d160732ac2a06128cd48c
human-02109,human_response,brainstorming,9236,response,242,125,0.020921,0.442149,757d6b22af1ac52b01590859e99033a06a11c9316938037f88b92c4f8a33e51c
human-02110,human_context,summarization,13773,context,273,149,0.037037,0.457875,e66859c0a1bd853814587680f5f21e8059315e76599c8e9c68ad19ab51e52caf
human-02111,human_response,general_qa,10271,response,132,91,0.0,0.44697,ce47fdd10edd4ebe169f0e02df0a76178588c04e8bba8d7d3ff8b815377709e7
human-02112,human_response,summarization,13480,response,165,108,0.055556,0.406061,94e162372f313045a39027362ca6d5802266b0f31485320556fc064256eda34e
human-02113,human_context,summarization,1993,context,210,129,0.033816,0.395238,83e6e73b297810a795c0f80e1187fc17e84459fadcdc46e33e7a9d4ec068bd77
human-02114,human_context,information_extraction,1698,context,462,269,0.004357,0.337662,ddce78df57626b6c1b147061b15fe2cf505153dae282f4ea36a1aa0583f605b3
human-02115,human_response,closed_qa,4091,response,226,119,0.035874,0.455752,869ced271fc2114f067da9ec787b0c2b1092e1760ec1054205a1335dec866187
human-02116,human_context,information_extraction,6846,context,179,105,0.005682,0.480447,02f127a8f2a83866fd391ba37ffb1eec77778853bfb297da76dec0ae927a62f2
human-02117,human_context,summarization,12162,context,727,298,0.029006,0.387895,ae7d4cd5478566c691dd21b2d6e18c6a3662d015aebe146e19810fff5510a0aa
human-02118,human_context,summarization,7893,context,610,238,0.115321,0.4,1e407aaf64336f2ffbb7dcf9577e874ca973122b9c73bdc42c65d60555d3fe0b
human-02119,human_context,information_extraction,7620,context,238,155,0.0,0.378151,632f461bacae5a0d61a839be8053d1e7c23601956941f45b389bff2a1ca63788
human-02120,human_context,information_extraction,8800,context,259,141,0.019531,0.416988,a072393314a76ee404f9ca3452ffbfe931ba17427e551857de36803eedb03867
human-02121,human_context,information_extraction,1495,context,175,109,0.011628,0.451429,6092e135c01daf64b885c9409c403639e025b3103f1a255a1fc1f063da48e575
human-02122,human_context,information_extraction,372,context,285,121,0.014184,0.515789,6434a705618fe3ddda7603ee9161b0ea914a602d334c3a38eb4fa0538d38f7f5
human-02123,human_response,classification,9771,response,296,172,0.010239,0.459459,18107eec7aa1d4f6fd1732db395e6266c8eb597b6392db06164de81e6f6d24f5
human-02124,human_context,summarization,8569,context,147,98,0.006944,0.455782,561f28e02fc71cc8c87affae4f6f58728d555a9b00e8dc56073408b3bb762d07
human-02125,human_response,open_qa,8557,response,277,140,0.040146,0.444043,bbbecd146e873f7d4ae5d9dc9d2432122e3fe2e65eaec022e4860e6ed1371756
human-02126,human_response,brainstorming,10697,response,823,366,0.012195,0.341434,760e20c8d508343080c05e140d63f820f2e59fdcee67fd8f31d2d143e8eb444b
human-02127,human_response,brainstorming,5911,response,182,123,0.0,0.401099,e3c13d439c7bd88ea93a612c718d59314ff684380c72f679f415c91c245bc520
human-02128,human_context,closed_qa,465,context,707,333,0.048295,0.41867,6ed993d80a8495497d37124e6781b5d471bc462adb9587e745bc055fac59c83b
human-02129,human_response,brainstorming,475,response,157,87,0.006494,0.496815,f2c71ed98916176bad0f5016f56ea1af7a6005f9f6016b16ab9c695322918a73
human-02130,human_response,creative_writing,3725,response,818,298,0.035583,0.414425,c844cc4d827ac7da62edac446c14cf5477dd927bdbb10911f8e9fa3dffab81a9
human-02131,human_response,general_qa,10279,response,171,89,0.017857,0.526316,260420d98ce76e165c2eee3720d7613c86a74cdcec30f40c0a2c14a614030e2a
human-02132,human_response,general_qa,367,response,163,64,0.09375,0.650307,ffcf4df6f0ac03001e6ffd3f547cf012b47e2c6cea89e3522f2a6715a59f8676
human-02133,human_context,information_extraction,2170,context,133,81,0.030769,0.466165,f6b5f64cab3f8045275fcacdb69222d72bf1cc5996048af0fef426270685ddef
human-02134,human_response,brainstorming,5799,response,155,102,0.006579,0.451613,64ba453dc92ea39ed35ed993c25cdd3b25fbccb46ebe0ac7b275e3445c647357
human-02135,human_context,closed_qa,11424,context,144,84,0.021277,0.506944,08005a66ed854bd75ec13decb86ee7669c6e839dd961708e61a07d244a2990c2
human-02136,human_response,brainstorming,9077,response,165,100,0.030864,0.454545,7e136cde0310044b98e89af872db1bda710d9b7d31da12696c3209ecf3d45aae
human-02137,human_response,open_qa,3887,response,264,151,0.003831,0.439394,d18e776156fe60bb424edad6c26878130831b0ea112d7134d814400a49c10d46
human-02138,human_context,information_extraction,11771,context,209,120,0.009709,0.440191,148da0dfe921bf6c04302222bf7c8befe9038f395d16a19c7cf9ba3245d05c7e
human-02139,human_response,open_qa,8185,response,203,114,0.0,0.472906,6f437095469e2e6fd6bae278dcbfe47db89b6cac7a0b9e3a22e533312197260a
human-02140,human_response,general_qa,9886,response,136,91,0.007519,0.477941,b0f444df508a68a08ba629445c28abcbfbe50ca43fde7f24243abbb40984277d
human-02141,human_context,summarization,12223,context,540,230,0.055866,0.435185,f971a417cdbb06aa08354e8efafe7d13498582b9abbf47ca48114c2d3365e1dc
human-02142,human_context,summarization,3460,context,202,112,0.015075,0.509901,865c26a3d3870e2c5ebd5241dcf41a5714c041f06ee2653105db40e1e0b5ad48
human-02143,human_response,creative_writing,3596,response,240,130,0.004219,0.483333,a214c88dca4012eaf5bbb0ccb995520167afa881f32dd2acb680332ef6d4398f
human-02144,human_context,information_extraction,10336,context,748,283,0.060403,0.455882,6d8e3182429a097954ae803e26fe17fb522c77d851cf25c03896cf3f35335a33
human-02145,human_response,creative_writing,11435,response,613,276,0.022951,0.362153,95861bed8a4eae4ff128377682fcac1bfb6359cb6f004bb18c374e51529740c6
human-02146,human_context,summarization,13079,context,156,98,0.013072,0.474359,73238092ae0a414d4b0348cc3303c6dbf02c2b5b4a94f9b3315170d56c02be53
human-02147,human_response,creative_writing,2567,response,157,111,0.0,0.407643,c5efff29db73810e241706f84c1d290e5fb181b63865dcd6b0ec2b9dcbc686a6
human-02148,human_response,open_qa,10565,response,265,176,0.0,0.358491,1cc65e56e591325ab3d782dcb18f66d677c50e334e890eb2bb740dd2318ee9ae
human-02149,human_context,summarization,6165,context,195,126,0.020833,0.379487,9700a562615f37c4c5f44fd9841b68229e92c80d5e372425f1500e384213b9e2
human-02150,human_context,closed_qa,14284,context,186,123,0.0,0.38172,93d2266a833f73891e1784771480c3eaf58b996f4a90611d00cd9b2478008ad9
human-02151,human_context,information_extraction,4220,context,370,180,0.013624,0.408108,95728e4931c4dafe89404af197fe45233466d9f11013ae5cabd6bcdef4b9e7f8
human-02152,human_response,open_qa,11925,response,170,102,0.005988,0.517647,d1637626ab17e46d66119f117216d0f34636c9773acbdaec8004ff943a23b05f
human-02153,human_response,creative_writing,6208,response,260,154,0.0,0.396154,bb5de1897e535682a7ece69de1114ca022152120d367383827a37ac7e4d91ae7
human-02154,human_response,general_qa,7073,response,131,78,0.039062,0.541985,b40cf453bcaab18a03cc9c666d8252a25938fd98cdb294c2dd75f90fdeeec092
human-02155,human_response,open_qa,14133,response,273,142,0.025926,0.446886,02d2015981804dca413bf36601e133e28ed676f8cab1722106a5b795255b6eb0
human-02156,human_response,general_qa,3599,response,383,155,0.023684,0.506527,d58f169b782102d8bbbf9c333b483b9d3bb7594e9ccad874eabd58974dd1b844
human-02157,human_response,brainstorming,11141,response,192,111,0.031746,0.458333,825db8a33f5397a4be12caf93027b54070f37adea1eedc41654980044d94eb33
human-02158,human_context,closed_qa,9992,context,176,85,0.046243,0.551136,0464743bd78153c19c0c863da88889bb6c63b8348d48b92342868c52d3ef819c
human-02159,human_context,summarization,8697,context,426,207,0.049645,0.471831,b67f8dc7d2e8e986cc6ae4984a4a1df83a5513ff24ba4729e1f0e028b266eca5
human-02160,human_response,general_qa,9870,response,172,120,0.0,0.401163,158d6ce43bfadc31019079422d94fa4b0ff84dedd6506bad87c120621fef80d4
human-02161,human_response,open_qa,1157,response,329,141,0.088957,0.431611,020b10c2d821e02117201afc4aee3f2c8de170ef31b9b26a0a6488ea4e17c92e
human-02162,human_response,open_qa,14111,response,129,94,0.0,0.426357,74ba7054007d3fc88ab87f1611e0a6e8d4dcd239271e8174f053e07cba8d1b65
human-02163,human_response,creative_writing,1236,response,147,90,0.006944,0.482993,91ea14e2e291c88604d8028b71fc76797d08812422f71f3c63e4a94ff9801f07
human-02164,human_context,information_extraction,6845,context,163,100,0.01875,0.490798,da8477b4264ec90b70840d2ce1c6aed2ecf3d3849d9c78da6a49c9d909a7f8c6
human-02165,human_response,brainstorming,7094,response,230,130,0.0,0.443478,8e1dea01769f423f66e8e49542b75f5b93a01f594c327a3767b6513c404c6be9
human-02166,human_context,closed_qa,9214,context,348,207,0.0,0.353448,a2a2bf66c979d99cb71995a1cc5b7b50c3c5fb7bb0250b82875edcb522503433
human-02167,human_context,summarization,8635,context,139,75,0.0,0.597122,bea38b045a8593d92ac30d417e5f765fec5922b9a0bc9835049bc1f9c9a48812
human-02168,human_context,closed_qa,5255,context,420,139,0.064748,0.547619,32db2349d02e9a508da2441d458e5a8f3dea61e53ff85190e3cb3c891aac7ce3
human-02169,human_context,summarization,1017,context,187,107,0.016304,0.465241,d36e47cad4fc72c6cbe942b8ecbdf154cbc8b338b3ed5a0d7def060edd646c34
human-02170,human_response,brainstorming,13363,response,645,171,0.15109,0.635659,fffaf23eedad9b6cb5943bc3f9f8f77aa8e8fcdc2eda9e71f3e97b50e4043e46
human-02171,human_response,information_extraction,1190,response,797,277,0.013854,0.425345,ab872a276eb6555b430b3d891ff6a1f6c513992b26a6ccae1af5c0d4b0220892
human-02172,human_response,creative_writing,11364,response,488,205,0.014433,0.491803,0debf71d8c7063781a9e70977f287bb802c3dadf113e113ec110839f0f3fed39
human-02173,human_response,general_qa,5071,response,227,121,0.004464,0.511013,fae7714dd90f43531bf9ce948522a2b42c788c2fa2ee9a36bb6991debdb81813
human-02174,human_response,general_qa,10868,response,131,90,0.0,0.442748,674e503bda67e8e93ad28bc7a2089553d922ed12ac2c808127ffb7c1cbf15d75
human-02175,human_context,closed_qa,272,context,134,80,0.022901,0.529851,fd253d3ea828bd379a5ddb87c557505d700d7888ecbd9ed76f9a03258a7fbf66
human-02176,human_response,general_qa,1302,response,159,99,0.0,0.490566,837863843a7e1d9dcc6a1b0981e6a876e5e1650fbd84211f1067d7497915393f
human-02177,human_response,general_qa,14294,response,385,115,0.206806,0.711688,2c20dc122e46996016e1db1240b8d271b85db7b622967aa972bc512cd6f87ed4
human-02178,human_response,open_qa,4495,response,543,236,0.018519,0.434622,ee5c8fda98e406691510914def2e7951af6aa4a4351ac6631679a1989341e7dd
human-02179,human_response,general_qa,6136,response,148,95,0.02069,0.493243,259f2d58745a8f4c40d0ee3ac122d42b7ee93fa316076afe14fc30ff7b4a1427
human-02180,human_response,creative_writing,886,response,172,85,0.005917,0.581395,f7f1ee73a6916bf010cc046339e8e771db5a93171ca06ad8cf061576a25cdf59
human-02181,human_context,summarization,11403,context,568,282,0.023009,0.403169,743188391c0dbc84c931adbff1d2842c5808d04603964eceed66be904cf65d62
human-02182,human_context,summarization,7127,context,155,99,0.006579,0.470968,8688566e2a7fc6e37246ef384d90156ea22ab5f87ae25bd451ec4636545d1d35
human-02183,human_context,closed_qa,6381,context,252,139,0.028112,0.456349,337db9b029521342dcc07a2aacc92d5d0081cbcc676e0e0c52df0c1dc4413b01
human-02184,human_response,creative_writing,112,response,153,74,0.08,0.588235,95bc80d430568c63ea4bdd37ad8d25b07a720f19abfe348ea6e12815c4df34b8
human-02185,human_response,general_qa,6031,response,217,126,0.004673,0.423963,884040f4f4dfafa5ec171c21cad112d03a871738f0f1e90dfbfbc7a2f69e00c0
human-02186,human_context,information_extraction,473,context,218,122,0.046512,0.46789,8ca519cef867132761467074d521d97407009102eb6bb83b7a6d162097907e94
human-02187,human_context,closed_qa,11150,context,187,128,0.027174,0.363636,562854398a74f606c1f54691bb0d68cfab2021bad5609f2526a49dd96844587c
human-02188,human_context,information_extraction,6170,context,163,113,0.00625,0.386503,3d2d39b5c28078e30f873866a670910924d4581800ae3c28bdc9325729ed492e
human-02189,human_context,closed_qa,9326,context,154,86,0.0,0.512987,18df50ab31ec6ec13b95af3b9a889099304bdafd8f00492eb7a5182cbf599855
human-02190,human_context,information_extraction,6289,context,364,206,0.01385,0.398352,9e27c5bc5b14a49331bc16af4bb5339495185746f32e0d388b929c00f946e94e
human-02191,human_response,creative_writing,13072,response,175,111,0.0,0.462857,accbcb6fbf7d7aeae4317e5ce697ff46b8c5ce3806633ab4f751b543119db822
human-02192,human_context,summarization,1834,context,241,142,0.033613,0.414938,cc239a105d4ad5fb93657c9cc896c0821dedef1ffed9ff8b323461bfddc134cf
human-02193,human_context,summarization,10349,context,203,110,0.005,0.527094,1f8f590aa6f155cd8a61e311eedd055db7a6909743cf858560d847377dffeb24
human-02194,human_context,closed_qa,5724,context,179,125,0.0,0.402235,9572e65c97b5aefd9cb4ad7cc4db8476767c4340a15a30121771561f3f1f86ea
human-02195,human_context,summarization,2889,context,321,168,0.0,0.404984,cbd3c72b4a70b228ab3c6b8be74ea6d450dfd56fa49ed4e3b33078e28e92bd00
human-02196,human_context,summarization,1052,context,961,421,0.059499,0.305931,d207aed5e23cdd2b02697eb8f5ae9dba8ec6d60e40d71f0df88958942f07fb57
human-02197,human_response,brainstorming,14400,response,172,129,0.0,0.331395,718cd690267753283f99542018be37d07e2e2be3e97b0d5b640559f2858813c4
human-02198,human_context,closed_qa,790,context,170,81,0.047904,0.588235,28d80e4a910b545ae4b03fe500004202054a8da3ad7a02c1e2d5e66c626c3f48
human-02199,human_response,general_qa,1342,response,293,152,0.013793,0.443686,95324efe9303b34593d4f99d5bf68dedfc4cdb5ff2adbf19df784aace08a4687
human-02200,human_context,information_extraction,2428,context,148,82,0.0,0.540541,9137a8ac10a9072a534b7cdbe192b9171f2fb4039547cdf51274a389d6da5f4e
human-02201,human_context,summarization,14533,context,141,102,0.0,0.41844,4cec33b6f5fc8ba296414454844611ba658536f9ba668dc634ed29d22e64bf74
human-02202,human_response,classification,8053,response,131,79,0.0,0.480916,c1877fe12ab68a3ad93eb5cddbfb22bd494aa3facfcdce1e9f07ce74f1fe6a83
human-02203,human_response,creative_writing,2800,response,542,275,0.001855,0.422509,1dd2f15594b69786d218873441e39d5c31071dc046e96e322b6bb7273ce20e5b
human-02204,human_response,general_qa,6769,response,187,97,0.016304,0.513369,af2d0b5cafe7f4123769932c9d97ef1acb363ec4882eb32e0ccd97f7c9b7c970
human-02205,human_response,general_qa,10010,response,269,141,0.007519,0.438662,edb25e01b83cb0fbcb496efdb0f7071aed644fa8259ffe13abbfbb90936794bd
human-02206,human_response,general_qa,14678,response,181,89,0.016854,0.530387,e8005627b27ce322a44d94a32dd72f20b347cadcfd8688d127596641b558fd26
human-02207,human_context,summarization,2943,context,531,275,0.028409,0.352166,ce37a8dff140c73ce00172987fabd427cca2bb37a9e239af909b3f31f17b3f9b
human-02208,human_context,summarization,14741,context,218,133,0.009302,0.431193,c9b0e5fda8774a17bb83870d49f8b9f46fb37444532b329b8db6494a8ebd85a6
human-02209,human_response,creative_writing,10942,response,652,310,0.009245,0.398773,9b5f2188c76ddfb6fdc93634e5cad95adb17523cc991e9c5cd38baa23d07d8af
human-02210,human_response,general_qa,608,response,146,81,0.027972,0.527397,655ede2cdb7851427d7dcd0b94670c5fbba50921f82ed1c5317eed696a3ffa25
human-02211,human_response,open_qa,1823,response,132,87,0.0,0.492424,e0351829f747b9d508f955f6e595a9e09b1d0a442c4dca0c6101d9b9f4cd432f
human-02212,human_context,information_extraction,13192,context,281,113,0.039568,0.551601,0d58a6ece045c57cd279fcfe5108542ae3764bd9b6558bce93ab318d03ab3a78
human-02213,human_context,closed_qa,10545,context,139,96,0.029412,0.402878,e5c04ff26dae56e57a84cb78ac4bce6b1bf4c6bcaf9ed7c543279f7625af4fc6
human-02214,human_response,creative_writing,502,response,212,138,0.0,0.400943,76923a3ade1bb3cc809f335189abda2b4fba16b336c597d54e2cbf228856e930
human-02215,human_response,creative_writing,12065,response,434,126,0.136891,0.592166,0db2319aecb73335f26d76d2a67c856060e5a1c384103c4ec0b816712a4c7f1d
human-02216,human_context,information_extraction,2006,context,300,147,0.013468,0.496667,73ec1a5c1bd97f81a14ac30acd880ee34aeeed6a8de5f8268435fcdf2cb677f9
human-02217,human_context,information_extraction,660,context,141,75,0.007246,0.58156,78542e2d77163788651dc8acdda73ddba10ebe2a9df98d078cd9551b871300cf
human-02218,human_response,information_extraction,13956,response,392,159,0.182519,0.487245,b50e2add2c49a69b6aff59947aa2579ef32d2061708966a10274a89c6ae6fc61
human-02219,human_response,creative_writing,10118,response,151,98,0.0,0.470199,ae64a6c3800542655e160d1cae3ad99c8be44646df87eedc1937c41e35f6c29d
human-02220,human_response,open_qa,4062,response,187,109,0.005435,0.470588,7dbbb74e5edc4f25cddcf46ee9a3b6f85d0ff757dda4fafdaca625b5d53cdbea
human-02221,human_response,general_qa,2926,response,256,139,0.035573,0.4375,e32259a87979ac557940aac3a6993a022b855026729838a2112e08513b64ac7f
human-02222,human_response,general_qa,3068,response,214,120,0.047393,0.443925,5d14da46d8fb886a389b07d3b8d23571e332db01688031deb39742aeacb93588
human-02223,human_response,closed_qa,1581,response,225,133,0.0,0.408889,c99e7d4f055236669f95b0f82470285175bc76a13f1b536c450f24e73efaeae3
human-02224,human_response,open_qa,6249,response,128,61,0.048,0.609375,9ce744ef6a3c47820382e35d2086b540110332cf5fe2d0e197025cef00d8213c
human-02225,human_response,general_qa,4775,response,282,169,0.003584,0.425532,a168f85df1e871e14160333203ffa96629b7f6b57abc9b02c20b197d79528cee
human-02226,human_context,information_extraction,5974,context,140,95,0.0,0.442857,91e1fdbcbbb9d1e826f282fc858783a2dee12756802e8ebf00d74960fcf12edd
human-02227,human_response,creative_writing,13044,response,432,234,0.0,0.377315,bc9364fed6017a1d1b35db2838d7ff9e223fe6ac7be73b6ce3ae4fec36bf96f3
human-02228,human_context,summarization,817,context,201,133,0.0,0.41791,98cdf20947654d41eee0921093ede553baebbe45696de0a82ca505446b1a75ed
human-02229,human_context,information_extraction,8426,context,653,294,0.049231,0.410413,385ef174edc00e6f9da2cc7d8370e0d934d13c8ad911a6f484bd462bc8ab62a2
human-02230,human_context,summarization,7517,context,144,102,0.028369,0.423611,4de58b837115944d64ee2c692503aadf349ff76bcb332ab337d96c81c49022f8
human-02231,human_response,summarization,8262,response,205,136,0.0,0.395122,23ac094e5449bdb3dfe8cb0ae1d55b505e7ac61ba61ff1bd999827b71ee10aec
human-02232,human_context,closed_qa,524,context,136,94,0.007519,0.455882,129b284631d9a5fde16107971dfe1c1e9fe574db97e00acaf5520e4e40dbe28f
human-02233,human_response,general_qa,12516,response,164,115,0.018634,0.408537,275cb38ebfeb4e943c6e049adce4ee28878874ea779f6395d37d3d056c06c651
human-02234,human_response,creative_writing,14501,response,444,252,0.00907,0.346847,aa9b2b6330a6ec3491ebe23bb6ae4a9c4324b08272df39e4e7faf8909aec2375
human-02235,human_context,summarization,9090,context,1102,372,0.042766,0.375681,622c2c037e18fa0edba7cc0758ae2fce654d1631251aabcfb562db1aa73f5507
human-02236,human_response,general_qa,3205,response,371,158,0.024457,0.474394,5f44ffdee151e713bd1c5bcb77445a74a92645f06a7a08909598901983da5f81
human-02237,human_context,closed_qa,11977,context,152,83,0.040268,0.578947,acbfecfe7e766452685f1ae3bc8b6efddd503b657d7144fe79d8c784f275ac59
human-02238,human_context,closed_qa,5232,context,261,127,0.077519,0.517241,653bfdced54e2e7a7224780f90035935f216a12b704509893adb27c8f6348880
human-02239,human_response,open_qa,8173,response,143,76,0.071429,0.503497,7f487379fb94704ee6fc8ea488a4a07de157676f230507201d2da44c716edbb4
human-02240,human_context,summarization,6312,context,233,142,0.0,0.399142,d9e8d2f8a8290dc59d7b7573d8f69890e8250f090171cce2f1e274b8e00dcc05
human-02241,human_context,closed_qa,2465,context,144,101,0.0,0.4375,9a515be8b6ffd8930cf6b036541474ee15891a8fa4f77714bcacf4857664fbc3
human-02242,human_response,general_qa,6054,response,173,110,0.011765,0.479769,9134d56ccdd107e8f658bfc35118276c82ad7d0c4002fffe304de4ec5e8aac4f
human-02243,human_context,summarization,11438,context,159,95,0.0,0.496855,113b54c81c645276804b028a8a969dfc1999c733442e0ab1a4139e97c90765db
human-02244,human_context,closed_qa,914,context,231,144,0.013158,0.415584,6d4e0c1f80ed681f89452c30dc28d64cca4c676208febd00a2839d64f59d0031
human-02245,human_context,summarization,11939,context,136,86,0.007519,0.514706,941c05f676f8f0f83f389cb70ec088988f4199230b7ce089c00dc7826bc206cd
human-02246,human_context,closed_qa,1058,context,301,125,0.11745,0.538206,563f49e609e64ea61241c7068eec3feab26545a432c8d59e0c42a635d78b9a04
human-02247,human_response,creative_writing,10383,response,436,229,0.020785,0.389908,039ba26555c5d8c976791e794bf2424de2ea0d4888b64853257be254398a3460
human-02248,human_context,summarization,6627,context,842,358,0.042908,0.384798,d7ee277160123eab6e8b886c3c09f9139894d64a8ca8c024df1f6e7964ce313b
human-02249,human_context,information_extraction,2386,context,266,142,0.003802,0.413534,2dabd5b0d714b96e874648c42a09399cf45838325f5b191a30615fd718335c2d
human-02250,human_response,open_qa,5403,response,261,135,0.007752,0.436782,fdc5b70e0a14f64e1f3168674f51114cdb9de0a0b81c11473398a9030647489c
human-02251,human_response,creative_writing,6616,response,437,229,0.006912,0.400458,f429e227687731c74539ddd7b187efa7a443be31eafdd20a5f7c32b424db6840
human-02252,human_context,closed_qa,10252,context,250,123,0.052632,0.508,b7e09d8f4a44d1ea3fcd983d72de4b5064fd337c8bbf0f0c63d66df504268cfb
human-02253,human_response,brainstorming,6583,response,434,286,0.0,0.345622,1cd74813c4ea856052eb2481a107abe54e0f2ed43f7feeba5a4b94c2df333ee4
human-02254,human_context,closed_qa,2899,context,244,137,0.004149,0.405738,384198d7e426d11212cbb5ce7f7c2ac94f31aa43afde15029a0780396ab6059f
human-02255,human_response,creative_writing,12971,response,202,130,0.0,0.39604,baed40cd2859d2d0ba8c4b5928ba8d971a362b442ee51b573a2745141f04b31d
human-02256,human_response,general_qa,4013,response,213,123,0.0,0.43662,58800bbdf872441f0918a1df3a56f11da46bdf3c34ab3ef79cf5a53882080267
human-02257,human_context,information_extraction,4749,context,279,157,0.021739,0.462366,576e98eca5da22d6cb65f499f327a3767db8dc3a0d1738817d2685d4a686b82a
human-02258,human_response,general_qa,1643,response,187,95,0.005435,0.518717,3a662ef55e6033ef488cd15f1cdbea0a8b722ce9fd5e0115064c0011506ccefa
human-02259,human_response,general_qa,3794,response,255,120,0.027778,0.47451,21ee8089c6484ae1c83f285f90974bf888f3d98bba4ef51db0423a80620d3564
human-02260,human_response,classification,8038,response,158,75,0.2,0.56962,d9d105e28b160fd1a36c9b88959f5a740254ad1a36e28bae0f891e1685bea2e3
human-02261,human_response,classification,8984,response,289,155,0.006993,0.425606,d7d18a94e6865771f1054c83d96963235353ce7b705907f4f4d7c7449b96277d
human-02262,human_response,open_qa,8134,response,286,160,0.017668,0.402098,cb432fd7efb536ef31f7f77e3c5d31147fe0882777090ab013b3fafc02e8af46
human-02263,human_response,general_qa,14113,response,147,96,0.006944,0.455782,e8d6959095236892599320fb698338a71ea542d5f35afe81301228f9ce907a2d
human-02264,human_response,general_qa,11907,response,190,111,0.064171,0.5,93dfd78cc58743cd891230e308508f05c5df9f8342e9382c14750cda72424ae5
human-02265,human_response,general_qa,2700,response,507,276,0.003968,0.374753,f14652532d7691c6453afaef5d170f3e4d5b38bbc14847f4e04d3dacf380038e
human-02266,human_response,general_qa,5260,response,167,110,0.0,0.437126,ffa41adb40ee6b746876022c541d20e7c708f6378e4665bda5684c990b025b79
human-02267,human_context,information_extraction,10527,context,165,103,0.0,0.478788,9b9d27fd0bc1b59d3ae1cc6594139cb1911f8be2c7b1706687fceddaa29493f9
human-02268,human_response,open_qa,4586,response,161,101,0.037975,0.42236,fed4e21606e97df418489e08a63423e5cecde2a3044ddd82377b529399d22ed6
human-02269,human_context,closed_qa,5532,context,182,93,0.050279,0.582418,00c1a3587c2411336bdf0765d176fadd5eda62b27b7ea2475d19ba1038d823b7
human-02270,human_context,information_extraction,2547,context,236,120,0.034335,0.474576,61e0a247a3055ad80397d52785d75ac27808c27de00fbfac2ebea66bd98657a2
human-02271,human_response,brainstorming,10322,response,135,94,0.0,0.451852,6253baace90b413d30b56b28cc4287fe0a961dc2a8abf5c6d3e3384a96772f77
human-02272,human_context,closed_qa,2150,context,576,293,0.013962,0.404514,312e5115ca067193715e62a460a38497be4d78cf6f9c6c60eb13c6b0621b925b
human-02273,human_context,summarization,11155,context,358,127,0.059155,0.575419,e579a7acacdcf26d52b3f39900bc5ff99aa8cf4c33c2f167791a9b4bb27afa3f
human-02274,human_response,general_qa,1668,response,145,74,0.035211,0.62069,8863e983cbc8a8f631c5350a601678121bcbc5ed8ed2b68ecaf0ad4691cbb91f
human-02275,human_response,open_qa,8794,response,397,207,0.005076,0.440806,54ebbffb1142271301995aa56ef3939e0d0ada280d5687f0807e044b1a83c531
human-02276,human_context,information_extraction,4727,context,545,260,0.012915,0.359633,cabe6f3591cc13c46f17bc711e56a58345ccab9439796802306c8093615fb504
human-02277,human_context,closed_qa,8586,context,504,285,0.013972,0.353175,f5ef053cbed805b0d210ae002bb5567f2b61c3d651c7010a9afb50c48346543b
human-02278,human_response,general_qa,9506,response,578,222,0.071304,0.411765,2969beef5badd95590e0337e8aa1591dca3797f7d85fe9b00af005d7223b3663
human-02279,human_response,general_qa,11809,response,219,121,0.0,0.452055,ad29583c3bda242b47eee620a7566f00619afdd89e3b882bffa1b7868110e305
human-02280,human_context,information_extraction,5440,context,391,184,0.015464,0.455243,a426e77cf533d02a4715ab66838342a6186b25d99525a6c23c176e5128fb4f0c
human-02281,human_context,closed_qa,13761,context,422,190,0.02864,0.450237,a0dff9b56285228c1a245a628b9e901daa4d53f9b0df8d29cd762cac69651cb3
human-02282,human_context,information_extraction,5297,context,128,78,0.024,0.453125,200b59189055d57c95fdad2c408ff2bd0416da8e7329aa4fc7cdadb199c77fce
human-02283,human_context,closed_qa,7799,context,163,103,0.0125,0.398773,c2e4ac93a6e044c8f618fd5f28c7992cbeeb65cd4af68dd5c03f41c33bf98ac3
human-02284,human_response,creative_writing,11134,response,990,417,0.052685,0.343434,c61ab4123f5edaa44f474121a139f8e6a69300cccac2d3f4f288322f0a20d28b
human-02285,human_response,closed_qa,8578,response,169,114,0.0,0.443787,ffb6563f9e077f82d352518a48f1c92ea479a5d0d282c0ea9e63e9659a5a6882
human-02286,human_context,closed_qa,6782,context,296,173,0.03413,0.398649,a789bf16d4ff4674cc1c4768266340a64db3ac54b6b7f0ddff4c6d3033ef5424
human-02287,human_response,creative_writing,10824,response,133,96,0.0,0.406015,394f5b684b5e241475247b20fa310b4925e9d07d78648f151bc72001b7c6b620
human-02288,human_response,general_qa,4238,response,613,256,0.014754,0.433931,73e1038e17559f300dc0fd655c226f3ddeab62c14d3992c207d131e8c4f08f95
human-02289,human_response,open_qa,2881,response,150,95,0.006803,0.466667,57213be5fd461b21dbe19bf16dd79b4ba7a64b057a4f2014a050a873a4b0875e
human-02290,human_response,open_qa,12465,response,960,353,0.013584,0.422917,1f5f07658ee737a3311aa7b124d1c0152ace5f215038a17ce7bc3b1252b085ff
human-02291,human_response,summarization,3679,response,295,160,0.037671,0.450847,f49f2d362058e8e049d6bc395becb9493baa0b21040f7d4d84e45600f98cc100
human-02292,human_context,summarization,2540,context,166,108,0.042945,0.457831,1b3971ec2ae0b9154b5c7f7ef025fcc5e2d41a882c987d376adbbfe42d6401ad
human-02293,human_response,information_extraction,1490,response,977,430,0.060575,0.426817,7b3293adab2f9e7ba6f58a6531b7ba617e4cc48a9967d84e399d41ded1233a1e
human-02294,human_response,closed_qa,9532,response,163,112,0.03125,0.435583,b14d024c6c0142c7aff67641c37f3a9772f03d0cf54cb5c7dfee62c97a06a596
human-02295,human_context,information_extraction,5621,context,205,116,0.009901,0.502439,0a8177e3d72217612a7d36b77b679b42be5d3944e276af4e226f27d3902762ce
human-02296,human_context,summarization,10613,context,136,96,0.0,0.441176,526d3f3ac19021a57d48af988ae21fc85fa3b77facaa057c48891d85c8b733e8
human-02297,human_response,creative_writing,4046,response,351,175,0.020115,0.447293,4ddb69180e7a6dda28a9d9a8798daeb67babcc320da928c04a603af87cf3affc
human-02298,human_context,summarization,7184,context,339,171,0.020833,0.424779,5bae94e334c490c93bf7572d5f2121ac1a0582ef09d19d9eb0a148a0a2c5aa2a
human-02299,human_response,brainstorming,527,response,146,97,0.0,0.445205,cfd5dd7ced09112fa9881138662348b614168bbf9b19c39cddc7b09175f9c165
human-02300,human_context,summarization,9844,context,428,226,0.007059,0.406542,960b736a9f93726bd2765c9f51b44fe3cf31aac696bdd83d78f8d0d39a431a70
human-02301,human_response,open_qa,13351,response,308,190,0.042623,0.38961,1885b1bddd5cb403bac6f0363b29ed15a2c0e911e374945922b5d30bf2dc0ee8
human-02302,human_response,information_extraction,10438,response,147,64,0.236111,0.70068,e997a244005e7f5c56d5a7f1661f1e3720022650671f67806271c261a216ae3e
human-02303,human_response,creative_writing,6112,response,157,91,0.0,0.541401,54fbb6186eb590cf9e2f2334cabb0fd007d0bc7243b4a717d29d287a5063fcba
human-02304,human_response,brainstorming,6892,response,140,79,0.021898,0.528571,79cd7137df7567fd7778c787e852bb5837d3c2245942ecaf83de1a6f2f26016b
human-02305,human_response,open_qa,11024,response,184,98,0.038674,0.51087,af26804dc9784de1b378370f469886d4e373dad07f80a834c6124d5e882fa5d4
human-02306,human_response,creative_writing,605,response,260,125,0.003891,0.507692,4fdbe7d745605983621c14ed403aa5415292358270706efd980d0ae8887052f8
human-02307,human_context,closed_qa,5127,context,261,146,0.042636,0.421456,13bc0769cf195c73c1bc7189ca04f9ef015c34a9e80c227ac959c581713b71f1
human-02308,human_context,information_extraction,10591,context,384,176,0.018373,0.434896,6ecbe9de00219c2892977277d964637fd3ca145f91d59a97b1a7b35ec0425911
human-02309,human_response,open_qa,4622,response,146,87,0.0,0.479452,dc933371fb5e062b91163e4a2df32501561ea6c47da2942a26d4cc082a46a611
human-02310,human_response,classification,5075,response,295,158,0.027397,0.39661,58ca448cd11369fae3eb984f80a775eeea07862385ce93055e363f840d79ef22
human-02311,human_response,creative_writing,9362,response,1475,591,0.0625,0.341017,1451f167a836beda9e3645c8828284a05bb389f323fcdbf1d5d195a97cd5694f
human-02312,human_context,information_extraction,3234,context,232,135,0.008734,0.452586,d4d0b0e7f69788c3f136856f7f75f806575ac1b4c1e440729cc14109ed227c95
human-02313,human_response,information_extraction,10318,response,1279,545,0.024295,0.329163,8903df4ba2f5d8a840d2776d5985a5c9fa5ea0c54c943b940a062cf8577b28e5
human-02314,human_response,information_extraction,12749,response,837,379,0.055156,0.408602,3294e904597dcc0ceec7018fe920b14a6f1caa568b5a645c73d39a2607b0264a
human-02315,human_context,information_extraction,13890,context,415,174,0.080097,0.498795,4cfe6e4747ebbde0abddb7c9fd4dcb417ff099454d55d968568aa50610377fac
human-02316,human_response,brainstorming,11386,response,137,72,0.074627,0.620438,0ef4ca3b0dfc909b920edbf81974881e57ce0a8154413f1692548898260d0a3a
human-02317,human_response,general_qa,9988,response,252,131,0.016064,0.47619,ee6a06d39b86f82b7dbb2d39c83740db86a26e5e8ed5b110363dc852e2cd0eb6
human-02318,human_context,closed_qa,2782,context,146,98,0.0,0.452055,dc2f464d12ced2d707fd2edc206da1c332830672199f98489cac292a19713847
human-02319,human_context,closed_qa,10547,context,137,90,0.0,0.430657,bda86ad329fafd5d3c3c1fb8eab77e4e7049c174c0dacef140365c817c7fa42b
human-02320,human_response,open_qa,1734,response,128,75,0.008,0.554688,432aed720f2edf49ec0a2b2589e7cd664bc1d5dac07b01da88d405fc16fbbcac
human-02321,human_response,open_qa,7278,response,168,90,0.024242,0.559524,c73934f164d51688349aaa4bde0c9e4276c9ae4ec8b78fc42c1159c31974706d
human-02322,human_response,open_qa,12335,response,169,93,0.018072,0.526627,7bd502ccfe6c595b2f84cc1b00b25bda570d70e9aa73c02b16393eacc167d50c
human-02323,human_response,general_qa,8955,response,196,118,0.005181,0.423469,9c23d686343460eefe07cc66fd94ef9370afb699047ea144b07c7c6e5902c044
human-02324,human_response,general_qa,1056,response,173,117,0.0,0.416185,7026cbcb52d374722011a176a5d956933e2de9ce8cb7c567860c6698f2dabad3
human-02325,human_response,brainstorming,5954,response,129,84,0.0,0.48062,219c0fe1e32ed81520946cff86e129ac9bd79c348f9a303158fadc18ffd78179
human-02326,human_context,information_extraction,5961,context,506,209,0.059642,0.424901,0edf676b5767f7d4cc57cd59730168786798887e75dfc91ff390a4cd43395ec8
human-02327,human_response,general_qa,14690,response,151,82,0.006757,0.543046,76900d1b7647103d8d433015e4deecb7d91fb1f8ad992913b24e3dbf5b0e97e8
human-02328,human_context,closed_qa,9945,context,187,112,0.005435,0.42246,4e0365579673758a2a020e1b1bc2a8e66b9a9b5b8c5cc0f6d6489e30638de6af
human-02329,human_context,information_extraction,4842,context,419,199,0.024038,0.410501,ddbfe59260bc7b8cdd5b5565d17fbe3f7a4fabeb356e0851995eb5770d0bec99
human-02330,human_response,general_qa,12807,response,156,97,0.026144,0.467949,0ff1eb8a5389b8abb60d2203d08c507fa805557c0c2ffd586fffebbdc26d0801
human-02331,human_response,open_qa,3908,response,135,87,0.0,0.459259,2a0b28fdff8020b9997f0bf43e185a72cdcee32da1261237e00121a65ff40dac
human-02332,human_context,closed_qa,3966,context,415,210,0.033981,0.409639,008a9f0d0706520f40684cd255c827acb6b8b2ccf07c46c890b73d95edf6a4ca
human-02333,human_response,creative_writing,13617,response,140,82,0.021898,0.535714,771cb4d1f2839388caa171ca994213a09bb11195e06894844029e24fbebeaade
human-02334,human_context,summarization,12778,context,180,124,0.0,0.405556,99e4e3d1de3435e07ad2f5dc19245a6ab780978e9740c59ff091cc581d46fc08
human-02335,human_context,summarization,2206,context,611,307,0.018092,0.368249,0485df22b73d18dc69f506e8b73271ff84a4101b1d5d2fcd135491501651c79e
human-02336,human_context,closed_qa,5167,context,134,76,0.0,0.574627,9f1ccc8b590612c2f99cbc962c324ea75f8f1c5a36e24e69883f06048aa3b3cc
human-02337,human_response,summarization,11025,response,147,80,0.0,0.571429,8ca0469705ea9b5ec598af1443064b20a484ab2905c7e90f2e8da8516ad17f5d
human-02338,human_context,summarization,2351,context,165,80,0.024691,0.581818,3685f2f1ea55346839b285e8ba425f2327fe6f9de098c59c4edf2ab4fa63acda
human-02339,human_context,closed_qa,14049,context,1908,652,0.050919,0.357966,fa93b177bb0d8e5f839e0000954ba4b074e7e41b7917355df1c015b93a8b9c7d
human-02340,human_response,creative_writing,9212,response,364,168,0.038781,0.431319,f58e06c71f3a58a0f9a2a7083fed7798a7ce3cb722a8088d769bc7a0b8e4aad8
human-02341,human_response,creative_writing,1551,response,178,110,0.0,0.432584,cebaefc8356baab43116866e436d985a6251753639414f539f7f5f77492547d9
human-02342,human_response,information_extraction,4479,response,583,260,0.039655,0.459691,2a8c4211171f6dbe62e8f76614c6528508be1dce888457c3bda9b49aa6a48242
human-02343,human_context,closed_qa,3451,context,198,122,0.005128,0.424242,f3e76a5e96048a8437f2898bcdf90f2b2c30d0e9da5fa74f90aefe83b129bc03
human-02344,human_context,information_extraction,14014,context,136,93,0.015038,0.419118,7f956247f39558bfa21474b7633897d28f7f8dd2f32594457c36765327e18879
human-02345,human_response,closed_qa,1874,response,161,105,0.0,0.42236,bed655f870cc880f41a0e0de847f10744c1f506dc825071b1452c26497a066e1
human-02346,human_response,creative_writing,5040,response,235,138,0.0,0.434043,b6ee5f876e086bc972b85729c5cb7a5c82bf60168842c718a8e013853c2a9b44
human-02347,human_context,closed_qa,3911,context,357,180,0.025424,0.439776,1dc073995d0837230d70a64c681c13955d8a77ade2b08855164ba89861dbf024
human-02348,human_context,summarization,4868,context,327,135,0.027778,0.492355,b36da33dc3859431145acdb4a8905801c9eedaa1711020cc4dfd927018737902
human-02349,human_context,information_extraction,6552,context,135,89,0.015152,0.488889,af6e705cc05c3b43aa68feebe4b7125579590c0140d73ddec156826eda846494
human-02350,human_context,closed_qa,843,context,359,159,0.044944,0.448468,9052775cba77d1bcada2a53aa7ee87bbe93c14e90f6d29d28e2077745b714b3c
human-02351,human_context,information_extraction,8207,context,213,124,0.014286,0.394366,82558a1028938f3b9c36b9c244a152fd907f06e82a03f222c3644e6a2ec57e71
human-02352,human_response,open_qa,5271,response,229,138,0.013274,0.401747,8cab0ead2c0cc7a26312f15a265a25431d6136e1281166b55e2ff08a89963b27
human-02353,human_context,closed_qa,5049,context,233,135,0.047826,0.459227,b15d10ffd9168f41a276b3961656936e4164314ded2e5c01b1c0333367931ee8
human-02354,human_context,information_extraction,1661,context,149,95,0.041096,0.496644,953b252bf2352344a2e396916b677d8791b1c10c110d76273968089b5928b905
human-02355,human_response,open_qa,3572,response,150,83,0.027211,0.58,fe02bb270831b921cd2de4ebbc7707d6518e9e09de752ba1f42c939d175d33cd
human-02356,human_response,general_qa,11316,response,151,91,0.0,0.490066,0c5f7ab2d6e8dbf5973fa691dd517f5b3517ebc40b0fbc631eb903e2cd5354b6
human-02357,human_response,general_qa,8317,response,213,128,0.057143,0.389671,b78234faa40002c26dcdd17ae782a04cf15412d6193dd056c53e718dbe507156
human-02358,human_response,general_qa,1262,response,427,207,0.002358,0.423888,464633c900711eafdfbe8d2f74e939f221b2e627a50c83fba1f5ff5abe4aa6c1
human-02359,human_response,general_qa,11844,response,188,108,0.005405,0.484043,e40230b1a3f1f99b4ed4a012b29d6a43f5aed7704a2173018de6519fa7fda0aa
human-02360,human_response,general_qa,278,response,138,90,0.014815,0.463768,b16d597b2ac2f6bf078294540ea1bf725ddee4c313524a33f29ee3fec4e4cc8a
human-02361,human_response,brainstorming,10803,response,338,140,0.01791,0.529586,fd8d64a31a219b699f231d73e5f36c8df1153500aebc0b48d0a01d84e886056e
human-02362,human_context,information_extraction,803,context,216,115,0.037559,0.49537,0ab8f84ff5f8c37ab219e2fcdff4c1210fdafb9a03906e912c7e99b686c8b4c1
human-02363,human_context,closed_qa,3471,context,140,86,0.029197,0.5,4fbe4c061791a9b51dd55b496e2d16f21bc80878ade04cfde61709a0a1c0008d
human-02364,human_response,brainstorming,14858,response,146,92,0.0,0.472603,a5198dee5f3b52a9f0c1f2d1a442277b0b688eb2003f79ecc20ac7692f7ea663
human-02365,human_response,general_qa,6553,response,129,78,0.007937,0.511628,8bc41b9f14b0dd20fcbdca1472de4718c2747bb6bd8059da11a5c20f30d89f6e
human-02366,human_response,general_qa,7625,response,713,315,0.008451,0.443198,62655e68b68b3f72f08c1d716efa6f8e13264198c1fa9c8cf3cbed05f3dd0e57
human-02367,human_context,summarization,6075,context,153,116,0.0,0.372549,0555ea65b01b39dc94dfc14b8913657ee0afa040c5052ed94f96a93c5a18cfd5
human-02368,human_response,creative_writing,9114,response,182,119,0.0,0.417582,d34301cd1541e52f417ed7f6f88f56dba938836d148fc6ac110727905a61b03d
human-02369,human_context,closed_qa,8843,context,186,106,0.027322,0.478495,b08dce260a8e1a7c08e0e147247110b666197d302fed2840014fbb8926b5332a
human-02370,human_context,summarization,13588,context,313,160,0.019355,0.447284,d3bd3dda1a3a3c3e6126169e6d38707e6f6cf0a28f146c6c68189bf87c79a218
human-02371,human_response,general_qa,4784,response,232,93,0.030568,0.573276,e7a2237ffb1911899f463c16b2983490891dbc4e4fb3abfddac85fd6ad3bec10
human-02372,human_response,closed_qa,9226,response,131,80,0.03125,0.541985,5b4bd12c23a764640e23e0fc776a4d56b3b1aa550e45faba9f3027695db13612
human-02373,human_response,creative_writing,12371,response,218,128,0.004651,0.422018,2a067ea82780cf3d1b82227ce083c138f50f8b8b0e6bd988ce5806d225223509
human-02374,human_context,information_extraction,6295,context,281,153,0.028777,0.441281,1a95b976b9f155a16d43763b2bc1da27021ffe519e01fcadf5347c8ceef5924a
human-02375,human_context,information_extraction,2604,context,130,95,0.0,0.423077,758af212d153044c9e994b1a65f970546c20e1e0e8d03904fb17ed002211fc5c
human-02376,human_response,creative_writing,3764,response,129,85,0.0,0.496124,f38336933109ab9f5085aeab828375ed43013f7d7c90cfca651a26fc898ebe9b
human-02377,human_response,general_qa,216,response,544,220,0.018484,0.420956,ef6977b80f8a79466e7d5e815185f4d26cd17e59b59a9189fd478fe9f5187369
human-02378,human_response,brainstorming,14138,response,137,75,0.014925,0.583942,ab78dbb9dc18d6fa54fdddc1c841f73fc95badba8642f539e4cc26aa5edce6d3
human-02379,human_response,general_qa,12652,response,134,82,0.030534,0.507463,4745a11c3e5601dd33850aa8f1a6e59c87031121aa655d445b4fe2eeaf51634c
human-02380,human_context,summarization,124,context,134,70,0.068702,0.626866,a0b334bcee8bb2074fb1aa96eaa14b39f01d9d62b5eacbf47b3f35802393d9a8
human-02381,human_response,information_extraction,7378,response,336,187,0.012012,0.431548,bef76e803a052a2443ab14cec6107432032ac15692e495836a9b61e2d820d809
human-02382,human_context,closed_qa,8445,context,251,119,0.020161,0.494024,11e4613015e75f209f6252f84a4e5c38f3f7de45008cad0ca0cefaa07ec57b77
human-02383,human_response,general_qa,364,response,207,120,0.039216,0.492754,7ebd918b9b2841102a1e8aadcb0bd54aada663ecb017dc6ad686b1b1a6c100bc
human-02384,human_context,summarization,5152,context,260,143,0.027237,0.369231,902194ec23f1ac94253900cc6ed3d4127a1f7b4547f5d6f2278022ce475ccff5
human-02385,human_context,closed_qa,841,context,344,157,0.102639,0.468023,56b7d6e255137fb6c2e7bdc7ac1b99e80c8dccc813026c5aa115701eea806b6c
human-02386,human_response,brainstorming,8349,response,131,76,0.007812,0.541985,ec6bb2ceab2d8ccb418d767df01b33de948fd5322bf85ab17c91749df7260b48
human-02387,human_context,closed_qa,4512,context,666,330,0.013575,0.333333,066a180b3435bdcd271d1f223123dd7a8b70b406fe404dc504414381e38f0a8a
human-02388,human_response,brainstorming,3894,response,160,106,0.006369,0.4625,2b997681e55a5e40e5a40a9055d2ca83aa16d88aba721cd1af77f6c78f8867bc
human-02389,human_context,summarization,14314,context,166,116,0.0,0.421687,db12093593063017e5a1134318a7bdd56e26e64425eb8b683f8d720ffe2783e6
human-02390,human_response,creative_writing,12875,response,197,102,0.010309,0.527919,c0f8cc222850bf5f5858c27195549614c574fb6dae41c8c1839d52fb9c553645
human-02391,human_context,summarization,6385,context,150,96,0.0,0.473333,c51153355a1107c17c39289f72df946adbf6cfd9d6762163e32b8838cbfea0a8
human-02392,human_response,classification,5326,response,157,88,0.0,0.522293,9845b53c6a79d6421df0b74a874055ce5c8d161885458f5f7c3066d7bd4587a0
human-02393,human_response,general_qa,13033,response,221,129,0.009174,0.434389,b7e0a1fab08024c242a98aeeb42b980b014124c9fe2ead8a7093c58c44e63ac6
human-02394,human_context,information_extraction,3793,context,334,172,0.021148,0.41018,6d0d6bce7d386d97a7377dd108d31ee8554654b95b6648b0c2270fc494b0b6a9
human-02395,human_response,information_extraction,6852,response,168,101,0.006061,0.5,cbb5394838c78a43cc17490b18ccee9fa8159d89417a4c4483152cd6e25bae08
human-02396,human_response,general_qa,14125,response,203,124,0.01,0.408867,c8935c2e94ef509c9a2a50278bc87d4a9e375a11f5b1f40bb1098edcc8f8aeb8
human-02397,human_context,closed_qa,4644,context,338,140,0.095522,0.446746,76e0b60f3dc565aa0a36c727d798a0dba5de6c6b6a60512c49bad4cc9353f767
human-02398,human_context,closed_qa,12270,context,315,177,0.032051,0.422222,122627179f7bb7ccdf3634dd67368a66829176d096eb8474a0873a88ebd10e1d
human-02399,human_context,information_extraction,11701,context,221,144,0.0,0.38009,18a97e25816201ca783b32a9191f0503947651e14a480823ca8e57356c54ec0c
human-02400,human_context,closed_qa,1690,context,243,141,0.025,0.432099,654c15a753c9a9874d05d4fe6524883d85ba3eef5ebe8167c8d9a3cdd56790e6
human-02401,human_context,closed_qa,176,context,165,91,0.030864,0.515152,b69ece7b53624dcd06d8d716d2dd81200825ef791eb0e116730542a7771793e9
human-02402,human_response,open_qa,11719,response,215,111,0.009434,0.497674,762b1f63f5f76fc4a6cc7ad8426ca68f3628b8d1f164db215dc6008564d7a822
human-02403,human_context,closed_qa,14571,context,282,155,0.003584,0.439716,4ada3a5f548fa3e5c7bffd7900560575623fc9b0b15d7d60cc4a221b3b2e7afe
human-02404,human_context,closed_qa,9218,context,186,79,0.136612,0.672043,e2d6f256865fb6945cbedd788bc2502c3b829f51a65dac8e64312fcb8b14adcc
human-02405,human_response,summarization,14332,response,147,92,0.027778,0.496599,8997f32e555fb8ffdecf12835af825d5cda22db37a084ec464208beaeccc00b8
human-02406,human_response,general_qa,6717,response,247,139,0.032787,0.449393,28c0e95fe36f640785b806b7c91943d180b898fe06d20404f1f7fa3361d686fe
human-02407,human_response,open_qa,11304,response,188,119,0.0,0.430851,a5c7c1c31d4345f6cdae50f5362d40cb17e589637bb5b0a3e9f1034bf0118985
human-02408,human_response,brainstorming,73,response,512,231,0.0,0.425781,bdec09da9fb003eeee20e451a3fee9b3d31fe24cc164c24d38321a9dfa2b590d
human-02409,human_response,open_qa,14802,response,239,135,0.012712,0.472803,ad2816645077001509aee7c3ca3943ee905379fef0c54016349a59d7d822fda8
human-02410,human_context,closed_qa,2416,context,353,175,0.037143,0.456091,c875a395f56ab0e21c46cee1ec9ba96ea3401a91d152ec5c0b250cfe5d78a64b
human-02411,human_response,open_qa,8606,response,188,122,0.005405,0.414894,a72597f3185907196e1dbfbaadf74c1928810abdb9504f8ef619072a161c2fbc
human-02412,human_response,creative_writing,11234,response,417,190,0.024155,0.515588,988a0867f8db512f701d0df78b31d1f746d110f56cdfee6d6823ad536ff8dd3e
human-02413,human_response,general_qa,2130,response,151,63,0.054054,0.596026,5ae3e7aa005881d64de7074b63bc64ebddc2dc55f7f2fe676b02faed5818468b
human-02414,human_context,summarization,9352,context,199,112,0.02551,0.472362,043fc18752135be218b0009bf331a7b64d14426af4bbc747eee5cd9dabe50063
human-02415,human_response,closed_qa,6758,response,213,130,0.028571,0.422535,0f346802c6ba61270c48799d75f1aff20a7831827730535a3ac0f476ddacef9f
human-02416,human_context,closed_qa,1951,context,249,121,0.0,0.522088,152a9aa7572a37f4ac5d121e0f508e6314c582b4753e89f356d95e1d8e1678ae
human-02417,human_context,closed_qa,7765,context,217,117,0.018692,0.502304,d4ce1fbeec6a8ee2a403c76c1c1950fe33ff8479e9349db3a0f685bdd00648fa
human-02418,human_context,summarization,12284,context,257,134,0.011811,0.416342,a57a73fb1b897e108caa88f9f257ac230c441af56e9b09664f90105f4ada12ec
human-02419,human_context,closed_qa,8817,context,177,124,0.0,0.384181,867543ef074e0d44ac28f2f9d15b2f15f6c30d4d67ca1056ccaa6b0f0ee515f1
human-02420,human_context,closed_qa,2901,context,191,108,0.031915,0.507853,3759acf7206492d732da6a6abf24af40e65e35443848a4e9b3f5cfd56c0a6123
human-02421,human_context,closed_qa,10945,context,286,156,0.04947,0.388112,88b9f0c8bd2844c600c98b48c68b9920289de7715ccf619659d510f166424e16
human-02422,human_context,closed_qa,4763,context,278,165,0.029091,0.413669,6218ff2e2f2a79cccb17243c2d6135b52215346cece50d0dd3d34ad235b7f4d0
human-02423,human_context,closed_qa,10096,context,213,128,0.0,0.422535,47a685e15b84a9b43ec772beebd0dcf8683eeb72bc3649de3d3cb31058ee7a50
human-02424,human_response,open_qa,1366,response,150,100,0.013605,0.46,0c1627f23247aa17ced921b7e2a397d2d3abf41b6646d741c063eb80c94cd4ec
human-02425,human_context,information_extraction,7368,context,181,109,0.0,0.469613,cbd24290b1fd1726ac32a07028055eb8f5f70414981a3d4ad2800768d4235d16
human-02426,human_context,information_extraction,9022,context,133,93,0.0,0.443609,7016c1121d75d50dec75414d88d1652a985c7530c0f1442d4cd261b522e56458
human-02427,human_response,brainstorming,3625,response,155,91,0.006579,0.509677,96dc195bb58f276e25fd34223397ff2d137819e4a1e24c3b75a9367428f22b14
human-02428,human_response,open_qa,3678,response,150,94,0.006803,0.433333,ffb3532d8d80c50b343ccbef6c0008f80fd896ab20302a984a7d3aac97eebe2c
human-02429,human_context,information_extraction,12518,context,130,64,0.062992,0.638462,22bb099f59a5c727bcb300cdd848731c3ada941b36302fa491bcac336f8b478a
human-02430,human_context,information_extraction,14071,context,210,147,0.004831,0.352381,ff1b7d90eb8571b34caa0076a754fde95f324641c4047f8c4f999bc94c6952c1
human-02431,human_context,information_extraction,8405,context,172,96,0.0,0.523256,69518bd7160f1beeb0958378cef87581f772e9cbd641b9ce9a54deb0e69cec81
human-02432,human_response,open_qa,3184,response,296,150,0.006826,0.472973,ced7400e4ea816e394df297c6078fd7349c98bd519f999780f0c3802a0570022
human-02433,human_response,general_qa,11452,response,181,91,0.016854,0.541436,dbb8fb10bc12f4fcc070c2794ca240ed9666c24981e0fd7fa0918dbeab5fbac9
human-02434,human_response,summarization,11833,response,142,112,0.0,0.352113,a27764bcaf9ad94f55eefdb842acb5b45d6fd1ad021f85546dab0c4bc5f8cd05
human-02435,human_context,closed_qa,5854,context,244,128,0.008299,0.45082,7e381ff1ece59036c91ceb7ed8a91765dc640d8cef0e8d693ed77f1e3fceb8d8
human-02436,human_response,summarization,6406,response,365,180,0.024862,0.394521,36fe114edafcc538393b4fdd527df83dc40798a7fd96b1d5179f49f73613b6f2
human-02437,human_response,open_qa,3168,response,150,103,0.0,0.426667,3ab1f6d5e4a614d843fe9e4f4fb7cfee6e15ac37e45ba9a0688fe9938a14923f
human-02438,human_context,summarization,5863,context,457,235,0.004405,0.387309,0ff00414899c62d3c7a352c83e741fe39393e44dfdf7dbb171a2a5a2caf2cc5b
human-02439,human_context,information_extraction,5652,context,205,130,0.0,0.419512,a3b9f0516fe5e690f36577ec3ebf2cdd2f2c5d43fea333e2e764e5f1c89669e8
human-02440,human_response,creative_writing,123,response,243,135,0.0,0.469136,7f578ddc98cea8aba124296b3658f71ed763b15bda4651bacacc9f90176ba533
human-02441,human_context,information_extraction,9689,context,598,262,0.020168,0.389632,07c4822bc8c55153787dd57fe446f9c096d7ec61a530ac01ef9d1c7109294023
human-02442,human_context,information_extraction,786,context,499,176,0.082661,0.446894,f522887284ecda60e9502a0777d1ca7eeb868d51d8e97dbb4b34876be2474528
human-02443,human_context,summarization,1360,context,162,94,0.0,0.518519,acaddfa3cf51487e0fa474115f50cfe15cc42c308763bebb4b9aa774587bebf5
human-02444,human_context,summarization,3130,context,337,167,0.041916,0.418398,802188af5bb3731ca868b9ed3714886daaf2e154f85a5336632fab936164758b
human-02445,human_context,closed_qa,13116,context,282,162,0.007168,0.429078,ff35a69443781cc9247cb5df04c5158d396b614be7712044263068483db7dae1
human-02446,human_response,information_extraction,187,response,278,69,0.338182,0.622302,cb5109fe1690aaa64b60f9588624a701343f72ff4bfb210f64963f4518eec57c
human-02447,human_response,creative_writing,4863,response,441,217,0.009132,0.412698,90707838e81c2543ce416dcb464fe1f88e2257baac75323d469d88809aa86643
human-02448,human_response,summarization,13732,response,157,85,0.012987,0.535032,efcbb73962fb99a04d066c20ea54cd1a5fd59dc36c7fa646f6cd9f1f5056be67
human-02449,human_context,closed_qa,6461,context,241,140,0.008403,0.427386,60d5938fd850025ab24fbcd6f94b2782def15f1b203dedc299c49ea53dc0e0f3
human-02450,human_context,summarization,5575,context,225,149,0.031532,0.351111,266ca0d6eadd8228163037fc96a2096aad10f6e585025d72c7c378712af3265f
human-02451,human_response,general_qa,13876,response,629,285,0.011182,0.340223,cad4ff681d6587625df44732cbb4e223681e7bb9fcebc4d402fb278dc649cc4e
human-02452,human_context,closed_qa,1013,context,196,138,0.005181,0.367347,416aa3e983027c338e665bc4e9fc0166f582544f0c04cf4e0a2d672f05ec7676
human-02453,human_response,creative_writing,11281,response,497,246,0.004049,0.434608,9bc140ac0df87e63eec68e1817a14da7f82c4833ae670a4c6018fb35279390d4
human-02454,human_response,general_qa,10311,response,211,128,0.0,0.440758,04dced0e5b5ab5a6b64a405fb14d677e21b8d96402c2260da451aff271271c98
human-02455,human_context,closed_qa,1950,context,226,130,0.026906,0.433628,a1844d90e6ebbcdc1f19ad751cbdc6b917bf96a9d0d059b3ef149972302b3399
human-02456,human_response,creative_writing,9519,response,292,137,0.00346,0.486301,a1efb061370afdaecbea8cb5c762d910c7d0245b65e4d18bbecbc2bf120bb1ec
human-02457,human_context,summarization,1902,context,192,98,0.05291,0.541667,8b1339038ff462d483c5ffb2f17c8537646df8a9ce9f22d4be671bfdaf40de49
human-02458,human_response,general_qa,1492,response,161,104,0.006329,0.42236,3a95807e522757d3561f3bfca4406e55d2ef3fa2250a3c31f39fa4d920d7fb0e
human-02459,human_response,open_qa,8582,response,348,163,0.023188,0.433908,f7ef7a3aadbc195ed45d19863893586f9a8251caf6de525715c8dd0f941de3a6
human-02460,human_response,creative_writing,10950,response,945,401,0.007431,0.386243,825088c928a5f36830eb80d17188870143f3979ed4c6638c3a5799bab816ecf3
human-02461,human_context,closed_qa,8578,context,482,256,0.004175,0.390041,c77df9635946bdb1789626ce627926eefb339dbbd31002a2fcc10d2673e86cae
human-02462,human_context,summarization,9487,context,157,103,0.0,0.426752,44bc9310da3e92bb9a5a8068b97ddbdaea50d0316859f30178bd75e671af5d36
human-02463,human_response,creative_writing,9371,response,137,89,0.014925,0.467153,e8b7d933c4b58f584ae1373847d6fe4170dac2651f642fe6d4f7c11d6045d422
human-02464,human_context,information_extraction,613,context,136,88,0.022556,0.470588,2747abae1f44f1c446bf8547bd544962174b2af2f05aa162f038d457270a3aea
human-02465,human_response,general_qa,4108,response,136,63,0.037594,0.683824,9842dfdc68b41a701d0ca2693bf93d22aea22eb04569bfdfbd25da388c6422ad
human-02466,human_response,general_qa,6350,response,135,80,0.0,0.533333,42bd91cf69fcad868f59f9f0849604ffd243fba28815233cbb634c4ab77ff1e7
human-02467,human_context,closed_qa,8221,context,591,276,0.017007,0.390863,c1ea1508b0f458d578a5b3d61a22b8b2f6aa6f5f46f73c0aaa4fb6fe81288aa0
human-02468,human_response,general_qa,12805,response,178,107,0.005714,0.432584,16e2a025f41d76dc67ecb7989f3dbe5197542fc2910d35ffe6cee124e0cdb57f
human-02469,human_response,general_qa,10501,response,144,102,0.0,0.402778,372512cc3806cd83dbab26af468e986a5134d59f1624561ad8625b851a50b4b3
human-02470,human_context,closed_qa,3251,context,152,102,0.0,0.414474,cc50b2616d43df24f8dd257c141348ce9096404e202cbfbe59c39c3df7c7f692
human-02471,human_response,general_qa,14726,response,224,112,0.0181,0.517857,34b6bbbe78bff4732db2031813f96925612b7653a8db4b7772920949769ef9e9
human-02472,human_response,closed_qa,13705,response,133,96,0.007692,0.428571,31bb9b44c73ab01d908f3fb1d5ad2b75b6098e2b20b2323d181ed57fe6559671
human-02473,human_context,information_extraction,832,context,154,102,0.006623,0.441558,69c1ca95dcf160d663b69ce6d6fe8384baa79d889e0c8df14c9eeda577a0ac81
human-02474,human_context,summarization,7463,context,343,177,0.020588,0.434402,badc38b6cad8d92cd7eff4efc70b4d0289e654e52b248936623d82ac819ce2f6
human-02475,human_response,brainstorming,6191,response,254,157,0.0,0.385827,aad0481b39aa94d23d3d4ecb6c505a119470031c2952f35ce1c24cc2f7736ae5
human-02476,human_response,general_qa,1368,response,129,93,0.015873,0.434109,380185e56028d1d57f1718360ab2a125b964e000d4567311e5a43bec868eb30a
human-02477,human_response,open_qa,11520,response,130,66,0.031496,0.6,40195cc85ca09351f45b24ab3e7b9590607181b948c3169bd2ad05ed8c739a06
human-02478,human_response,summarization,6460,response,583,269,0.05,0.408233,78ce69ef92383f18c2a9dd67417026f506eafdcad502fe150bbc2b6bd5679c84
human-02479,human_context,closed_qa,5816,context,144,89,0.007092,0.486111,131dfb452813a67ac9b9cd4fba0a1e2fcc94ec51a4fe63daebecf148f0396a0b
human-02480,human_response,general_qa,3975,response,383,207,0.010526,0.438642,15a7f2aecc6416299640fbc4b656cf42b4a5de6cbd0062c820d34785dc6927f3
human-02481,human_response,open_qa,5879,response,138,99,0.0,0.427536,8fabf99e5de5906139c6c1cc7ec5620525acbf0db201b3eecf6e3e7352edf6e9
human-02482,human_context,closed_qa,138,context,168,113,0.048485,0.410714,303f03c0ff6d75c4192701fc865dde009a0fc66e08d8f1540b3c9a49f84a02c6
human-02483,human_context,summarization,257,context,216,132,0.00939,0.430556,87375a7d60a3471a01b2494ef092114d164f3dd606b3a43ba7020a3a14ae1f59
human-02484,human_context,summarization,7116,context,438,220,0.027586,0.388128,3a91d8c0890ebdd355896106cbb7362a41928db638ce7e1dcfdeb199cd0e7fa5
human-02485,human_context,closed_qa,9608,context,180,109,0.050847,0.422222,3383191ef2980b659a7d62235fffb307bf6d2f5f90bfcb8cca9545acff7efcfd
human-02486,human_context,closed_qa,200,context,157,98,0.006494,0.490446,01c31b764361b7cd73ed57fc8b97559d9be62f50160b1502e1b05c1dd6809437
human-02487,human_response,general_qa,4611,response,137,102,0.0,0.394161,1d5513bae16fb0db8b1bb547d16201c8c8cbddc0105010a332c930c205d452b3
human-02488,human_response,general_qa,761,response,157,102,0.0,0.452229,466776e9adcc6e626791969ac1fb529b7ebc5ce0b42642e51ec089200fd562a9
human-02489,human_response,general_qa,578,response,255,164,0.003968,0.337255,0e16469ea1e2351b099a5885c7cfed625dffa5d538792a94d82f8a5cdd439e9a
human-02490,human_context,information_extraction,5600,context,219,115,0.009259,0.488584,722cc1f8e058a558aed11017d181ef4f6bdbb0c294c7b068f50c1e53296b6008
human-02491,human_context,summarization,4675,context,132,85,0.007752,0.507576,ad630c81d155c3cd1786858d85481338cf0e17b3dbd80edf98cf284fcb6dec10
human-02492,human_context,information_extraction,10375,context,222,85,0.210046,0.59009,ea2985352359394dddca7bc1f04a024175694942a6620a9017e2a16fff27213c
human-02493,human_response,general_qa,8152,response,179,105,0.0,0.49162,6561da85dda48b040c6e8013b35796ee03eaea7293fcee98b1b0336cd6fa6c47
human-02494,human_response,general_qa,3151,response,159,104,0.038462,0.415094,a0e20825a93df6d2615fcdfab0067d565253324d55b8893446c555d3a799c8b8
human-02495,human_context,information_extraction,9885,context,234,147,0.012987,0.405983,f166eac0b3ba6e5284fc0a6d84bd241dfdd10d1be494ed6aba745898f52ff85f
human-02496,human_context,closed_qa,13663,context,193,88,0.057895,0.590674,7d92bac8cd3f5a5140899267ac1b362f389df3120a4b978b33db5cda4b8ec1b3
human-02497,human_response,general_qa,5084,response,165,117,0.0,0.381818,08f37f58bc922fc4e1b006ebef0b6b09d1c83daa06422238f01e7489a2f43b8a
human-02498,human_context,information_extraction,13320,context,148,90,0.0,0.5,568ad8858d7138a7cba94f70d69b7b91dfb1017e1460c2860847bb4ba9351ded
human-02499,human_response,brainstorming,2475,response,186,105,0.0,0.473118,7467d48a139e29daae8c8687151c636b3d81cfcc20ff077640a39ac5e95a6f70
human-02500,human_response,general_qa,10027,response,238,151,0.004255,0.365546,a63890e19b9a8f82da2f866ae401be78eaaa03fa1f4c0e07c5cdb5e075bbcde8
human-02501,human_context,information_extraction,14120,context,143,88,0.071429,0.48951,0886dd19b971375b8db5096781d3ad3f8110c0730d368a7eab6d2320f3dca36f
human-02502,human_response,general_qa,11392,response,182,118,0.0,0.423077,991e38bac861c93bc5444504971904df4fc8853dd91f8f8c9cb5bbcd25e0256a
human-02503,human_context,summarization,5144,context,142,92,0.0,0.492958,a4c92a568e13efbd3efc1dee68447a1eedf287fdc88d4207888747a485d0bff5
human-02504,human_context,closed_qa,2030,context,181,103,0.02809,0.491713,b1f888d8ce2ad83c27f0bbd5098b9cb579a0145f606638601d623c7647d898a0
human-02505,human_response,closed_qa,4197,response,188,111,0.054054,0.457447,4f2ed4e7a735e13c94ce4516f2f59fba2e90d03aa635fc430251b5c8023ea83d
human-02506,human_context,closed_qa,8679,context,349,186,0.034682,0.383954,3cca1008b1a07e24eed0a2a632cd2d13994059058fcfe0c5177efdfa6e975d71
human-02507,human_context,information_extraction,1988,context,128,80,0.056,0.53125,4bcb2f49d854e004ee621ca58fd3b1723f45fda9402b1073773f31a3b0e37716
human-02508,human_context,information_extraction,4813,context,189,125,0.0,0.396825,75e7dcc7ed7cb6fcb1335e893939e5bdf6800a4e11dcb14972d75022ce77b050
human-02509,human_context,summarization,6906,context,209,121,0.029126,0.435407,e42c47b65e5f08b7e98c5d1da21a61a006e6cb914d533bc71ebf99078da06063
human-02510,human_context,information_extraction,12700,context,2727,959,0.049192,0.366703,2656bd2f7810ad5026fa679384ba2fff2a1ba04a949d5d7aa195b16a56b2f697
human-02511,human_response,closed_qa,12081,response,144,96,0.021277,0.430556,9b97e60a79425377c9b130e6af0a20f8b8ae1417363c8bcdae3027ad626ffa0e
human-02512,human_response,general_qa,3070,response,206,101,0.004926,0.485437,b6f8ea99dfb193e378b67d85751a3983d8635def228b8b01f38ebebbe716e196
human-02513,human_response,information_extraction,8083,response,286,175,0.007067,0.423077,649d85f575c804b7d96a11a3c12ae07214c4bb58c9d23bb3529af0891b76378e
human-02514,human_context,summarization,5836,context,232,137,0.0131,0.387931,f2896daa8542ac01ed4c4832313370fa1676d2f9116158087e2879cad53ae213
human-02515,human_response,general_qa,12745,response,846,288,0.064057,0.446809,66897c039e67e99b9874e3db765a49ce784173be986c959c77710571cad456d0
human-02516,human_context,summarization,12244,context,153,98,0.033333,0.431373,1fecdebb7e886bbfe24fff11c1f4b0862cc14242e47d6160d5188d40274a6e77
human-02517,human_response,general_qa,4879,response,206,111,0.0,0.490291,e6855fa5923c624cd2124b24d544893ae342b7eb204c578eef11796f13598b94
human-02518,human_context,closed_qa,2272,context,146,77,0.076923,0.582192,0fd01b7d239b4b9761d0d335cd5c23427b2c36a32947676a93ad4c67fd37f796
human-02519,human_context,information_extraction,11264,context,558,272,0.023423,0.376344,a1622e4a50c6d1b60d79420a1e4566d71d2ff7d67af3be2fc383abb13f0ff8a4
human-02520,human_context,information_extraction,985,context,371,165,0.05163,0.444744,0a031fdd078a39eec7a39dde0f5c4d5d1b21166c36f48171e3f2d63f3a48f12a
human-02521,human_context,summarization,7402,context,325,175,0.034161,0.436923,55a86327911b5432780285c36d407c340ef56bd44e8c0fcd1be0813598d0080c
human-02522,human_response,brainstorming,3622,response,349,198,0.008671,0.418338,71de6445a25f9cd52989af9aeaec69c1f7c4368c4ce542f17d04fd6c50053307
human-02523,human_response,open_qa,11478,response,138,82,0.014815,0.550725,7ecd8b5fe113d65c132d28673ac2cab1fb138db2ad295d6dfdb895f44528c7d0
human-02524,human_response,general_qa,8168,response,286,160,0.0,0.433566,aed2b8d5e1e047cc31459de1513143794194521178ecab9a0d0686a8d2d4e2f5
human-02525,human_response,general_qa,4483,response,283,148,0.010714,0.434629,9b320517ee67f087b65288e8f4e686497f0189ff7530f54dd395ebe817ea6d76
human-02526,human_context,summarization,14360,context,133,87,0.0,0.451128,0f1fea13cbd809d3b7e61760dd8d4eb234a451add5e74a3e80acf36018bd947e
human-02527,human_response,general_qa,3664,response,215,132,0.0,0.404651,dbd780bd622738ab1384f35549025134748de3d9eb51a081c585069ba05cc22d
human-02528,human_context,information_extraction,3623,context,172,93,0.029586,0.534884,d3de4a061b3181b6682f709d558873b807e526b1a25d1811260a0d86e3646379
human-02529,human_context,information_extraction,13561,context,154,102,0.019868,0.441558,b91d20d7f9ee342d44b2f9840a3daa524797ecd46283ba6942449d83c46e5b74
human-02530,human_response,brainstorming,10748,response,214,101,0.009479,0.556075,46beeec20415bf24d71a418f3fba5525ff8ea7f6a52df73a9a82a0737a9c990a
human-02531,human_response,closed_qa,7747,response,133,77,0.023077,0.496241,bbfaf44bd358386e9fea7f94aa80d260bbc17cc4b15da58986e4937b35dbcac1
human-02532,human_context,information_extraction,1964,context,540,242,0.014898,0.412963,01fee1183c33d26b720dbcdcaa58b2041538d1c996e95d99ad9e1e2c08111341
human-02533,human_context,closed_qa,12980,context,897,436,0.013423,0.307692,72b50c9331d7b7961db548fe9669ed9a0a8e389a875bb981215aa063fe6c192c
human-02534,human_context,closed_qa,2600,context,692,347,0.029028,0.371387,169ccdd37e1adbea6d927f1ee63790608c643cf8a254ec95e091aca399f1d911
human-02535,human_context,closed_qa,418,context,1163,357,0.077586,0.456578,db944338206733e7921dc9f518fa19204520af594e583bc6dcd29cb0740b99fb
human-02536,human_context,closed_qa,6681,context,220,145,0.013825,0.390909,ac5766b517f044c3f8b284011ea15796bf958019b5bfed9bf8169494651446b5
human-02537,human_context,closed_qa,11932,context,168,122,0.0,0.380952,80a2a31d848e6510cd8b00de8089b475ab8397a16c2cf85496c448f2403bb604
human-02538,human_response,general_qa,1583,response,173,83,0.047059,0.543353,70006f785e291cad36613c3c7656567159f63e9bdab501f119376daa897621da
human-02539,human_response,open_qa,1136,response,151,99,0.0,0.430464,8cf43b65e9eaeb37f060720e80aa33351f4b5c6fadba33e950567343dfb0bb7e
human-02540,human_response,general_qa,5567,response,286,151,0.042403,0.451049,0bb3e65caf6286be2f652866e8b9ce407a69e8e4e5f3b970c29f30666a43091c
human-02541,human_context,summarization,2237,context,135,86,0.0,0.496296,a8714b9a34f46df8abe0196993511d7ae73e95f204f57542881111b2651e9478
human-02542,human_context,closed_qa,1907,context,191,102,0.06383,0.52356,d0840b2b29b9700f8cf4dbef7051db611ad3de22d645e0132501479a5eab2464
human-02543,human_response,information_extraction,838,response,158,80,0.032258,0.575949,6385bc76d171528e7e5cee7159bec72296994b91c76a505e946a9117453e5321
human-02544,human_context,closed_qa,10788,context,257,116,0.082677,0.571984,b77fd37d39b7153a770bc5f6672527cb1d8c403bb903681fa813db05bc519b52
human-02545,human_response,open_qa,4369,response,285,146,0.003546,0.417544,f95ee7800942b88722c6d7e990113a75810937f098ecfb1dbea93a72ba139e2f
human-02546,human_response,creative_writing,9653,response,653,293,0.001538,0.379786,caf7cc8b149bfe1a7fa183d36ebb44afaff9bcc15e214f4e763999544420521e
human-02547,human_context,closed_qa,9079,context,236,145,0.004292,0.415254,a1890b05575622d7da02ce140d8a7151f2db30377d26616fdb8f61d2d8d96b0a
human-02548,human_context,closed_qa,14567,context,165,104,0.0,0.490909,3d31eb90d04b3e5c4771cbe4a6bd236898e22cdbcadbe59e312cc809c8e227ca
human-02549,human_context,information_extraction,7458,context,183,121,0.038889,0.36612,f6091c3ad420600f84c158cfd31414f5d1df54290d26865ab4c5ab68637311e1
human-02550,human_context,information_extraction,8088,context,195,114,0.03125,0.441026,ae110b779a63c56922b96e9793203912a7247c9db76f65cde9271fae9e3c2c2d
human-02551,human_context,information_extraction,7541,context,196,88,0.0,0.596939,cb7d8a8e50eaaa6c6e756f5c040d6246d184016abc1b0299bfed6f82c971adc3
human-02552,human_response,creative_writing,13415,response,314,174,0.006431,0.426752,b0ee2cc08d8b4c28bfcbbee47fdd5908bd670572e949da0a1da0c05d3a387d03
human-02553,human_context,closed_qa,13860,context,233,130,0.043478,0.497854,411d65147b7e446300a88c050bd135803de3b25eb1758f221ed05578c5b1d2d7
human-02554,human_context,information_extraction,7821,context,223,122,0.036364,0.488789,aba3ec933ccd5ddffacc6d7f82086c876cde64704d1b95cc8bdd4e14716e7d37
human-02555,human_response,brainstorming,14030,response,1062,334,0.162417,0.560264,393c6a137f0082ffa635c29cac4f205c490f038f3fc46796e04ec59e7daca931
human-02556,human_context,information_extraction,5707,context,146,97,0.027972,0.438356,acdf43c3cd6179275a251ec439cc5d090edf3381703ef182a238e639554bf6d1
human-02557,human_response,summarization,13252,response,190,113,0.016043,0.468421,6f36d94a842aae41cfcd0d834a38ae0232f210a01bcec8f1a6579485f744edda
human-02558,human_response,open_qa,11329,response,162,108,0.0,0.444444,6af5e5468a6b6d0f29c2e3b9acb2686d283e0b381fda30005d8bc6c521e9387a
human-02559,human_context,information_extraction,7727,context,148,94,0.006897,0.439189,341fc8732df532083711b5baf22d70502da6cebf4079291280d4cfcd24fca042
human-02560,human_response,open_qa,114,response,213,120,0.028571,0.455399,902ded788987d0fd69421b1aba36b06e021d295637b2d11ee634bf00a1defa38
human-02561,human_response,creative_writing,11949,response,353,211,0.017143,0.362606,e46632744e8b8883c8c8acf9e0dc6434aecbb8417fc1e0ecb1d0c45c65583f1b
human-02562,human_context,closed_qa,1331,context,154,107,0.006623,0.435065,f211dd56c155b6183e63d3605dd005001856f0b668233dd83aa16b2e78b540b1
human-02563,human_context,summarization,5111,context,287,163,0.03169,0.407666,ea46932dc32e31cd54ff5a28c9b5c26bc5560e7415af833a771ad34da5c8643a
human-02564,human_response,open_qa,1853,response,130,66,0.03937,0.615385,8701181b9002646ff3b3dad161a207960963cf8190b06a13ad1f05023be66eed
human-02565,human_context,summarization,9684,context,300,180,0.003367,0.39,c62ed04c99da9e72d6bb6e08125f6834ab7412ef77d14e2d62bb54d688ed21c4
human-02566,human_response,brainstorming,9744,response,150,106,0.0,0.426667,4e236c1121363577fb574cee293d8f56365c66c96324de08b1a42b283c272963
human-02567,human_context,summarization,4478,context,233,175,0.0,0.309013,9c132d7e6e1d110b5795b75937710838023f03a4b5261a1c743cc8d7367f80b1
human-02568,human_context,information_extraction,6383,context,505,218,0.077689,0.479208,e9f3aa1c47b7c66c358366d2cfa471dd9ea82783031698eea590918195a4ec37
human-02569,human_response,information_extraction,12700,response,216,111,0.065728,0.532407,5e405f8c32b710cd449fe45491d0c46b6f2a42aebe99b73a4e4e27baa592c921
human-02570,human_response,closed_qa,5569,response,272,144,0.02974,0.477941,4c1078ebbbf518f15bfcfdee76836097bb704b3b8ff699e4df982e9bb12bfde0
human-02571,human_response,open_qa,8062,response,204,108,0.014925,0.529412,3d5ed4d7762766727adaa3cd126109908db523e4d82b6e67c6ebd1dd099dc10c
human-02572,human_context,information_extraction,10936,context,250,117,0.052632,0.536,7f781aff6b507c3623c3842c7a87dda87661c2302a3fe6bc4c867412ebdef737
human-02573,human_context,information_extraction,14197,context,396,267,0.002545,0.333333,df811b5764c82b5cc4f1d2a790107296aeceba140a1ababa236ea8012265a869
human-02574,human_context,summarization,8748,context,273,140,0.033333,0.472527,de5ace5365a7bff0f5cb6d2547b451ed2579cb5348a8977f2768dc66e99ac05e
human-02575,human_context,closed_qa,14520,context,159,100,0.019231,0.427673,88095dd5dd27ccf4bd0575e22254fb3cdc9d1dc49cc9c957c18ac3fede29606e
human-02576,human_context,closed_qa,9342,context,288,165,0.021053,0.416667,32b72696b9e348e9e5604d9079380f0aad04d36a071b33a145a0d3482c6791b1
human-02577,human_response,open_qa,9735,response,256,141,0.011858,0.417969,a02ccc92712810492b5ab8e4d24f1ab6d114c21f1c430e579f17fe595ecaca4f
human-02578,human_response,open_qa,14235,response,183,110,0.0,0.47541,dc7f4d092f3b28467cbf103795aac6ec7eef5671fb5bdd8ec319a4721e2520ea
human-02579,human_response,creative_writing,12874,response,140,95,0.007299,0.464286,1aec7474e0367db7c9b8eb93660bb695b215932d0c106a2a5575a333d43086b5
human-02580,human_response,general_qa,14986,response,201,116,0.005051,0.41791,001651493707f1c5ac7e565cf31439749cf9aa316e4ac032730a3fcbcf081ca6
human-02581,human_context,information_extraction,8298,context,340,160,0.023739,0.470588,05c84aca3725c509ba653dee3ad72d318e1da8339c72748b94ae192be26010a4
human-02582,human_response,open_qa,2054,response,267,141,0.018939,0.445693,21e08ddf73d07a933c2ad8d64fc4c892a3f134e1f68d172c20f4a55bcd43fe93
human-02583,human_context,information_extraction,10248,context,333,197,0.006061,0.378378,f4d32f5ff1cfa33a88af19006a82835a78c1a6bb9ee6599f32a4d1913871157a
human-02584,human_response,creative_writing,7289,response,184,105,0.005525,0.494565,4734bec78d3287fd162524e310bc05eb65adc8ee5d1d2273ee8dd259f1c1a12b
human-02585,human_response,creative_writing,10352,response,560,243,0.016158,0.421429,5ee824013d40e191fc43de2fb656aab6d21f1d25100935c2aeea7e8ed047aff3
human-02586,human_response,summarization,604,response,166,105,0.0,0.463855,8e39bc25609a48928707002f7a679db05de208ff19e3bf4a926f910d9f83eb53
human-02587,human_context,summarization,4966,context,576,270,0.026178,0.376736,5364a538da3fd27a270f89767f65ac4e37beac782edd1fff27a8a116e56d1f8d
human-02588,human_response,creative_writing,9010,response,166,89,0.006135,0.5,80bbe967b3eabe65848696c53f092e8ab479430f63533ffbf44699f7e033662d
human-02589,human_response,open_qa,11703,response,161,89,0.018987,0.515528,440a0047cb7bd46f506085dab28c59c4e6aab242fc19bd9546fe10d76593818b
human-02590,human_context,closed_qa,1927,context,182,111,0.022346,0.478022,b0ba6c93cf15f4b4e3644be7610bd11dacf3615e8f28c3561befedfd2e56bdf3
human-02591,human_context,closed_qa,12539,context,330,134,0.076453,0.463636,e82b99d58844bcf4e4edfab3216eaeebd5d30c0d26c4c621b685b88d40acf0d1
human-02592,human_response,information_extraction,3612,response,149,77,0.178082,0.61745,035b325f04f8c352597087ed52b0a6211666e1037c7d64acf8bb9bda537c4381
human-02593,human_context,information_extraction,1389,context,360,149,0.070028,0.511111,6034932b72b702f777a09a7ba548941bf3135878f28257f51730524ef5858703
human-02594,human_response,summarization,9074,response,926,393,0.023835,0.417927,2cda5b81b5219e521b0342f23d4d7b2baa8f5c263ef7f13396c935af68f7a453
human-02595,human_context,summarization,1756,context,588,227,0.094017,0.459184,959a86b5cd9cffac66d079c7a2c44311f6c390871bf1f2b40d60e971cd56127d
human-02596,human_context,summarization,12984,context,145,92,0.035211,0.496552,da255da8217e186912f2cb586e16bdd1d4d6f038fb7e94958a84ad542e35c7cf
human-02597,human_context,closed_qa,6,context,197,116,0.06701,0.446701,8ff3ae609ac3b759ee80689fef94543d5decb876931656dac7fcc2f9f2980fee
human-02598,human_context,information_extraction,14007,context,275,149,0.007353,0.403636,e8cdb0d2ea8a0bd9d7572d40233e8c836c174ec1f2fdc91db6a1340dc0ee8b48
human-02599,human_context,closed_qa,4491,context,154,81,0.066225,0.532468,331a93ecece718730cb31fb1999e40670ecd78b3a59df28b7339e303e4d82256
human-02600,human_context,closed_qa,8192,context,229,141,0.0,0.379913,e74375d50ffd1e9f98c8522f06783b32b207d23a6db58bd33aebfa0608de650b
human-02601,human_response,open_qa,13709,response,142,90,0.007194,0.450704,93b5ddfdd07fd4a96ddbbc15e569cfc9b6caca06d11c30a1b7d1b7ecdbc9057a
human-02602,human_context,information_extraction,8637,context,134,77,0.0,0.574627,1c60694a671996e20ca0773b968fa3e7d551478f28ca862519d40b9b300de868
human-02603,human_response,general_qa,4781,response,153,103,0.0,0.424837,cb1ee12f1f5ba4d7294a038cfd9190661d0f75401038de0085276a9ed66da86c
human-02604,human_context,summarization,11770,context,449,217,0.011211,0.383073,773c212252901eb0b0690470c06c78b41237c4b71b5f7bd2901a6065c9d04f95
human-02605,human_response,summarization,9642,response,159,106,0.012821,0.427673,87354fcd23c2a06658048093d5efadd6d9a39d50cb6e36e405d8b92685bbf08e
human-02606,human_context,summarization,925,context,304,152,0.046512,0.463816,9fc7015f11c365b52d9abc9b2f9a657e936fc151183bada1288337de44ed0bb4
human-02607,human_response,summarization,4851,response,167,101,0.0,0.443114,5fba1023972c0a6dbb19d861f19ef11ef891c1b42651e9d5f044e7c86a7859d5
human-02608,human_context,summarization,7608,context,150,78,0.047619,0.546667,9954fe6482c7296fe50f8927b1bb025cc09c77722dd5d741c31dba976c18bcd1
human-02609,human_response,closed_qa,15005,response,141,89,0.0,0.468085,a04dade76c8e904d1a5ec3cdf8cf39da9b6b7b929a0606e445c5bd05f499b491
human-02610,human_context,summarization,4565,context,249,137,0.04065,0.421687,68d32df5c90ce92b3324861ca957dd91363405d6d2f1b7181549aeebf841c2c3
human-02611,human_response,information_extraction,370,response,433,228,0.030233,0.408776,690b9a41ecc877813ef6b97a37d965f195d962f50cff82fadcbe340b42d2b0ef
human-02612,human_response,general_qa,2134,response,175,79,0.040698,0.548571,c963cd27c072d9ee07903942f07f0f64f8ee90b866d6b733bf3e4deb2e4cd275
human-02613,human_context,closed_qa,9528,context,258,143,0.015686,0.403101,6a141509782dea01834015e276f35081ce5a31f92ca8a6d4ba025dcd581e6a18
human-02614,human_response,brainstorming,5218,response,325,169,0.052795,0.387692,b331610108504d7e62301aca5d5e3db3086a942bf3a4e31985d65e1291a64f49
human-02615,human_context,summarization,1550,context,171,115,0.0,0.421053,ab6ada3a678c0aab148b706392f2f4df3fbc00787f0839ce5624fa48c1651617
human-02616,human_context,closed_qa,12532,context,148,87,0.006897,0.466216,36def68a23c6417e14637cb67667cc04a6f3c1cd59bba1a47ceafd05b78037c7
human-02617,human_context,closed_qa,2623,context,169,103,0.012048,0.473373,b276211c49115350da103a828039b370872e4fffbc3e1d279555db6f5e22613c
human-02618,human_context,information_extraction,3761,context,181,102,0.02809,0.480663,9a27d323cfb8a06e7cfb521bb2389e20a3147964fdfe9d740481f6fefbfe4464
human-02619,human_response,information_extraction,6909,response,258,128,0.062745,0.511628,ffef7265ac7c2450cd4996c237aa2da4f43c323fd1929a9efc8fba80f0e6ee66
human-02620,human_response,brainstorming,115,response,150,95,0.0,0.493333,7a13791200ce5f831ded4f8c2dd2f80502fb1aac53de9e9ba9bfeadf2f07ce68
human-02621,human_context,closed_qa,11578,context,404,190,0.032419,0.418317,a514b70ce4c02e64703642791bcc99423cff155aedcdd3cfe5f8507276435d24
human-02622,human_response,general_qa,6718,response,504,220,0.05988,0.392857,d4a681757129cceb3bf54bdefe179774d261389aa523aaf763d07aba6f3f8e6b
human-02623,human_context,closed_qa,14829,context,500,276,0.012072,0.4,78adeac3db27edff8deedc8d9d2f976304ca31bc178937367bae1179ddcc71ff
human-02624,human_context,summarization,14947,context,163,109,0.0,0.392638,b7f42bf915c83e24c399b97a4c7e8976f26cd92472af5090604e15eb1906d975
human-02625,human_response,open_qa,9158,response,136,81,0.037594,0.529412,3775d0ac3382bd456f95b68b8104d8f8abfd374f512881969eb9ce393b747f07
human-02626,human_context,summarization,5041,context,1143,524,0.02807,0.340332,3b5b0f6d6776faef418dee1996ac3e2c9192361a1d2490bf68e144fadb0d7cd3
human-02627,human_response,open_qa,14380,response,189,120,0.005376,0.428571,48015515f334f06759be50c0300a443b534af08578418aab1c92ef7156869863
human-02628,human_response,summarization,14439,response,188,108,0.005405,0.484043,4d45d7045ac59b6139ca50f813d9d0046866250894e4c69ab998d84e9085af54
human-02629,human_context,closed_qa,7924,context,130,79,0.023622,0.5,8b2a865a2ba1ac07a74630e387e4f8953b6e12a1e15e63360ad18cf7e16283d6
human-02630,human_context,closed_qa,7752,context,230,127,0.008811,0.447826,e9b516fe0ebe4baa47efd4c2622cc80135abfbe30bd0a596026adb88421087b7
human-02631,human_context,summarization,1064,context,144,96,0.014184,0.4375,a68b13709df4cbf6fcad1e99192f180ad7f97382e048b036c71da8542bb12f22
human-02632,human_context,information_extraction,2164,context,226,135,0.03139,0.455752,c4315e6df31518ab833672bff37e9ba2085bc42bd59a4f06a1c916c6a9a039e3
human-02633,human_context,information_extraction,14779,context,607,249,0.125828,0.416804,40299417357d99d7a0ab824a7d3de9cc02e2b66e1594ddca0207f9c6f7a9ccf8
human-02634,human_response,general_qa,6190,response,194,134,0.0,0.396907,90dd6a72f603d983cdcae0339c54f753069226a5fce68ca97beb797b11df40e3
human-02635,human_response,creative_writing,13083,response,553,286,0.014545,0.352622,f51150b36b1b1c9adb1c493623fe3f946891bff5224a172e2ea792399644eb02
human-02636,human_context,closed_qa,8716,context,135,77,0.060606,0.548148,9e37839c99b1ff920d050db514b6ded12e97e3d9fde08524cb2474318c02a64b
human-02637,human_response,general_qa,1074,response,272,157,0.003717,0.415441,aee68563fbc72f0f09da696ff584d3f0dc9663c18755515b9765b47d04851b41
human-02638,human_response,open_qa,4057,response,175,105,0.0,0.48,cd53ca1f0654dacffc492a2e138eb5577051ecc0ae26b5dcc417a2e8b9087791
human-02639,human_context,information_extraction,8765,context,486,232,0.010352,0.403292,0b9aef6b34da6b66297908fe7a0dcaf5abe87191b5ab632ac83c85cb5e2abf45
human-02640,human_response,brainstorming,8848,response,1367,487,0.034457,0.386247,7097b71ac7c822fb2244cbf75eb6fe6a878b47d5e6e369d3d7d6af16dc99c058
human-02641,human_context,information_extraction,2273,context,188,129,0.0,0.404255,b5d4a9158e593b9cc43d6d8f0d8900374299e533059413b3d20f36faed8ffe06
human-02642,human_context,summarization,7868,context,187,96,0.038043,0.545455,e7baa6eb1854705a8dafef120c140df7a325cf2faf361fe6d8c2308f85ad043f
human-02643,human_context,closed_qa,12600,context,284,167,0.010676,0.373239,5175b6756df87da7b4cb1b0656ecdeece863cfd2927059c4ebc25a89058be6d2
human-02644,human_response,open_qa,7336,response,149,90,0.0,0.510067,0803ff6d322ae5cbded8f77a06e304453a7301764680cfafc5efb74f9c10486c
human-02645,human_context,information_extraction,7107,context,151,82,0.0,0.556291,aadfa73a87c0164851a42c793703438307e6b0ebeb59b88d15a233230a54fdd4
human-02646,human_context,closed_qa,5088,context,153,91,0.006667,0.496732,739b14bcd8f4f5dd2bf15d194b1333444194efb790bba4c544887367384f9926
human-02647,human_response,general_qa,10488,response,171,108,0.0,0.444444,6c4f0cc4f89bb6c92d25f61b84b621040f902e0ba6c5f9a342c91e154ccb5958
human-02648,human_context,information_extraction,2610,context,278,138,0.04,0.44964,673188f675a6057d75ba3d53556fac9070ee386a7d7355f7002079943060dcd0
human-02649,human_context,closed_qa,13918,context,347,198,0.020349,0.365994,9f3e020912fb213c7d66f4624b2368ac05a964b71fb658303d398ebabfe3bb94
human-02650,human_response,classification,11535,response,478,233,0.023158,0.435146,d36388e118ee7699d3cfcee2daa8574ec9edab5cc44b218eedfdb97f254d7825
human-02651,human_response,information_extraction,9037,response,147,100,0.006944,0.435374,d257c57417d2406aca19ce46247974608154265cc782a193cd05580c125f1dc7
human-02652,human_context,information_extraction,6294,context,482,207,0.018789,0.421162,151cc4f1e73b14db5ec958e2fdaa6d0f11be185a6a069c80899e6159fa140702
human-02653,human_response,general_qa,7846,response,274,151,0.01476,0.437956,aef44c2128f5c87e193e4a77ef45219e30fe11dc81259acfda609965bbfea262
human-02654,human_context,closed_qa,14365,context,190,106,0.026738,0.468421,bab6054ef23871f1c6ec05fd8157e8854305203f58c788a7de63b3b0637f08e9
human-02655,human_context,information_extraction,5412,context,129,89,0.0,0.44186,34747bf06161edad74f522666fb6f4ab69f466251d24f910342cbc5cc849981d
human-02656,human_context,summarization,13445,context,5089,904,0.141172,0.407939,90679bef4338387dc9c1ea02394f72d12f331faeab73b5ebf2c5cec3bdde0fb6
human-02657,human_response,general_qa,1818,response,133,92,0.0,0.428571,644b0bff76832b102b0cd0fdd470a5f54ccc47ef13c76a53214674905c1564a1
human-02658,human_response,general_qa,2967,response,182,120,0.0,0.43956,a1ac201957f8413d27ca8ebfa68cc501f947d5bc27262dc80e9fe82f3e34930b
human-02659,human_context,summarization,12509,context,350,196,0.014409,0.382857,35c5e56dab49385c7936e582c6c93498e62dad8b43a8ba4fe76531b297571d36
human-02660,human_context,summarization,3577,context,173,114,0.011765,0.404624,942a342f2ed8d4e7261507de00425a5f8ee62971cd502b4d0a982df55e23d927
human-02661,human_context,summarization,6491,context,227,127,0.03125,0.449339,2a778f6da68ee682d8cd6e838e23c03bfd3c5fb0dd9d0da0b7436f0b7b007872
human-02662,human_context,information_extraction,10395,context,481,222,0.050209,0.45738,d7cb5c15b9356411b9435d776d12a0cbd4a5e393fc076e80b647ab0f02e71724
human-02663,human_context,information_extraction,1246,context,399,209,0.007576,0.423559,e26c2fa0b2c23b9f5b81275b158d0287ed232fb1295280df7b1aa1de90f74a12
human-02664,human_context,information_extraction,11927,context,140,93,0.007299,0.464286,ac3b1cff7d6c657f61b19e60b760aee0c3f3f0468b671fcb9a532fd41665ce22
human-02665,human_response,open_qa,3699,response,419,118,0.067308,0.594272,79a668c755e35a145cc538f81881bf96dfc8b75d7fbe2cee04907f6d00d69c47
human-02666,human_context,summarization,4174,context,188,102,0.032432,0.468085,b6c14abc99458ffd5427509d9ed85a22618431e507c0ea4843b64f0e855e43e7
human-02667,human_context,summarization,13921,context,1025,462,0.062622,0.327805,3ec9b2089a566eb106122acaa51e259a5427347a3299aa521323336e2327eb89
human-02668,human_context,closed_qa,3689,context,137,84,0.044776,0.489051,706b84fc983b2d18263d246e7e20ccf697eab3186cd32d28f3d3060f80cd7579
human-02669,human_context,information_extraction,11358,context,185,100,0.016484,0.497297,038dce4ef8278b5dea997b552f9578016672a81ca6dfb2efe1c18dc957436424
human-02670,human_context,closed_qa,12879,context,152,102,0.013423,0.414474,3e1b6299b7f6dec34cc710e3b47eeefdb9aa8d1f8b7704282e9d85f3e9c300f2
human-02671,human_context,information_extraction,8816,context,270,121,0.011236,0.522222,12c3f1b4ce701c6cf2244a00d69f677dcc245d8fd162c162d9b82c8260eb85b2
human-02672,human_context,information_extraction,7865,context,391,205,0.054124,0.455243,726f29f24829cdf5bcec14d297b15edf93b6f1810596e0a1f44f033f852f17b6
human-02673,human_context,closed_qa,13238,context,140,88,0.036496,0.464286,c8c0505a46e17d71925a70c70159cc957b7ff2ad73f04fc0fe8d6fa95220ed2b
human-02674,human_context,closed_qa,6744,context,839,306,0.065789,0.420739,df98f3d700e2cc1dfe53265eb5bdc66bd3c10f7ee8b2a59899fa5a3a1a9cb367
human-02675,human_response,brainstorming,1214,response,207,120,0.004902,0.405797,a920d9781e9b184116e22d6586abb94376382357358af8b355e4f0e4b91f13f4
human-02676,human_context,summarization,6572,context,194,119,0.010471,0.407216,68de6f3e05bc8bc8ccfeadb5edc45ac53c3d5882a9dc6f81907ca5c23ddf414f
human-02677,human_context,summarization,12638,context,176,113,0.028902,0.414773,a77a2f17d0c93de7d299c1e8e5d42211025594dfee77e39c7a209101c3eca36c
human-02678,human_context,closed_qa,2849,context,354,163,0.08547,0.460452,fd3d3ee1f69665bfe5ff1e6e0d8d7526aa853a196e5542f39dca95e090357d09
human-02679,human_response,creative_writing,6489,response,229,145,0.00885,0.371179,e7c20519ce6ebdde9fa2c77fa7e39da1ca3cbcfd343264de5f4a3b3e08739a13
human-02680,human_context,closed_qa,12788,context,192,120,0.015873,0.4375,1fcccc3878de190f4462b8e3a6b2026e4e0d3b3e5d5c9a22e1d9059d81f63026
human-02681,human_context,closed_qa,7810,context,143,88,0.0,0.524476,50ef602409177cc14ccafd9da9726fc963eb6d90924061f88437f10a2102108f
human-02682,human_response,open_qa,6187,response,203,128,0.02,0.418719,61b2946c44d52373b35dfd426c7b9e0434b0ffec3d3f6ae8e4d08fc4130132dd
human-02683,human_response,information_extraction,5473,response,425,210,0.042654,0.472941,1c75a0b451db999473b5b58e76a14b304afd6997a3dc3ca05be3aea75f1e0ffb
human-02684,human_response,general_qa,5039,response,147,83,0.0,0.510204,ea900b93ffce752642d8ad8bf95e8d19b0d4776176e6d1985a46c809eec065e8
human-02685,human_response,general_qa,7029,response,137,87,0.0,0.437956,9740ab2ae507965c4d6e59c0aa1d2d24932c3ffe94e67d45b20118a5e2e4eae6
human-02686,human_response,information_extraction,14589,response,645,331,0.02648,0.393798,cab17357457a319d768da46a1429c11f0d610c246f77368c237bd88216265f3f
human-02687,human_context,information_extraction,187,context,207,107,0.019608,0.516908,fad151122f8433e29a89b32d6bf6d8454bc54c2ce24f9e3625480fb9b562a25f
human-02688,human_context,information_extraction,13390,context,128,93,0.0,0.429688,8ea4d059b65ac8a27cfb96fbae85bbbdd06f90f653e250dac3a9fde9a780507d
human-02689,human_context,information_extraction,13071,context,238,134,0.017021,0.453782,2c01bdabc19ccd731ef64d6f155cb8af549b7d0316e3e2edcbc8664992905de7
human-02690,human_response,summarization,6481,response,200,132,0.020305,0.4,a1cb4f218eba62d41c537a9528eccacf1a951baa5b2d3b4505c9423c9086f368
human-02691,human_response,open_qa,5124,response,164,88,0.012422,0.518293,f541e017b6f9bd96529c7d14bb29d7d2fbb348dd4004506b33d091383d9a8970
human-02692,human_context,closed_qa,8150,context,220,130,0.02765,0.445455,aeff16574a52357c795fd700a17a2488987e9e7bebd77552b20e818a7032efde
human-02693,human_response,general_qa,9990,response,131,60,0.1875,0.694656,ba050e2ea434fa1fadfd1ec795cdf0f32de68d31a707b79b1e911e41b6387ede
human-02694,human_response,brainstorming,5107,response,188,118,0.0,0.43617,bcb7d9cdcce9edcb7262a0a113de971cb219ba55b508fe568e8c97d19ab88e4e
human-02695,human_context,information_extraction,4796,context,141,96,0.021739,0.425532,f5249af4d4f39012d771de53749a0e01b782cbe2e32c9e9faea8f88f7b6f2aab
human-02696,human_response,summarization,10155,response,128,54,0.04,0.671875,f55d01a63a428b37db0a49a91ba64763ad8ca2bc0113d3a82a160e162944586f
human-02697,human_response,creative_writing,6201,response,790,409,0.0,0.341772,c5f6c49782d08d9561947773e886f11982f1cac282e1a72c37957cdd48c4e1f2
human-02698,human_context,summarization,7570,context,135,85,0.045455,0.444444,a15b28da19f8da281e3a707a2229f8c2f722fd851c5637a96c69b11efb87744e
human-02699,human_response,open_qa,7221,response,211,63,0.153846,0.777251,492f06cc99c6332b4b7b51256042a9f2da7733d2e14f32078d44b9d2423fe9a7
human-02700,human_response,creative_writing,12734,response,236,132,0.038627,0.470339,f6f7afefab3658e528183581f958f4659ab8067c8d650c8f0cbaa74ab58a744d
human-02701,human_context,information_extraction,11415,context,444,207,0.049887,0.434685,439a3e0e77d6c25d3a3b0c7322f323626ed80842b74d543cafd30e0bead980b2
human-02702,human_response,open_qa,11583,response,141,81,0.021739,0.510638,d6f2a0aad72b709231b937ce326945a7fd30da7044c66b0901095c4036efbdae
human-02703,human_context,summarization,7657,context,140,70,0.058394,0.564286,dd39d4ed68cc67fdf4d468c969b769c3d7506057154b2223512bdd30e11424f7
human-02704,human_context,closed_qa,84,context,348,189,0.014493,0.422414,07a59bebf9ae98594697b85435fd6b279c165b72619d25ed5abe670ab6a7e42f
human-02705,human_response,general_qa,4678,response,148,91,0.0,0.459459,0f0638847702ad4ced92b649392762c9ad908977580601e0448c022114efd0cc
human-02706,human_response,general_qa,11503,response,297,185,0.027211,0.360269,0944ed84cf7c14302206dcc394dab1a4ef647fd89400c05195310c772984e64b
human-02707,human_context,closed_qa,3938,context,162,104,0.012579,0.469136,dc80e6ee8c96c1f79e95c8ed50bbd009e61b06423a206436a61e4692781bfb69
human-02708,human_response,open_qa,2786,response,448,246,0.013483,0.372768,39cb3da7a2b29e5a2be808fa1b0895be293357988224c1c07fd31d170473c8a8
human-02709,human_response,general_qa,9291,response,282,168,0.007168,0.429078,b6967e00c19b7e0aadf8e04944f45c04bc48915f9e1d4c82eda27a2a502851df
human-02710,human_response,open_qa,7628,response,238,137,0.046809,0.407563,cd951ff4784d994e58268467bbedd0d902c0eacba6bda93c3f7d3c4d599e3e75
human-02711,human_response,open_qa,14602,response,194,118,0.005236,0.427835,59b69a1231fbc179ccb29a88b69a61fb9446380fd396998f9ab46830388393e4
human-02712,human_response,general_qa,8616,response,136,87,0.0,0.5,9a76bb60bc13552347f14877b45956eb7ea03704966e5c871f8d78a7e73b21a4
human-02713,human_response,open_qa,13043,response,152,78,0.073826,0.559211,5105a1f223bfbb9d4d897a6c915fd21fd72a86f07d4c78fdffb805987a83a752
human-02714,human_context,closed_qa,8260,context,145,90,0.0,0.510345,c2ede53bbe66fab6f9bef7761ef61ccb4129b298ba8476efbd8adc9030523418
human-02715,human_context,closed_qa,5627,context,141,87,0.014493,0.510638,756d9ea08b7f33121e9264177552a6be33eac83073aaff1ea1ee804ddac266b4
human-02716,human_response,creative_writing,650,response,149,93,0.0,0.449664,10108e9a8068a160b1c9ce1d51a995aeb5965fdb884149447d61fd928d4ac10c
human-02717,human_context,information_extraction,10308,context,272,118,0.096654,0.536765,83dcce5a2c46c345a2cc25f0a953263de0b239a5cab307f23677263e07a25502
human-02718,human_response,general_qa,13407,response,150,84,0.006803,0.56,094125910875f80466a5a692b4136848b9935bb433d5ceee55bb8395407f6630
human-02719,human_response,classification,12654,response,742,314,0.0,0.583558,4db0e5f81446330706cdfcdbb2f29478942e60eb643c456d807f817d2240439c
human-02720,human_response,summarization,1014,response,213,131,0.009524,0.399061,f54acc66e848e8cb13401378471b83ceac487a04aa94ed7bbb92165abbc4e460
human-02721,human_response,general_qa,9364,response,183,90,0.033333,0.546448,1dd862021932fcd489c2a2fe82b8fa845b5bcf582d0a40a2c528e7bda89d2a24
human-02722,human_response,summarization,560,response,151,103,0.0,0.450331,0c482f8bb6d7b86a103841d6c65bcf4a3781ac22da5cd6834bd31fa6c74f9aec
human-02723,human_context,information_extraction,2368,context,285,136,0.039007,0.487719,86bc314969164f52b6fbd7b248d4e1e4413ec765687861e5ba49607f3c7a4427
human-02724,human_response,open_qa,2935,response,173,107,0.005882,0.479769,5f3893b4560f6fa739b304a1bdac87b29a3b8a3b738637655cff3d9028267514
human-02725,human_response,summarization,3340,response,137,73,0.037313,0.613139,430b6fd98d03566220698b46998bab1ff8586a1094c2c4abb59846dcf5386411
human-02726,human_context,information_extraction,2076,context,137,96,0.0,0.416058,8087b62ac990fe303b9ea0e56fe36962ef81e72187830b7871aed9b196452515
human-02727,human_response,general_qa,14578,response,144,88,0.049645,0.472222,3ae557d84a5e62d52eaac0716006d66037a9fa671896ed42782fad00feb9d40d
human-02728,human_response,general_qa,4862,response,162,87,0.012579,0.549383,7c7ce0fbf59ad9e2daf825921a872ed9843d0ca41ec613874bdc686e91039a99
human-02729,human_response,general_qa,14871,response,140,97,0.0,0.45,abe62a2870c8c8aa83d8a5891ccb34e2bb459dca790cf7eb6af139b49a712812
human-02730,human_context,information_extraction,791,context,361,207,0.039106,0.357341,94a8cdc4b21bc027af0ca01df409af9fbf4c42858614a02d231591da93f9f933
human-02731,human_context,closed_qa,12831,context,329,184,0.009202,0.349544,7172550a83c92e4632d7ff5f384cddf8ba47acb8fbc5303c31a3f8ce79a43b6c
human-02732,human_context,closed_qa,1646,context,168,109,0.0,0.440476,1316698c7b3a6f4ac757d13228633183b4203de669707166edbc64945ccf85a7
human-02733,human_response,creative_writing,1601,response,236,144,0.004292,0.394068,9863c6e439b01d1f424ca3a1fca87659dbad7f8656441be072e327b6e6d0e2d3
human-02734,human_context,closed_qa,14458,context,196,114,0.015544,0.464286,8678b1015e56317079300985b2c45bafb07f10eb73d451e3f6e6f236d30191d1
human-02735,human_response,general_qa,13082,response,184,116,0.005525,0.440217,40b43e9fb6efdfcd203facae4e958b37692a45a05f0c969af1629f0cc5f43050
human-02736,human_response,summarization,10257,response,446,213,0.015801,0.446188,1214b776b415aafc4098dd9b7439cc23db0f4529fe15ae2edc4e104a6a9ba8bc
human-02737,human_response,open_qa,12849,response,130,72,0.031496,0.584615,4b51f212c5a2923e1c933bf2b801724362a54c1a1415a111b0d12bb7d86b1de0
human-02738,human_response,information_extraction,12664,response,145,40,0.359155,0.751724,b5c4f335907823845c518b7278e5603fa5977cbf9a603a08304ac3cc617614af
human-02739,human_context,closed_qa,9131,context,145,95,0.021127,0.441379,1189667f7d45f4a7624d56712b7c1f47ccb2c57befcde2d20ff46df6c425fe63
human-02740,human_context,information_extraction,3953,context,322,175,0.003135,0.378882,c406ad8dcc167b9f250fe44d118f17e26fe0626b3f0ef4da1e5fe4576fcf30b4
human-02741,human_context,summarization,9582,context,479,225,0.046218,0.442589,445c0fcab3f1f57cc12f7ee7426511a91416c1020f1475f7723334ff671a87ac
human-02742,human_response,brainstorming,7367,response,155,101,0.0,0.425806,c2cfd66f25c433d92522f669e362ff46353207119b642ce7dc74a1b1e5f1177a
human-02743,human_context,information_extraction,10607,context,382,202,0.031662,0.371728,bd90b8b3348d8dace28c373df3d9c5259ac428eeda0a7af24bbf9ea74c9f5469
human-02744,human_context,summarization,7687,context,268,139,0.041509,0.477612,d46b94e76a369660523667738504f57ea3cd8515ab52a5331d54fa9f07357dec
human-02745,human_context,closed_qa,10842,context,215,132,0.004717,0.418605,23843fe8d9aff9b1d1c6183e7a2cfabf3a410406aa2e0d3661238b79acea7cfe
human-02746,human_response,brainstorming,11274,response,139,82,0.0,0.489209,066e0ccc2d0c35883ac174e6c258a683c4b7094b943213b5048d5562dd69a99c
human-02747,human_context,information_extraction,14223,context,338,209,0.0,0.319527,cc2fef08d720b7e4cb5d5195ec10f689047359efec7cdc7b0ab43333e32e78ac
human-02748,human_response,open_qa,13189,response,178,56,0.285714,0.797753,d0d0e34e125cc031bd6b8e1ca332209fd16ad4da312a3612d25bbea43877c024
human-02749,human_response,creative_writing,2175,response,148,83,0.062069,0.574324,3e71578f46d1d10f0b632398eeb3ac2b6034e047e98f37774886afdb0ecf2063
human-02750,human_context,summarization,4925,context,221,136,0.0,0.425339,6b61ac8a9ea710b56569a2ab4eec98de6a5be7467368bc00c1f1b1d020084394
human-02751,human_context,closed_qa,12359,context,154,88,0.013245,0.487013,03211684f495f356bc601dc5ec4cbf52cf2cf6137fad15ffa40da09eb896be08
human-02752,human_context,closed_qa,780,context,414,29,0.265207,0.963768,4f9f89088c0208b49ef87519f4c87b82ccc6f5dabf9b96b7f12981438560ae94
human-02753,human_context,closed_qa,3002,context,310,178,0.029316,0.403226,1d39b0071832354bf090b4048627cb2d246117c503f4676d2f5ec22d2f362fbf
human-02754,human_response,open_qa,8821,response,209,114,0.004854,0.464115,5e6c6bffb6c324c8f88fb289f9c34f37a2a7eb9ffdad60be92aece6f02c32bd3
human-02755,human_response,general_qa,3470,response,188,110,0.010811,0.489362,84b23876054fb66f7f8914ad33d5c2ab77d339228ec4bea2d5b3832b9dc9895a
human-02756,human_context,information_extraction,14200,context,213,119,0.014286,0.474178,7a8173a6a5a0bc92d51319d4935a3ba1c60e3fe1d3e23f3ae37ee79608422030
human-02757,human_response,general_qa,6064,response,280,143,0.01444,0.439286,7ae7233379bc34c286ff61b0321b88e57f5bd2831fd1e926efeb1985e0e1958c
human-02758,human_response,general_qa,7831,response,310,156,0.016287,0.458065,cd2ba27e48bf89ed81438da97419c0efee66219ad4f60a8aca117b69900586ac
human-02759,human_response,open_qa,1351,response,165,111,0.0,0.393939,dabc06796818c5d2f3a52d23408dfcbf7c0a8779aa10f5979f4ad2a74da4d811
human-02760,human_context,summarization,7459,context,153,109,0.0,0.418301,a6cf91dacc63822a40d75369d579f6e17408b7de09586ee80859db551be6dfcc
human-02761,human_response,general_qa,1552,response,155,91,0.039474,0.483871,8b6695645ddc8d6b8b6c904ae2ac05333eea4cd3f1c87a4d4d6cb978555442a3
human-02762,human_response,open_qa,6240,response,215,123,0.023585,0.446512,0bcf16ec467fab1be8d5aae2944956d76f7d65609610681c238d5ed42623f2b8
human-02763,human_context,closed_qa,8725,context,265,144,0.003817,0.418868,8ca70364420a1e94c8d0d0c36877a441dee35287bb4e22f024777f7bfc8f3b64
human-02764,human_response,open_qa,4936,response,228,119,0.035556,0.486842,88d4198d95945b9e412159521aa2da5904a1f7d80fa5cb857a9b2e81978f8505
human-02765,human_context,closed_qa,5831,context,194,122,0.010471,0.407216,e6e66814abf4cc29a1cfb6d519647f173ba15e689f79932d1dd16d5ddca65043
human-02766,human_context,closed_qa,9783,context,132,84,0.03876,0.515152,4237b34696a35ef16ce64157942d0479081388c39743c974ccc47af668779166
human-02767,human_response,closed_qa,11745,response,197,121,0.025773,0.42132,04880ca30d0c3c45360a55a734545fbe298ea3fd044c725017c9bac522a17802
human-02768,human_context,closed_qa,7538,context,321,141,0.075472,0.47352,cea9324a3eabd2cb8f4b5e4b257880dd7e97672ce1adb3060fe00b3c95275be1
human-02769,human_context,summarization,14109,context,699,312,0.024425,0.402003,b3b230a23ac333718dcdaea8e9381fbecd84a741b1f4bd34a6bd314e6c6bf5a2
human-02770,human_context,summarization,2988,context,432,226,0.020979,0.395833,f46060890a02f80d9b5118550b86290a844564f0591635107ae729359814bd62
human-02771,human_context,summarization,1539,context,204,111,0.0,0.455882,bb211508a63742a38302d9c09ecf4239a588abb0ae700a4656cd8a1429b26159
human-02772,human_context,closed_qa,6349,context,333,191,0.012121,0.354354,8d3669748f3a9275fb6214ea39d23d7c186cb069d0dcffe8c4f539225c2f658e
human-02773,human_context,information_extraction,9186,context,381,193,0.007937,0.406824,3c00af4818798b9580f6adda09ea4e357608f6580e2fb311be5f26a11b5a6ec0
human-02774,human_context,information_extraction,13974,context,200,130,0.010152,0.365,cd5f3f0cad034ec072fb0af5f73b7f3553fab9ffacf1a71c64b830c4492d2104
human-02775,human_response,open_qa,8840,response,132,88,0.007752,0.469697,6ac5483452473701c8992990aa4214b9aa910505db1c3a1ebaaa75486972d1fc
human-02776,human_context,closed_qa,12413,context,159,111,0.0,0.421384,529f4b3a9ee220d470373f099950e5851df503b468cb03b4c433ea030a24533b
human-02777,human_context,summarization,13191,context,330,166,0.027523,0.463636,cc21edde731ee4c72d4e37519da6a66e1975cf40384ee1cb6f6a9422b20aadb2
human-02778,human_response,classification,3736,response,150,99,0.0,0.433333,600744bf2e0be48497c4abad1568aab1115428c9746da1c3bca3cd8baf37d87f
human-02779,human_response,general_qa,13987,response,374,207,0.0,0.374332,3ba6f018eea64d61c218b01519a95ad02af924478744d1cf8e12bf9adb5be568
human-02780,human_context,closed_qa,1871,context,143,88,0.0,0.482517,b99533ac03415498d559467321c826131913eebb3a94ae40da8752151216ae2e
human-02781,human_context,summarization,166,context,131,90,0.0,0.442748,aecaf7b287828fcd15edb57180327aa1178f12e50b9e2934b6ec130b5a22c843
human-02782,human_response,information_extraction,10336,response,131,41,0.398438,0.839695,0d4a6800e6aae1c9782ed4a543a581df9cf6054218934243db32499c962c58c0
human-02783,human_context,closed_qa,3590,context,276,137,0.106227,0.438406,add6579782b1e7b5504766771391ef4ee8ae710d55d0bc484b206785e59d1cf8
human-02784,human_response,brainstorming,14899,response,290,158,0.003484,0.42069,541405011c2c5fd43c160ae0eb3332068f583dadd88d730fb083587dd0190a11
human-02785,human_response,general_qa,5735,response,176,101,0.011561,0.5,21c24d41ba6017718b050505c11ba0a3fee8b2e4b2b93895f76f9ea053fe2199
human-02786,human_context,information_extraction,14243,context,241,126,0.016807,0.456432,340739b2de3bc088806fa2bdd46d6b660e80e7979bbd941220b3698984069ec2
human-02787,human_context,closed_qa,1023,context,1201,497,0.06177,0.333056,7c146c2873aa96605b5ba0b646324d2bb394eb0db8e4ffc87e84a939d2a8099a
human-02788,human_context,summarization,13187,context,131,70,0.023438,0.580153,20619078dfd46500bbfb91ce0494ae7b1a874a1d335b694e6a4a6d3247cb2ccd
human-02789,human_context,summarization,4896,context,448,222,0.026966,0.457589,28ec3d0eac419a44466cf6524728a912acdaa047cdf7fc926d657d28840a9aa7
human-02790,human_response,summarization,7618,response,222,127,0.041096,0.414414,4825cd66d54f27cb5f1f9280a22bc971e33aad28778af8d5c685e8b0797bf0db
human-02791,human_context,summarization,2662,context,368,196,0.016438,0.418478,53ae5c131abdb2a78f99aad087aa45bf3d3ce55a5f83569c1afdc43e055e2309
human-02792,human_context,closed_qa,11708,context,187,135,0.0,0.342246,c9172b1b33bb2caaae2bc3cff612178a8d48d20847b577b0fe8c12c4d56617bf
human-02793,human_context,summarization,7958,context,294,165,0.037801,0.418367,0ae10259d1a938777f7aea2b88e229fc9344fad865763f0c8435efb08e6af3eb
human-02794,human_context,summarization,9552,context,231,126,0.030702,0.450216,7b98bb4b06d189313a7ffe862f9793f29e76a734a5dd46cdd024445ecf956b77
human-02795,human_context,closed_qa,12911,context,232,118,0.017467,0.448276,a1f0845a0b334c82a4b3dd13c40e57e54a7658e445c8d700e744178c1ed2a529
human-02796,human_context,information_extraction,12800,context,213,119,0.0,0.469484,1a5c9816f97d20a106bf9de2f8ddf9730b69746a823c844a3caa9e9f7fe87570
human-02797,human_response,creative_writing,11735,response,212,123,0.0,0.495283,eb663dd0b7378fb6528e499034358c2a0bcb9c2a29aedc3f2fe15274a60ec5d0
human-02798,human_response,creative_writing,12740,response,278,127,0.029091,0.496403,c1e7d49d5b858940d5a5843738bc75cfc7118eb5510a0729f43ecb18dc3ecac5
human-02799,human_context,summarization,14418,context,144,101,0.007092,0.430556,d5d63b4d47e6e8380acfa64eb20b52448b4adf61ee40e4f23b865c2ffbef5eab
human-02800,human_response,summarization,9383,response,290,167,0.006969,0.4,f59b6a81cded7b93f75bfe4c018606b5e8bc90c9124dcac2d3ffe30077df8b18
human-02801,human_context,summarization,707,context,234,136,0.017316,0.440171,cde70b7d4df02ee6567b56532da5fd561edb1f2113cde0c72bdd37f54314f4d9
human-02802,human_context,information_extraction,13112,context,233,151,0.008696,0.369099,4fb47fe5f5e1aff69f6706669755fc96b1c41721e2b4e7cfe3f70fb976d8cd31
human-02803,human_response,general_qa,13234,response,158,96,0.006452,0.518987,0f4e5b390b61a116fe24b647c0411b9a6c7c6b45c4a85e2b57dbfd7bc883bcd0
human-02804,human_context,closed_qa,9167,context,288,169,0.007018,0.381944,21fe26df10fbb112fd3ba92347f67450fb2c865f58993661a46f468f6c7fd327
human-02805,human_context,closed_qa,3354,context,292,161,0.010381,0.40411,555d239cce9d8cf0d9e793bad89929552dc805e48d322d53da3a3051bc3e4fd2
human-02806,human_context,summarization,11833,context,1442,585,0.050035,0.394591,8416b3580982238a958e64378ee293afa47fe8ae80622174333bbb163eb493ca
human-02807,human_context,information_extraction,300,context,540,235,0.102421,0.462963,cf5a11497d70fd0f663117847c4f25cda618d1ad8880c3d4f72ea8da41aa2707
human-02808,human_response,creative_writing,8439,response,164,100,0.0,0.45122,51d863fca287cbb6612ef8ba3734343ce7daf22e0ea57907254bfc8a96439b9e
human-02809,human_context,closed_qa,274,context,161,115,0.0,0.409938,2857329ba8893703fd21a5bd850878f8d16cb25566bad6a3ac0ebe24ea46ad84
human-02810,human_context,closed_qa,2255,context,380,207,0.002653,0.426316,43952202a3f42e4f9da15a4631266ba76fc6124edf3fb50c01db87544be7aaac
human-02811,human_response,summarization,11409,response,140,34,0.226277,0.892857,6189c5720d4851396530ced725a3516272128d7854b970c5e16a0cad5f71077b
human-02812,human_context,closed_qa,13442,context,205,136,0.014851,0.380488,8f9f52eca567875c05eb3976dd9c7b10215f94b7048b6c1acc4468e794c3d72a
human-02813,human_context,information_extraction,5883,context,514,264,0.015656,0.394942,a6c87a1b854872e7a82643f7098337579969390b99fbabb5c7a9a2a9afddc122
human-02814,human_context,information_extraction,8401,context,189,110,0.005376,0.481481,7f76705c775d597a26b325863555a2d7f15e914d6b93e7db2843b93cdbed5e6c
human-02815,human_response,general_qa,1739,response,512,225,0.037328,0.464844,c7096690ea4b317ca84892a0c365a4fa44407ad9dd5c315dc6b33a31be641ceb
human-02816,human_context,information_extraction,12820,context,132,75,0.0,0.560606,ee54d66983392df36798a99485a4353d12683fd69a93422d06852c4c7123f87f
human-02817,human_context,summarization,12624,context,162,119,0.031447,0.382716,6a4b76109305cca93773cc2d5fbf4fb73a7aec84f7fa7170d284a6c51df143bb
human-02818,human_context,information_extraction,8550,context,245,167,0.0,0.367347,994297d095096f403ad0e7a6d8944817ad07c3c5ef685d9162a3a3a34e4a8a73
human-02819,human_response,open_qa,219,response,203,122,0.0,0.44335,e53bb0612a032a1c2a356b4b652122707da1d27c48e240289ceabcd73e23630f
human-02820,human_context,closed_qa,3414,context,229,122,0.079646,0.423581,1ff522c37fd30705f4256b52c28f6ffd89ec95d54695e92a3baf213cbf0f7cad
human-02821,human_response,classification,8731,response,347,236,0.005814,0.351585,3204ab2630e18824f8701210b702ac15af415b8ce12fab33f55595ad007106af
human-02822,human_response,general_qa,4283,response,191,123,0.0,0.376963,b0b82a60eb9a251e5ee65e31ba4f8e51386b9afab38c8fed527b94079d535dad
human-02823,human_context,closed_qa,7379,context,286,162,0.0,0.405594,11e6e3308c72450da31ed7170ea6c66f1ec84939be3e24412ffd4412b6be4952
human-02824,human_response,general_qa,9102,response,206,126,0.034483,0.417476,93e4e5faf582c80b4b4ce485ceb1846fca26cbf59f7ca922c86d9548f941ae95
human-02825,human_context,closed_qa,3583,context,180,95,0.016949,0.55,1a905ac7f9a9748d4b186ca75ed9ecf04dde29b4998fb1bcd26ea13d309ceb95
human-02826,human_context,summarization,3512,context,558,307,0.003604,0.345878,efc27a9968039697446af5afde7cbc37ea2ac8a7d142088b587a96b6e19a52a9
human-02827,human_context,closed_qa,1937,context,443,205,0.034091,0.390519,fb8503e113005e8ba3bfeed5429fb14fb63be2789127c45737f714f1186fb239
human-02828,human_context,summarization,12386,context,801,330,0.048872,0.434457,2dfe28bdf1880634a977db6637a86781cf1c73974425fe75e0638241326acf85
human-02829,human_context,summarization,743,context,307,189,0.009868,0.355049,9fdfd2bfc9a9532283a07ff53fb7f98a375aa88b2941b9a0ef6300d77236772a
human-02830,human_response,closed_qa,10050,response,139,104,0.0,0.395683,f2584e5766eadfd206e8d599b28ee6e593ef9b7d35be5c1529fb08b35d2f1c67
human-02831,human_context,summarization,14835,context,980,439,0.0174,0.339796,14400370bc82320d37d53d2f166828b83f992f0bb3cb2ee82da83431b671e745
human-02832,human_response,open_qa,14037,response,171,100,0.035714,0.479532,07c7ffc2ba968a5f9152f432592c2ee2c6f2815244e811e94229220103150470
human-02833,human_context,summarization,5391,context,144,92,0.007092,0.416667,d937c1c478fca936c64aed69e3811d68dce1cd902957c2c253a914c7d36d7818
human-02834,human_response,closed_qa,9686,response,129,63,0.206349,0.612403,abff6d52075237ce7bda55ed669fc34f17c615e8e7ce5d34ec9c774eccd10d36
human-02835,human_response,open_qa,10404,response,412,229,0.0,0.395631,6518986cb31174e8486f395e74ae7bbde8f00654b5a6dbdd311d46acf33b58ea
human-02836,human_context,summarization,11702,context,163,99,0.0,0.478528,0c73d6d230bbb52edd79a6f34277238124d57fd6eadfb9050cce9b73f73777c6
human-02837,human_context,closed_qa,10367,context,158,104,0.03871,0.468354,71b56c5b6aed6cb6fd204c190f563adc76c07ccc70c700a069ed6f755a892793
human-02838,human_context,summarization,3500,context,653,329,0.006154,0.358346,defb815394c08f272ff53bf54e5ac2a41384e02665561e3f4af1ec5d9080b475
human-02839,human_response,brainstorming,5966,response,244,92,0.087137,0.565574,357462144771208d805ec3efc9e7953826b14da169a1b7764ecc0c75bdf78c2e
human-02840,human_response,general_qa,2117,response,249,140,0.0,0.437751,24c872877bbf5e90477186c5eb3f8f483edc98d9d233c92ec6bb10c8cd178f7c
human-02841,human_context,closed_qa,145,context,690,345,0.0131,0.333333,a33272a83f811a79b5f29cd25f79d970f79fb3fd05dbc89277757695c229cb31
human-02842,human_context,information_extraction,1530,context,301,178,0.050336,0.30897,a4f4f8646ee075ca80fb73139fe27e5cde96904b769e9485390064fb3d5c942e
human-02843,human_context,information_extraction,4626,context,142,77,0.021583,0.56338,d6f0b5acba7761882559131e8c72cccd575a4353fe6acd94254241af470af155
human-02844,human_context,summarization,6428,context,709,290,0.043909,0.431594,f9c5c1a31ebfc54bcf0b62c36f0f7c821d3c574010caad1b2ee6004ce4141b6e
human-02845,human_context,closed_qa,10846,context,187,110,0.016304,0.465241,756e0a711d0eb9f2c3a61d0afd8dea9d47e94dccaa95da6a5e78eb7815ac82f9
human-02846,human_context,information_extraction,4733,context,183,109,0.016667,0.448087,3df3aa6c2e101e915245cb698cbb4aeb57d81ae915fee1a449d8fd05a4198fbf
human-02847,human_context,information_extraction,13972,context,436,170,0.136259,0.550459,a2dee7ea579c4602100f1f957b2a12d4a341524a9f74139954548134376106b5
human-02848,human_response,general_qa,9134,response,181,118,0.0,0.40884,8ece8d041c26370dfa44ec2d6c20543402dcfa1abf20e21d372c243ca836a334
human-02849,human_response,general_qa,14121,response,143,57,0.05,0.72028,3105ee9dc16e588654c9ad1f05810ff7fba98c8f5cfe554dc706feb6c0bdac3a
human-02850,human_context,summarization,12166,context,586,263,0.030875,0.431741,19d3a4536675aa2913fd7f7d69668ee09512607a26a8d8174c9918fea7d73210
human-02851,human_context,information_extraction,1606,context,228,117,0.035556,0.548246,1f120920da5fb73240dd44c6e9d367b8f7843a04f424f0ab1fb0e7acc03a24fe
human-02852,human_response,general_qa,5787,response,365,155,0.005525,0.473973,a88e082841a2aeb1f9f2a65e30cce65a8d1675e3c664ab9fc4de5523a797fb09
human-02853,human_response,creative_writing,11238,response,293,161,0.003448,0.419795,6ba9bd6c712396627c6c94510a7349590069f84436a590534f968b55c60da416
human-02854,human_context,summarization,9494,context,277,160,0.018248,0.404332,16c6c3dba45d3e9d4ca6ec15b2205f36505759516f513af7a666acf7b95cea0b
human-02855,human_context,closed_qa,14649,context,176,100,0.00578,0.488636,a08e8748ff53296067747c3cac8b47c595dffb1fd174bf82616fb862667c861a
human-02856,human_response,brainstorming,5186,response,171,76,0.125,0.672515,e57ee1fa9502ac2bf6196fff66519d9b81f9bbd5e411c4180239eff07b6488a2
human-02857,human_response,creative_writing,13103,response,466,217,0.00216,0.381974,2320100e4efc60717a9fd61c5158197b982840db283fab2f91c41b350c707f5e
human-02858,human_context,information_extraction,7012,context,130,93,0.0,0.438462,5eb15b8642bd4456631df27265911ad983f19196a4c7a62cbab653d7ecdc051b
human-02859,human_response,creative_writing,1839,response,278,172,0.0,0.356115,87244428a98a34f217a534370c7ab7adb766c1b6b9c05e5303bbb76341907b7c
human-02860,human_context,information_extraction,5383,context,323,175,0.05,0.402477,d1cd9603c45e0009ef4cd5bd3ee6842cc9b7a541eba1b3908b06f4e492f4b540
human-02861,human_context,closed_qa,2259,context,362,203,0.019499,0.364641,b0dd328591c018b0d073c1d378c25634e37ff2b05c64da6ef6cce3d5d3ddf935
human-02862,human_context,information_extraction,10240,context,725,317,0.056787,0.44,61508825fbee0a584e1f33cc29c98778e46103b4521f6eeff2723a8bda75f1fe
human-02863,human_context,summarization,3781,context,294,157,0.013746,0.435374,6e59ec44fa3941c98e1639a218e7f9c1b1745cd16bf2784ac93f3da8e6ceb523
human-02864,human_context,summarization,14883,context,286,131,0.077739,0.527972,ea11d9a44f943ea9556872213c8e52c4f6c613f836f6671432cbfac2d01f769b
human-02865,human_response,brainstorming,11330,response,186,110,0.032787,0.435484,b6250187b848bdf02e314344f7e07f4863206403247b6ebe4b29e83230d4bbcc
human-02866,human_context,information_extraction,13268,context,457,214,0.013216,0.400438,603e4ae2feebabbbee5632fc88c84d58a217d7ee409c3729ed6aac2c555431ae
human-02867,human_context,summarization,3743,context,163,101,0.00625,0.460123,c3b8a6383aea6da98356c3954be68bfd7a96cb1184703bfb985e8d2949f5019a
human-02868,human_context,closed_qa,9955,context,238,156,0.0,0.386555,0213ff57c7f7745582f03c682113b246b57b9364919e82102b099c0bc634a6cd
human-02869,human_response,general_qa,6001,response,158,78,0.03871,0.575949,3d9ba4bf7def253c7eba3f5ddf6ff597ef13c8086d8f8ce8e19d03007de77869
human-02870,human_context,summarization,14248,context,459,242,0.050439,0.381264,896dc13a6ecc8de36a3ed21192d1b05f3831493d2f2b1e9c882d9070afd4ed14
human-02871,human_context,summarization,11102,context,228,122,0.022222,0.47807,a451933907bb31e3e43c4c816811fc07deffca5685421e2224e249139ce66889
human-02872,human_response,general_qa,879,response,274,158,0.01476,0.423358,7c9f708717e633c48a50042a99d925c0ddbc76b8f243b9278fb663598913873e
human-02873,human_response,general_qa,12011,response,200,128,0.055838,0.44,fccc6bd4a843e7a4124a17c0ecc6cb7be39a006a6606efab12413551289f9cf4
human-02874,human_context,closed_qa,3426,context,130,87,0.015748,0.430769,fd029d3fadb85727cf056ac46d4d5f92daf1b8bb94bdbcdaf08c0f62fdeb9af6
human-02875,human_response,brainstorming,3026,response,191,118,0.005319,0.450262,455d7a0c116c80d3f15ead661ef5ca430dde60ea6403f52e44b270abf1e42ed5
human-02876,human_context,closed_qa,11127,context,202,125,0.005025,0.425743,e1e1f59f9d23a236bc9d930f3d9e3d2607b3a743d37b1970c264d133d4dd1b24
human-02877,human_context,summarization,9642,context,175,95,0.02907,0.508571,298e940276f434ddb20f91c92d3fe24fbbff269565272c29da96880dceee1ed6
human-02878,human_response,brainstorming,11263,response,322,153,0.053292,0.428571,0c697b860ad0e07e146c9eacc9e7cd38269e1d1a34530d3913f5b76286ad1a2e
human-02879,human_response,closed_qa,10030,response,185,118,0.005495,0.432432,09f3e066ef8870f9bcf18e8296b91165c5c14a9eb7502ad2601e11e30956a194
human-02880,human_response,general_qa,14948,response,531,257,0.022727,0.39548,6a04a8f29347f97877cfa891d818cf3f7c5b41517a24f6eac15179154fb31197
human-02881,human_context,summarization,2123,context,270,159,0.033708,0.451852,bff1cc151ab8122150cb58c0c1a8b93fa35a656c8745e7a779721ce9d3fa9dbe
human-02882,human_context,closed_qa,2923,context,207,114,0.029412,0.512077,846cb5ffade6c567830fcab57e92caa217bcd7a5c4cf544b02bd5542cd6dd0c3
human-02883,human_context,closed_qa,9285,context,383,157,0.094737,0.454308,30518ce15143570789ab2392159e3bdb5ad4b7db3389289738ac067a816753ae
human-02884,human_context,summarization,3062,context,498,222,0.044444,0.419679,06d800e951878dfb73d816d9a14fae28a16e2b6c96684220647044d7b71f4844
human-02885,human_context,information_extraction,4025,context,909,417,0.022075,0.332233,4838d4dd92853448916f52f7e33aff1450c82b8863c0d10c9aff14f4ad6ac66d
human-02886,human_context,summarization,3837,context,310,156,0.045603,0.470968,014f6aba666aee5ce1334b8f9619046db7a398f7300e84f73a53f88eed0bf57d
human-02887,human_context,summarization,11235,context,193,122,0.005263,0.404145,b4edc78358b54f25632fe23ad3f2ac52ffa46c5f67a93ee5b24ee94de412a291
human-02888,human_response,summarization,828,response,200,110,0.035533,0.51,69237c5c74fdb7e837f281eb3f5e864032c56bc07166940fff6698e39ea32e23
human-02889,human_response,general_qa,14505,response,203,108,0.025,0.487685,e7ab0dade3c4944b4adc8ef03cb135c15ba2738a9026fe7dcf50b2ae21a5fa12
human-02890,human_context,information_extraction,2790,context,570,264,0.045855,0.440351,2acaffc9814d14f8d16b995bbd4b76f495145cd7df6a658f2d250eeb18f6f301
human-02891,human_context,summarization,1080,context,163,104,0.0125,0.472393,ac5fe2a8cfd8c9b31c4fcd1eb6de4f5635f632315cc890a624566f874a22af4e
human-02892,human_context,closed_qa,3360,context,541,271,0.040892,0.330869,eabc007e6769aced6264a6931733714efa2dfa7bb24498126eba13eb15315d43
human-02893,human_context,summarization,5632,context,561,321,0.010753,0.326203,cd2beae9eff77341041e82f31081a9660118d2d662ac5526e28672643364fa53
human-02894,human_context,closed_qa,12070,context,1136,477,0.0406,0.335387,1073246c34c063cefc2dfe6445bcdce8c507474bd9f1edf3a0ff4497f687e477
human-02895,human_response,general_qa,9921,response,150,98,0.0,0.453333,b76b3e39f3a6a2fe54f96513dc844aa50e4738f81157263dcac9482397de2d78
human-02896,human_context,information_extraction,4991,context,205,141,0.029703,0.395122,08be2aaf99b7a651dab21ce74af0f3788bc8612df2d222f426cc5e4542ecbd2e
human-02897,human_response,creative_writing,12766,response,132,74,0.015504,0.530303,7fb7e606b674139c4e6b715a47a7ebedbb99fb260f9346747609aeb3ffc21bbb
human-02898,human_response,general_qa,14577,response,130,82,0.047244,0.5,6b67fa96662bfdafff60803750446a195d85fba978cde38a9f06bd87f80427f4
human-02899,human_context,information_extraction,699,context,432,233,0.009324,0.398148,aefb91086c0356e42e016388f44c47a917e8fe75fb38034e1fb8502886337dbf
human-02900,human_context,closed_qa,941,context,229,149,0.00885,0.371179,3c83e4c8d3e4e555cfa5313e5cfb3324587622e8a6bdc0cddc0538c7e3660379
human-02901,human_context,closed_qa,7729,context,146,93,0.006993,0.452055,f9e87206ba185e10ae687ae0e5330edd991441e34a16a6683b204b057bb0df0f
human-02902,human_context,summarization,4537,context,486,222,0.026915,0.432099,b30c874b103840c74d16f3343707a0b12546f4477fd88d0ed61278887d82d7a7
human-02903,human_response,brainstorming,5912,response,145,92,0.0,0.503448,2b67c0d0d4f6dd9b4c084ef1dc0d020320af3328570f7854421bf3b9b875a097
human-02904,human_context,closed_qa,306,context,204,110,0.059701,0.465686,41692fc760b127e4dbc61856f55940fb2318e5cdd7b1ce0bc1bed6d5923976e0
human-02905,human_response,closed_qa,524,response,203,97,0.05,0.566502,ca964bfc397b04f56709f9b648d9597a4c69e6790efe5341ce549c87f76b1bcf
human-02906,human_context,information_extraction,10088,context,599,244,0.062081,0.48414,357b1149e89c95866c7b52f9b2f93728c8512342d42ea548dc2bd575ada3d791
human-02907,human_context,closed_qa,11191,context,190,124,0.005348,0.389474,452785f339d7a7a58e7f2f9fc920072048ad0997d29ae2fe24714d966bddaf49
human-02908,human_context,information_extraction,6926,context,188,135,0.005405,0.367021,3c291c96a6616163dd4838b52ea27d8af22dce8e6220aad0e5fbe3122dcc5961
human-02909,human_response,general_qa,8386,response,174,113,0.0,0.390805,7b0bf006f0b3a07474130acefc377ac62a819a10aea1caca8b6916be4412bc78
human-02910,human_response,open_qa,14289,response,161,77,0.088608,0.596273,166a1c1018837f758050dcf56b11f0fb421e18a6d8fa27fc1bb83a08aad06f3e
human-02911,human_response,open_qa,10160,response,297,165,0.003401,0.377104,c918ab8f9cd843318601ad6215e23c72b7116967a04edbe00fb03865e793b238
human-02912,human_context,summarization,8215,context,401,193,0.065327,0.436409,a033685fafd159bb4f9ef12499110b39a71c652a5ce35011d0d3a6d57c2901e1
human-02913,human_response,information_extraction,8189,response,761,251,0.069921,0.459921,3fa82c1c04ffce6db3b6dfcc6bf23832f0a221bb390a77b79ae3ea43250602cc
human-02914,human_context,information_extraction,5852,context,489,136,0.27572,0.586912,bcb7bcedd5040247d2c2197a7186b9389d0abe8cc99ac3e38ea18bdaa4b2f141
human-02915,human_response,brainstorming,4258,response,154,101,0.0,0.474026,e0980185a577c6738d7adb8ccefdc0247b2826e4f9805a986f8caab55882a120
human-02916,human_response,creative_writing,9875,response,357,189,0.008475,0.394958,149b4027275ecc0f12ebe58aa6de6b17eb9ebbb83e5d3a02e3947a87d5c63079
human-02917,human_context,information_extraction,14704,context,158,90,0.0,0.518987,7e940f52b0c129c76f556a55f98cb521ec5237769c2226bd9db9eea8835cedba
human-02918,human_response,open_qa,10286,response,211,118,0.014423,0.469194,5a1d7a36c320c0a2e5378d55d7a9fe8ed3bb9457df098f8e7a25b3847743911b
human-02919,human_context,information_extraction,14094,context,220,150,0.0,0.381818,b8c2a834b4f38c787ac1a004fc6eba83fd48190de227f1ccf248217d66803c65
human-02920,human_context,information_extraction,10832,context,163,106,0.00625,0.453988,a6f3652c06985fcbd54ff86057d73bffe076f23b6df848c409808ef09aa40787
human-02921,human_context,closed_qa,9874,context,514,235,0.066536,0.44358,bd30f65aefc9cdd5d3b39042a2b8b67afddbf826a8e8c6b5eebe9bfee159837f
human-02922,human_response,creative_writing,11905,response,169,104,0.006024,0.455621,6d9e27a501f1764c1c47822341c22b6f7c2bcc6c2481eafae040bd739be1d71a
human-02923,human_response,general_qa,9007,response,138,90,0.014815,0.456522,b429f2972596ce84d84660a5b12c2922f272fc7947cf482764f17f85622139de
human-02924,human_response,creative_writing,3024,response,138,83,0.0,0.514493,8f89713ee3205496edf88fb02659f697801530aa948fdf6850b7fe461c6a7138
human-02925,human_response,summarization,4616,response,337,138,0.041916,0.537092,c3b0480b4fd8b2f0e60903ff6ef69f82e6e8003905daa7178f75b20608d894d3
human-02926,human_context,closed_qa,10479,context,156,92,0.0,0.519231,564fb2c00ca01f6cea7f9fa8da3c1fe24da39dfd6f50e3f3424d6842cc47f578
human-02927,human_context,summarization,13565,context,3460,1056,0.043679,0.37052,e7bec2e7b05f3143f06bf8bb00fd689ef0e6b011d6d594787b08b709cf32b4bc
human-02928,human_response,summarization,11601,response,160,91,0.019108,0.46875,f262794ce76188a96bfb3c153197d4455410cbe78c7e93b769b5f412c1c37db9
human-02929,human_response,open_qa,7320,response,222,132,0.031963,0.436937,81a3cb06c61bf674a0aa2aca2e1f99d2aea776f9c774194e0a134b34cd271230
human-02930,human_response,general_qa,11060,response,144,85,0.007092,0.520833,2178ae849c160b4e6d49c9df79e9b88755c13ad89e8ef121608cd065ef9e697c
human-02931,human_response,creative_writing,14752,response,179,124,0.0,0.413408,2a512a8b9a4f8e3358ebd8a2170c82e5708c38f112781383b50f79ba271f5073
human-02932,human_response,brainstorming,12089,response,155,60,0.217105,0.729032,ad689848719172a367d1f7660aed9e389ad55f4381c27fef33dfe278d17f55d1
human-02933,human_context,summarization,13180,context,1705,681,0.067568,0.375367,95f72c4ab83449793b9d766fc8ede002582785a9cc21a915dd32ca8a83d8ed55
human-02934,human_context,closed_qa,3302,context,379,217,0.026596,0.340369,2a16907f58013c2d9086c8b1c381df1859e5854e623da37899cce52cbe2a5601
human-02935,human_response,general_qa,11741,response,129,98,0.0,0.395349,4083868a77e88448392fe2f9537053883c00eb39a2f61d90e358e9f15736cb84
human-02936,human_context,information_extraction,8068,context,341,201,0.0,0.395894,5783d48999db558ad5a11c4ac56f2743ef59090cfaf1b83f719ef4e747f57e5e
human-02937,human_response,open_qa,9970,response,148,82,0.0,0.527027,c1c75f45ac06e87a4445a31e5258fe24a8634f57db9f511d26f864cae0bdad2c
human-02938,human_response,open_qa,99,response,191,126,0.0,0.413613,9c8f3d91ee5470ffdcf6c67e6110c4a0cf980d5a3be29d8163cdefbb959ede08
human-02939,human_context,information_extraction,7630,context,161,98,0.031646,0.459627,c4073076050fef4355ac370ffbe952a870e1e02644a993b4ef6003703f463e67
human-02940,human_context,information_extraction,1704,context,195,108,0.015625,0.471795,0876f85473aae3215eea2557ab6665c642101773a859332dd29cabd2f4ea1854
human-02941,human_context,information_extraction,11541,context,258,162,0.027451,0.395349,3f3c45e6e3543ec6ea78c08d93bb53fe165de353343577293451e2a2f15333f1
human-02942,human_response,general_qa,12510,response,165,109,0.006173,0.430303,f9aa0fd8310971218c9deb0ee5df96b13d353393f75bd775fa296da0c6b9e5e9
human-02943,human_context,summarization,14599,context,226,138,0.004484,0.420354,a998ac64f543088719873a8c93dca74eb022705b76a762e4c6f4b3dc75f69ae1
human-02944,human_context,closed_qa,1487,context,300,177,0.020202,0.393333,1a329709810873b30ab62b90b0b68181d854f4cf0ba5b75074ef5a8e3d32318d
human-02945,human_context,closed_qa,14112,context,548,189,0.089908,0.523723,814964fee1acc795a3aedce509de11713cccb6e1c6ec3a9280fbb63bec5f8dba
human-02946,human_response,general_qa,10883,response,178,106,0.005714,0.466292,92a205e613b96264a043e28d1d039b048b48c7618a3ea93c01e1dbba3183fe17
human-02947,human_context,information_extraction,10887,context,142,65,0.086331,0.626761,759b4330754ed7df0fabd254f3a3fe7905c94c0d1ed37b97e45c7136f3a68b35
human-02948,human_context,summarization,6232,context,139,84,0.007353,0.496403,6cf1b49fa42e295f2b2a5dec45caed75a7bf97c32e5f6c2675a37f7ac04fa99c
human-02949,human_response,brainstorming,8342,response,315,194,0.0,0.365079,63aae9921d2e61ca60323d49cc2bc5529824de71c139ec64de95c05d8cd4b9ed
human-02950,human_context,summarization,744,context,487,234,0.016529,0.377823,524e8f168d400ddc42a16b9450a7fcd5e3c11bab4ac900c2113d8db4dffac48e
human-02951,human_response,brainstorming,8067,response,157,106,0.019481,0.414013,69006b6e761ec2824d19e987a8f18df94525666b01f754905ea0afbbf059147b
human-02952,human_context,closed_qa,286,context,181,100,0.0,0.508287,b3d7fa254084377b6c7db08a22310efe4388e53dfd26fab3492dddc5cc22c7a0
human-02953,human_context,summarization,8036,context,501,241,0.036145,0.403194,b01e71d414adfc2d69c4ca47082c052d63b91e2e105257ac207af34dd2eb5ba9
human-02954,human_context,closed_qa,2376,context,185,112,0.010989,0.464865,68afd2b6dfae2d8f34ca349266f3f2b4d53e8572a11d50761d17a804984f6c6f
human-02955,human_context,closed_qa,385,context,286,177,0.017668,0.377622,8d74ba0958f1d88f28492696a24b655144a96c113f1b276b996875e0c0a03687
human-02956,human_context,closed_qa,8259,context,196,122,0.0,0.438776,07fa066e7a02f54fcda6bf329c8c50001d4fc954d3a19e63c906ad8ace9b51b9
human-02957,human_response,information_extraction,2807,response,176,75,0.115607,0.613636,148f86fdf2005466bb46509501f49517bf16db1580cf467587f76d9836035a4a
human-02958,human_context,summarization,2894,context,423,209,0.035714,0.423168,070741606692f144511cc251dcea9ee53396a6db7e6ff548d691bf8d93d39e1e
human-02959,human_context,summarization,12361,context,205,140,0.014851,0.390244,db8b8e4ef7ae0674809ff13d44886ab5270d9114b306c9c8f3aa8e72d221294f
human-02960,human_response,open_qa,9558,response,320,180,0.006309,0.375,a0da11cb907caa2f6c5617ca91371d919f85d6d1fdbbb94de17d5556421a7a4c
human-02961,human_context,closed_qa,7725,context,215,132,0.004717,0.376744,cddaf60964f02322c2912572746520540295921d8019dd695e0317a6372d5e37
human-02962,human_response,general_qa,14528,response,237,140,0.0,0.417722,65ddcd42bec0d1d858ec1d5da330c9fb4a01343230d15ff3ac2be55a9faa3681
human-02963,human_context,closed_qa,5437,context,132,87,0.0,0.477273,426f78a42b23db09e26cfaca9f13ecaba46e7ac36835ac65fb82adcd7fc02f2b
human-02964,human_context,summarization,6284,context,283,174,0.003571,0.363958,3744a9b3bc07c93f41581f7891cae11f81c0d87edb71c7b3cc020ae147ff8b96
human-02965,human_context,summarization,5516,context,130,91,0.0,0.453846,3d95c4ebce2024c287cd045aebae4c72d4a11035f25ded4111bf85bb9183979e
human-02966,human_response,general_qa,629,response,208,132,0.004878,0.408654,1dc767bcc9e0bddc51d41d3fef29cfd79f38596788c6579cb0ae3f42c5f49944
human-02967,human_response,general_qa,7469,response,136,82,0.052632,0.5,f8ed917a744b1210d3f6371e0fb11ebc738aacc5a67c45189d2d5b726dc2e849
human-02968,human_context,closed_qa,7353,context,240,111,0.033755,0.508333,145689a0ad46ec5738e8709c346db0228ea52b8d795604c9d20ef17320fd7edd
human-02969,human_response,brainstorming,14169,response,368,184,0.008219,0.421196,6778b94e045dd4b3b16b2b28a044820dce5e66fc9721f4aa2652c648c8050692
human-02970,human_context,information_extraction,12225,context,248,107,0.081633,0.520161,44e0b742b7f0921299cbd68f86cfcaf27341d4b0395bf037688e392f7c60146b
human-02971,human_context,summarization,10483,context,217,116,0.014019,0.474654,2ecf23a2ef181edcc150145995c777ec538dd50545dd4f264df03cbbd260b3bb
human-02972,human_context,information_extraction,12033,context,321,169,0.012579,0.439252,6180e4c12eb52a037fdd47cb23fc68a655cf5430c2ceddaf97c0ba27c3cb76be
human-02973,human_response,open_qa,611,response,271,131,0.011194,0.487085,149a89350a1eba2314e7087eac4c42784674268dbeb08aca2e3bba763333fbbe
human-02974,human_context,information_extraction,7452,context,150,101,0.0,0.426667,f9264c1ae563bea65bb5ea4d340f34ea2007210470ab257e24e26ab612ae9421
human-02975,human_response,closed_qa,14199,response,515,259,0.005859,0.405825,64a1dfbcf26544d74a9d984412d352dff0ab69ac297d7a1133ec0396fb179af0
human-02976,human_response,open_qa,242,response,559,240,0.008993,0.411449,979f17e5115fcda5c22c4dc950fa24a18e5de1bb82c29b8b80f1f4d5ddcd8951
human-02977,human_response,general_qa,3025,response,130,85,0.007874,0.5,6606333e1450b768558204affe6445d1e2a7fe13eafb876d001052d7c3d09d06
human-02978,human_context,closed_qa,1831,context,216,136,0.004695,0.388889,9a4b2a76ed9e83855843fb7e040ee909879bf8a7de4e28c081e624997fe376d6
human-02979,human_response,open_qa,3403,response,354,194,0.002849,0.398305,7b5b4af733560ac9be329b35c5b7ec8125e8ece445a009fd758fde04fb442d37
human-02980,human_context,closed_qa,942,context,2472,883,0.030782,0.331311,17973d26bc7b858212f862ed55f56ef56413a312bf7f3783d08c739097850ae8
human-02981,human_response,creative_writing,5471,response,139,82,0.0,0.503597,5ed25de069996ad94cbdfb8ed1431c8b016ab3def3b86220b0740e7802a29e64
human-02982,human_context,closed_qa,2698,context,206,132,0.014778,0.407767,8268b77faad5633edc2178d1f226fc7908363865bc6e8687a65f90f48a59ff9d
human-02983,human_response,closed_qa,12463,response,173,112,0.029412,0.387283,0b40dbc0c93a0f7e8a2ff39612b80bb931a6338c95b2ccd0746b2fd54bda4ab1
human-02984,human_response,creative_writing,11427,response,404,226,0.0,0.34901,57149cc5993546e366bfc833362625cae52021c9df0a28f208d70195b5f9be0d
human-02985,human_response,open_qa,8380,response,135,103,0.0,0.385185,9ad3de87573af7659bcd09d9d4521c57758d1fdaf21c083b47ed18bae4055c67
human-02986,human_context,closed_qa,1384,context,257,145,0.019685,0.420233,a4de56501691c3dd4332bc95f112692969dd32394bdb88414708a60517b0c05c
human-02987,human_context,closed_qa,2748,context,148,104,0.006897,0.405405,4ab243385452f8127e874e446dd9d1f397839d81ea27d93220acab140948f59d
human-02988,human_context,summarization,5964,context,132,91,0.031008,0.462121,061eb02546adaa74a409d299070257c1baeddeb4d0b3177c2dd5a0bdb0a3a127
human-02989,human_response,general_qa,312,response,128,69,0.0,0.5625,550dfea9c1b46bbb8f726d61b4a9da3f7e92e1e3df52bc1a4af8b62bb1e66884
human-02990,human_context,information_extraction,1808,context,209,131,0.019417,0.454545,276e7aedb953400fabe69c2915e5d4ad923ad20ed35b643f518ddf713d289db8
human-02991,human_context,information_extraction,1913,context,267,151,0.011364,0.430712,aed57c61075ef8fa398b97eb9dcca146a9f8928806cd11de571299dc355d638e
human-02992,human_response,open_qa,10059,response,303,150,0.113333,0.379538,a3e073feac87e9dc9a71680d50bfcb01e90c8c05673daaf4406920c9283daa97
human-02993,human_response,open_qa,11525,response,432,237,0.002331,0.365741,3a2414e92e4a833ad1f984cf1dd3234c4c2f8a392a2b75bef4a9b0d90bdfdc90
human-02994,human_response,brainstorming,9924,response,166,100,0.0,0.493976,3342c3bc0b3752b3385660441c6b3fd0784cb85009373e93bf13dd9d96911e37
human-02995,human_response,general_qa,4329,response,151,94,0.0,0.509934,804f0765065cd4b44857a0d37963553b1721f7d148eb272b53262afed1ed30cd
human-02996,human_context,information_extraction,2354,context,214,119,0.090047,0.443925,7e92a352519728da2391ac6e44ee2e88b261fb8c38675bddcf1aece148236be1
human-02997,human_response,general_qa,4779,response,137,72,0.022388,0.518248,9d2d617cc8a48820838b8a2f4466c47bf5a62a9acaae10028ea6164eb8f3222b
human-02998,human_response,creative_writing,10962,response,564,242,0.02139,0.379433,c6cccff8b197af90644ffa4029429475018587fa904f8b02e819506c4e11aa9e
human-02999,human_response,information_extraction,10,response,1121,452,0.042934,0.431757,6b016663fe65a1bc26ac8633d707e73861da9a06a63f614b9eadcdbfa608da0f
human-03000,human_response,open_qa,4315,response,173,101,0.023529,0.520231,f104b3d0b4b203892a3976b840396d3e407a9881d455e6dd3d054beeea9b9700
human-03001,human_response,creative_writing,13979,response,128,74,0.048,0.578125,9ee64637c12d5f92dfb1ec39c313d6b853e2a28226eaf0acb4640a92b7539d00
human-03002,human_context,information_extraction,4024,context,205,111,0.014851,0.517073,3a1e5646d6a32554830f1b4c8742745c4647aeb99fa5e89e1933a6e657201e13
human-03003,human_context,summarization,14781,context,177,107,0.011494,0.468927,5d31628cf16f03d036eed882bc1e504f65b091bfd5e85f83d88f1862c18c8f20
human-03004,human_context,information_extraction,4951,context,152,92,0.040268,0.453947,545c2fd556672853629b03383cf3b564f9a06d673f7eb383926600d18b40fd24
human-03005,human_response,general_qa,5398,response,196,123,0.0,0.423469,f12cff0c297d3653ef2197b96aebbab732578ce1fb7551549440f253df5ce52a
human-03006,human_context,closed_qa,1234,context,159,98,0.012821,0.459119,2e1fdc268857ce080386a35bf3073806ce73d480df4ead68627952d6fe08975c
human-03007,human_response,general_qa,33,response,194,115,0.0,0.469072,c9fa4458af941476d181377ffff3c7d90fb35134604e243965f424cf45152d34
human-03008,human_response,general_qa,4261,response,263,151,0.003846,0.410646,a6960c2c3b45ed84a231b55411738434a07cefd58da413627a789169ffb9fa1c
human-03009,human_response,general_qa,4967,response,132,86,0.0,0.5,995e828bc89916bc7aacef7579d68636f585d820ce61fa1e0546accfa23bb553
human-03010,human_context,summarization,2703,context,156,105,0.013072,0.429487,41802d46895c2c567aa32df09c2ac3a7d04e83a7b92702a360f09fbd8f8628f0
human-03011,human_context,information_extraction,7534,context,133,76,0.007692,0.556391,74d909be8f61e7166744931ff65e322f3d4a5a35ab6170b6bbca4b401a03e00c
human-03012,human_context,information_extraction,9450,context,508,226,0.045545,0.44685,36401bbadd514c2e0746b5f8458846f189c1c4eab693e7f816a751420fa49efd
human-03013,human_context,information_extraction,3902,context,479,203,0.071429,0.517745,a99b5e5ee94f617b461dc58086c8a67bfa24940e3199ee3236de97193be53c43
human-03014,human_response,open_qa,14177,response,353,120,0.068571,0.541076,40b342dee7073b6d5a7a75f88466d6816dfe1789c3b13471abdfcbb9468aeeb4
human-03015,human_context,closed_qa,13017,context,536,281,0.031895,0.360075,5ebea5ac570c0167f5694fe64e30d4aaf06cfec0d2574524c7f3bdbfed3d4a77
human-03016,human_context,closed_qa,1886,context,238,140,0.008511,0.407563,84f0186bb5723eec249951be41161d2dd81f521b6971f1c6f79229b9f2134978
human-03017,human_response,brainstorming,6603,response,197,140,0.005155,0.390863,f45a798071a6bcb758c0a89a494ae5a8c692a2773ae8005b9221cde8e6523539
human-03018,human_response,information_extraction,10051,response,129,48,0.047619,0.775194,338c3e98651adbb8cfbff482ba3976baa8ef62763a9c0739a334b0a8942c3999
human-03019,human_context,closed_qa,10682,context,181,103,0.05618,0.475138,bbd251c01272ae1e19a7569927cbe5fffddfc4d7c4ba705fbbd9ac00379d1fd9
human-03020,human_context,information_extraction,13467,context,325,164,0.009317,0.470769,493739db10fd9009c7bdb4f28daefe640bb7d27911a7c3e86c9ae7875a916c31
human-03021,human_response,brainstorming,8936,response,134,94,0.0,0.447761,8593bc699fc3b43a76c84518765ef42ed2f72809b6b30d4812632491bf6a18d6
human-03022,human_response,creative_writing,11470,response,148,80,0.013793,0.581081,194885882666a5942d6ad97fb22f98583a058c64b3760b32df3ef009ab6d6bcb
human-03023,human_context,information_extraction,14813,context,275,182,0.0,0.352727,7854734799c54ff880ae83cc759d89c8609b35365084d3a6f40460f736702713
human-03024,human_response,open_qa,10490,response,206,135,0.009852,0.368932,1abc2d8a34ad943b046a36e3cdbdcce25b292a210767bc2d239ecf7a422371f4
human-03025,human_context,information_extraction,9943,context,223,136,0.004545,0.412556,b903d775a61d5c30ae2b6ce83b667cc0b5af5e30a802749af7a3967db1f87322
human-03026,human_context,closed_qa,2975,context,199,131,0.0,0.41206,660a41154dfd023e05baccf06c69549f7f4e4592132fc4b128c750325593379c
human-03027,human_response,creative_writing,11495,response,241,145,0.0,0.435685,88994197fd979c1dbcb8a0b05725affd521abf45afc64f40752a80231e0b9880
human-03028,human_context,closed_qa,14913,context,268,157,0.007547,0.41791,fe7c13c9d5a4816c68da4c8a6b55fcda62768c1ddd0fe2cc6ab019a5169ee1fc
human-03029,human_response,open_qa,8387,response,129,91,0.0,0.449612,eba7acae0a98cf473ea04a661a44a63dfdbd920c9a1cf1889c4e25d091922b9b
human-03030,human_context,information_extraction,7621,context,154,78,0.039735,0.590909,cdb77a492996c5e8b8bbf9bb67fd61f37829dbb6efb0562c44ac92f44be8a361
human-03031,human_context,information_extraction,9966,context,320,173,0.041009,0.421875,d7892d26d367a084ebcbdd2f89f22b1d718b6f17191241a8baff02d68f97a683
human-03032,human_context,summarization,1139,context,435,236,0.002315,0.370115,b724046062bca8e27b3e96ed42543c0f36358631f7a31add4a8d9b541ec4fe2e
human-03033,human_context,information_extraction,6230,context,341,140,0.011834,0.589443,61285b0c0b4eca76ec2bb5681c49c7fa158362e48aca9e96a373c4a9451432e1
human-03034,human_response,summarization,14170,response,225,141,0.031532,0.4,895dc664decc5440192c05f5c4c3f9218400d9c0c73524081d6100a76aa39cda
human-03035,human_context,summarization,3125,context,415,214,0.0,0.419277,ce1d9badd2dbf5ae90f12a73e5d033d8c7986ae8907e517d34845538d20dd0a7
human-03036,human_response,general_qa,6267,response,143,94,0.0,0.468531,e471986befc8bc091393755b5c1ae2ee19652f18323a618ec797ea9c441679ff
human-03037,human_context,summarization,12613,context,612,279,0.045977,0.421569,73023af67c773fc48c96ac4c9abd1134fa4853f8780b477b397bf36734b93344
human-03038,human_context,information_extraction,9169,context,657,324,0.022936,0.3379,c70e3a99f16d20241bc0c1654e9f6965aefc7836f990b5a1ff9c954aab3631a3
human-03039,human_response,creative_writing,12793,response,487,238,0.049587,0.386037,df4b81631fb0750f4bf2abf158135a73fcacb99042d059ce19ac7a08c8272b54
human-03040,human_context,summarization,12873,context,608,297,0.079339,0.429276,deb05e084a09474b39151c258e92c23dec79d4975ee3a0afe02a32d4f25fc2ca
human-03041,human_context,information_extraction,454,context,237,154,0.0,0.396624,b9cd48a24ccf994e7b0e2962af30e7ce9fba1e50c0c9aac5029eea501d33dab3
human-03042,human_context,summarization,11638,context,1170,478,0.029135,0.332479,0d6c49a33cfad255e0e249168ec9587f1b616a706db7b4ebe41a86ba9b9b4dc1
human-03043,human_context,closed_qa,3518,context,168,106,0.036364,0.416667,e330053f3271a510fd148d86461de275ce3ceaee0bf118af4001d5336a908cf5
human-03044,human_response,creative_writing,13385,response,248,116,0.089796,0.532258,3cf32a9f0e96fbbf8d9bedf3148deced6fe1029dc3b81466ace15f86a55072fe
human-03045,human_response,brainstorming,1705,response,298,171,0.0,0.38255,28ea73944266a76d5efb1ea2783c2ad1d339af7094973ffd72dceac20d68b652
human-03046,human_response,brainstorming,4464,response,144,87,0.014184,0.493056,1b69b09babb661efe26a1f74c3d9ef9cf5d715cd220e8b8e19155d71079366cc
human-03047,human_response,creative_writing,7395,response,828,430,0.015758,0.300725,de3abb77ed5a9cc057fffaeb6ac3a5951381afd392be01442ea52a152e3475bc
human-03048,human_response,open_qa,11202,response,162,91,0.006289,0.506173,f9de3baef221426966c71a9034dcb307b82b90c93f136156ef29a4b60ea8d1e5
human-03049,human_context,information_extraction,7974,context,173,107,0.005882,0.473988,8e4569536609f1119aa5f2b3d84c91ee76d7bfac09bdf43db5eeea8354297224
human-03050,human_context,information_extraction,11142,context,152,107,0.013423,0.414474,ad569859dbd5c7183b781eb734a374ebfe23514073ba22287596925e8494cbcf
human-03051,human_response,information_extraction,13075,response,261,110,0.131783,0.501916,981f84b1d66689898348f52bc69093edac16d73933ed92dc256b19e78a7dd627
human-03052,human_context,information_extraction,12281,context,365,215,0.019337,0.361644,063026e43db6cfedea8da12200ae9e821245d365d699b893096d4844566d8547
human-03053,human_response,general_qa,10066,response,137,84,0.044776,0.532847,1215e3060ce848531259dbae783a746e6fdff2a21269a2a29274bdc484f32303
human-03054,human_context,closed_qa,9255,context,143,75,0.0,0.552448,bab8fe508886df16ff2e53df45d491a1c612dbc4e04fa284ec41a45d87a3d6e3
human-03055,human_response,general_qa,10097,response,224,121,0.027149,0.473214,d78dfb229663b9b95907825f74b486c8239f4c9c1f3beb0bbe8fdf9fc6ec18ac
human-03056,human_response,brainstorming,8494,response,174,86,0.052632,0.609195,5a0cb13c2781f87397ad6243b1cfbdb12976471554c7f7215f636f4f7a82e372
human-03057,human_response,brainstorming,3906,response,134,89,0.0,0.485075,0095b990f2dcb84e0f5fb726f5abb458fc9c13b35c02cef0d287950388900e6b
human-03058,human_context,closed_qa,1657,context,168,79,0.042424,0.589286,56d1150144d603394f4626350be7a6bc3f234d008b6e7f29873820e1e92185a0
human-03059,human_response,closed_qa,9999,response,362,188,0.019499,0.411602,c00b9244483cfe80029813be1ab73ce981ebb63330e505ed4744d6acc1bc4180
human-03060,human_response,brainstorming,199,response,160,92,0.012739,0.475,2ecb547e88a2bb80d844f46282693d502391f7bab741546eae13835929b8ac2f
human-03061,human_context,summarization,11341,context,153,100,0.0,0.437908,fd8b3307896c0803e618982bc11db7fcc53b7ef1e14a193f657b15a93e965152
human-03062,human_context,summarization,6321,context,1027,389,0.023438,0.361246,a06d7a42acf7008098f4530ef4d36eec8e75cfe336c6215501557267a9916928
human-03063,human_response,open_qa,4225,response,380,184,0.023873,0.460526,4ba6fcc0045d288f789c8f771a87cf2a1b4935f93dcaa301696688ace4cfd84e
human-03064,human_response,general_qa,7703,response,393,196,0.010256,0.427481,ff15f4542530f7e33af9a5a3d500a5c4c87c1ab55093c8efb0dd2ba3ee319562
human-03065,human_context,closed_qa,6849,context,268,97,0.10566,0.600746,1ab221d3baea9ccf3b0aebe047fa29e50b725795baa3eeeab4e08991f77b6e1d
human-03066,human_response,brainstorming,13130,response,192,120,0.0,0.40625,79c562eabb63b4b410ba8fd8aac356908640b2670f1fc7e7474e35fc6053afbf
human-03067,human_response,information_extraction,1018,response,466,215,0.053996,0.433476,4d2c0c5532cdabe51e21ab494966a8f7c8fcc792990d10a67da4b25812b2cec9
human-03068,human_response,summarization,9433,response,226,136,0.004484,0.411504,b80343221b233573c08dd26341ede2e31ef279c9ed743d5495865c71a2279b1e
human-03069,human_response,brainstorming,4501,response,207,91,0.058824,0.550725,189ccbea77d65a557847869a114d5e9d50ec4562304c916b455168f8fd4780d9
human-03070,human_context,information_extraction,439,context,242,149,0.0,0.413223,1955cce7f1d2fc3c88cf034ce3455e0443bdabbd7f9aae6dbfa114cce469ea82
human-03071,human_context,summarization,12804,context,317,142,0.015924,0.444795,56ec047adb64285cddf1753c4116b73fe46123f66786f4bdbe8ccdb4bb719a17
human-03072,human_context,closed_qa,5002,context,503,192,0.06,0.534791,76410f3b44f10665d3daa43ffc0324afb9332e11eea8f5e041947864cd191c87
human-03073,human_response,creative_writing,7722,response,186,94,0.043716,0.494624,4f557f6eaabcde2a5ccc01c7e230d2fdc9ca85268c0e2e203f36b427a1cf4847
human-03074,human_context,information_extraction,3973,context,312,188,0.003236,0.375,a17c29bd17075be6aef0763646097373ec136a546c7da9240bd35b255967ee20
human-03075,human_context,closed_qa,6496,context,301,160,0.016779,0.401993,ec0a993ead7ff30176de93482d7b5e948fa06c534f7841148534189dc07b517a
human-03076,human_context,summarization,14475,context,906,328,0.096346,0.397351,981ab4e1025b061e4f3768e7bfdd2fa1a1712ef26ff1a5e1900d3619eaad3737
human-03077,human_context,summarization,3986,context,160,115,0.012739,0.35,601d32cf7527cb016aa5974bc1d416677c21114272f6028cc39eadf4db5ddc82
human-03078,human_response,creative_writing,11628,response,856,339,0.03517,0.385514,6904667729a8303560e3d80909644a2c89330e8be42249b449ec781392a09064
human-03079,human_response,general_qa,1118,response,229,145,0.00885,0.371179,f7fa85f3735114c1a5a4b001c249b25eb6cbdbd5e8001c031ae4da82df5eface
human-03080,human_context,summarization,1884,context,165,91,0.012346,0.545455,0277151d10683e69610c45062771f188861fff76a91e5dad145b85a09e11c920
human-03081,human_context,summarization,5822,context,153,104,0.006667,0.405229,4676782d843d9ff65155915829645372c7c178e3708b5accb51bd92d50781d15
human-03082,human_response,summarization,11479,response,240,145,0.008439,0.3875,36964fb2bee2e667ff7877bacf5370a4e4a90c2688733e0d43d82265008bc389
human-03083,human_context,summarization,13829,context,163,96,0.0,0.472393,2b10c3fec95550c5ae86614f1630326a16fa331453c81f1bbec97fb5e3439cb0
human-03084,human_context,closed_qa,2116,context,304,186,0.006645,0.411184,e04b3f3c9f33e4203ec3c5c2c219d20a1e9fe60a312ed66c6279dca354be6537
human-03085,human_response,classification,12571,response,168,104,0.0,0.5,9e854920453e7b105ec920639c70118597ad3b11bb9a3d78915bf01c42e927e5
human-03086,human_response,brainstorming,4257,response,167,119,0.0,0.389222,34d43f16d248436054b453eee755b3101dcd09f2562e5e4c71f28baba0088800
human-03087,human_context,information_extraction,10377,context,190,115,0.042781,0.421053,758bbeef6d9476fd6d204568c246f59d1ae065878bf68af7be38f7a48235eb5a
human-03088,human_response,creative_writing,12912,response,153,90,0.02,0.522876,548a7a80a913c8fc6ba3a2d8540ed64ae83977f849ae120f715a66a7344d7481
human-03089,human_context,summarization,1316,context,262,156,0.011583,0.412214,e423634d5fe552209db373c9e7afa3f2fc43e41fde4cd83d9098b54a5b0aead8
human-03090,human_context,closed_qa,2949,context,214,150,0.0,0.369159,b6ce0a9cf82d8235ee77b3edd8dc49a0c722da126e880ff553fb05b50841d529
human-03091,human_response,general_qa,9472,response,201,134,0.005051,0.383085,14fc82bbc61525b41d66209166661fe21723d486b92764049b5eb022e8edf4e1
human-03092,human_context,closed_qa,13905,context,848,347,0.043787,0.400943,ba83ff2dc3867bf2cbeecef38a046de8ef1d58338fa7bab8b992935156c6af80
human-03093,human_context,summarization,12265,context,263,128,0.015385,0.494297,73013c053a78e50cb0e04ebc000a3fca8f13c3b0cf89df88afafee2ab368f733
human-03094,human_context,information_extraction,10952,context,595,291,0.021959,0.369748,495d88d52105ae99d38d3ec9aa6a0da126d10bb8e278296e44815da27c73ccc4
human-03095,human_response,summarization,4266,response,181,97,0.016854,0.497238,e004083f431f816cf78f3dea0da37de3c5189f5664a3417b2505a662108421ce
human-03096,human_response,brainstorming,499,response,337,181,0.0,0.37092,f78239c592af78c749f86aeb315ff3af662d0571256e58417f1920288567fbb7
human-03097,human_context,closed_qa,13508,context,155,102,0.026316,0.445161,8c6ca89ed2bd723a495c2d66b62c5952bc7840012d1d7be24704a916bcdf93c7
human-03098,human_response,brainstorming,406,response,248,127,0.016327,0.5,3c5033780486b825820c73c9d1c1a71fd7be25d50b5523ba0313ad376ab2785d
human-03099,human_context,closed_qa,936,context,206,134,0.0,0.402913,a7d9d0521d59830e57a1bbcfa6c765e116949f75e23dddf8a3069aa8616e2922
human-03100,human_context,closed_qa,7239,context,298,143,0.016949,0.486577,bfc2ef7f190dc3c7d0b51a025bde894497642e228186be66227f1a1c225d34b3
human-03101,human_response,summarization,14783,response,315,149,0.019231,0.425397,3c52a941fd88174214c5f0326d32e0f7719a4f1bbd2aa655c979a39d69fc8ba2
human-03102,human_response,general_qa,5768,response,139,87,0.0,0.482014,46ebb0a55d1cf24c0467c67fc33617cbbc9a656ffe2b2c8ac630fa9ae102307e
human-03103,human_context,summarization,7000,context,129,85,0.0,0.496124,c2835ee8c6086e51fff215a6a6852e3319c665f6f97f0ddc8df7d8e55f06c672
human-03104,human_response,creative_writing,12637,response,264,149,0.015326,0.412879,67d453a29993e967c8620b0a904e665d8a3b054525d84711baaf9cced0dfd46d
human-03105,human_response,general_qa,5898,response,162,88,0.0,0.537037,62ede7c0ceb5a8d3f0e9ff08d2de4be7d10960e873dc9f3d495100b4527cb8bb
human-03106,human_context,closed_qa,8347,context,334,178,0.003021,0.422156,2c6568575e3ee5ea11f2b850e16d47843afed6bf941e94ef6d5a0076e972c4db
human-03107,human_response,brainstorming,350,response,142,41,0.302158,0.852113,53082e9b761cceecbc0069044b8e5827fa35e16a59c682deb6a4758c5ef6000b
human-03108,human_context,closed_qa,13855,context,140,79,0.014599,0.557143,6be5bdef92b73495631eedc28c3dbc81c3bdbbaf09dfd1177365d1c54a57e8bb
human-03109,human_context,information_extraction,943,context,2096,513,0.163402,0.463263,38bd33b0f3af45365c1af67e50ab31a25dd5a3ccbd4e2f4fdc486e88e3f4e228
human-03110,human_context,summarization,8276,context,195,113,0.010417,0.435897,bedafcb3a94f416df2f8fd18e24bcc3e49a5dca65139319203f40a675ad1b6f8
human-03111,human_context,information_extraction,14686,context,195,117,0.026042,0.415385,8a51a1f87db8e0d1837b47bf7e4c4449910aebfb0c5ef1b5e9d1f915237164d5
human-03112,human_response,summarization,1746,response,269,131,0.011278,0.475836,2887bb4a0ef750cc32f6facec92f989a66060da7aa5c40b038cba8255dea2a51
human-03113,human_response,creative_writing,14679,response,143,100,0.0,0.433566,710f536e9f60b1814dcb253e6dc4b7b37636cd7bf5de9553e7f7856ce7b4a295
human-03114,human_response,summarization,1223,response,183,100,0.011111,0.540984,5f2d46ebea145bf5d3690b12ae4b6f83702d2ab826e660c8ae12a355a21f0d52
human-03115,human_context,closed_qa,1644,context,144,94,0.007092,0.465278,946c2b35f84f910df36e1938a622e5c2339855475de04493a702618c49d3fab3
human-03116,human_context,summarization,7032,context,295,164,0.010274,0.427119,0d1df371a068aa1dcd64e11a2cecf5c93d624a07be87d97a0be60dedb4520977
human-03117,human_context,information_extraction,536,context,223,107,0.022727,0.524664,180cab3d2d86a504d1aa8628c90d1d00a20b27290e9dffa7cac01cc459160b95
human-03118,human_response,information_extraction,10224,response,548,272,0.016514,0.425182,a143199aac185f1702c2c3694830a722755c81b2c429cb73ed84a5c957b85218
human-03119,human_response,open_qa,12830,response,207,113,0.014706,0.444444,dd1405ab2bd93818900cfae28ea8fea653e89533fdaa6a73ccdc7825e3965b57
human-03120,human_response,closed_qa,4187,response,139,89,0.0,0.467626,3d5620943a4204ef8cc375f6b5796c52a043b4dfc34cc739f5cbf6358a3d1990
human-03121,human_response,open_qa,940,response,128,90,0.0,0.453125,e1818fb55881004bf32d2e8a74afd83a0546cf4f9d5bdc802dea56f7f0cba098
human-03122,human_context,information_extraction,12758,context,367,216,0.019231,0.381471,53e30594fea1f2a0bc9bce08780835772026722bdb982299cc53b47e8f3860a1
human-03123,human_response,general_qa,10834,response,278,124,0.010909,0.47482,16b26f594952ecc959e01d3e78b8f1475e2d71c0d294d0036c5627a92fc97c1a
human-03124,human_response,summarization,9051,response,189,97,0.010753,0.550265,f4dd21cb3f34f0ae1d9d81785491de9fdf6a8fed8693c51869258fc886556dd8
human-03125,human_response,information_extraction,14598,response,163,37,0.33125,0.895706,2436be0b96915751be335817a7f0f0eb09067a4d23c9f956fdcbbcd2f0c5f6d7
human-03126,human_context,summarization,10155,context,992,407,0.050556,0.426411,655a492c70de347b2b8e44bca5673175f2985244dc242c31dbbc6adac99a980f
human-03127,human_context,information_extraction,8938,context,205,109,0.039604,0.502439,9895fffbcc6f9aed7d5bc342e77d77fc2f1740737c1dcc870619116f789c37c7
human-03128,human_response,summarization,3428,response,161,114,0.0,0.36646,c920c64e6f85e8a65b3e8cc6385d424e62975cede90d0f073eb8146edd4f1978
human-03129,human_context,information_extraction,10773,context,277,147,0.007299,0.451264,3fcc26f30cc3cc94745d3b37ae62b08c4618839e378878cdc0e17f3929971666
human-03130,human_context,closed_qa,9716,context,268,152,0.0,0.406716,d7a5a440131ab1f19eb90f7753d7de813f33f61c9df50ce7c51752b628081a0d
human-03131,human_context,information_extraction,11178,context,145,82,0.0,0.572414,64c2325b5fe0f47b6eb048a0eeb0f65139eab4b684fca1677f9909a717a55c98
human-03132,human_context,summarization,13096,context,304,157,0.033223,0.440789,7025a16890c4e4740601f0b885dd3643f980d9bedcb0a70a425da78f75bd559b
human-03133,human_context,information_extraction,11980,context,155,79,0.006579,0.593548,4377e40ba9c9e2ce79a159483566f820aab74611a690985ac5da7e9e5ed4b5e2
human-03134,human_response,summarization,4684,response,133,92,0.0,0.458647,ee477c83bcd3ff316717ce5d1b880aa99ff6f19cd145671dc0bca45c30580a08
human-03135,human_context,information_extraction,5422,context,184,110,0.0,0.456522,5ffe027f650331b491120a936d856fa33b1eb4a14cef40b19822ef575d935ef3
human-03136,human_response,general_qa,1616,response,184,117,0.0,0.434783,00f617b359fdaef0dee9f3b0ac5d42eecc6d94fa730958a6c895ab5bdf5323ee
human-03137,human_response,brainstorming,1507,response,174,96,0.005848,0.563218,4b88e9cdbf1e1c50873a144646d80d79a19b0afc0d6a443d846cdc11b4b24750
human-03138,human_context,closed_qa,3829,context,246,139,0.032922,0.471545,70d36194db5b03b999ecc582f06dc987d7a9f6b97a08c5fb28ec174f206fc138
human-03139,human_context,closed_qa,9205,context,156,92,0.0,0.519231,8aacb6546b985a2ae650b7e2f924f8da12f16fccbcae45d890cd08fc26307f70
human-03140,human_context,closed_qa,13470,context,163,99,0.05,0.484663,999181eb0b8eb22d6a0b14f06004726011e7a1fc1593c92103aae510ab1e95ce
human-03141,human_context,closed_qa,1639,context,185,109,0.027473,0.443243,39d3c98cd6a3bd056e3dcdc45ee83adf5c111deadc36de12152fd8616c7ee03c
human-03142,human_response,general_qa,1947,response,260,151,0.015564,0.384615,31cecb3c2f9d633e52b0b1ec611d0a8dabfc293debbac8f629306d2a8c6ca4aa
human-03143,human_response,general_qa,10164,response,200,119,0.0,0.45,2c6fd24d92c8b1a740cbfaff573d275b19cacb738ff8218c126b5dd5ad1f93d9
human-03144,human_response,information_extraction,14814,response,470,206,0.066381,0.455319,ab1699cc6b3605906d9d98ae1d4632b08b3e7e4020908a94c2da03857acd0c25
human-03145,human_response,general_qa,5138,response,226,101,0.071749,0.539823,cdfce5fbe06e025154199c28855e0caefa5196a9b7439fd78b735cd8ece59577
human-03146,human_context,closed_qa,3187,context,430,222,0.016393,0.381395,e3e1a2b1bbf9c2611d51c8874dda639be67ac5839535b19fa3e73eb1099ad91c
human-03147,human_context,closed_qa,3119,context,263,135,0.111538,0.505703,3b896e2beff9a28a4ab5bde90ab6b8c339cd0dc5d218297808a2367056748f06
human-03148,human_context,information_extraction,2839,context,380,170,0.100796,0.494737,58176c2f1a71fabc39663e6cb346ede1c0cef5363610ef766d90ff98a234e803
human-03149,human_response,general_qa,9073,response,131,76,0.0,0.549618,0a3253fec12462ee13068ebdf085099f47b6fe61dcb43a284ea7eb54d9131984
human-03150,human_context,closed_qa,11614,context,301,151,0.043624,0.468439,0333c414f570e7200168d59ef4e5459eaea4bc2b040f6fe46ec7f2533f33ff26
human-03151,human_response,summarization,4005,response,306,173,0.006601,0.421569,0c4e24c4ee35bb39d132eab210158ef26addf1d778cab36a0da8530c0a5a545b
human-03152,human_context,information_extraction,6597,context,1273,490,0.033071,0.367636,63d376332b7a209ff8e63196927863fc095929ffd68a04286f0c102e352f53c3
human-03153,human_response,open_qa,1689,response,343,164,0.044118,0.41691,5b31fe2ca6fc724aa76df708c59bc1bde05a83048936d2e2e73e4e29e1fd575c
human-03154,human_response,brainstorming,7867,response,341,153,0.011834,0.460411,91f99f98ae19a491d3749711e1d4de4a88c342e690fe679dee44fca8e582fdb8
human-03155,human_response,general_qa,7690,response,163,95,0.05,0.521472,57eebc77f65a28d32048005055e5adc127f76062f3c71ddcd5034af3511944c2
human-03156,human_context,summarization,684,context,269,114,0.026316,0.498141,e1dcb3b03bd8825b80e0b3167e5f35218f0477d184a41bce2e5098f21fd02d62
human-03157,human_response,general_qa,4181,response,204,112,0.00995,0.465686,11729d90af14a7d172f3086c50d958b20568b9bda53d5c39139f12cd4638c625
human-03158,human_context,summarization,4244,context,210,85,0.101449,0.638095,e68d69d2b3c4d5c4c259a6d430d02ea397f25076326cbfc07ea79e9df52ebc7f
human-03159,human_response,general_qa,10075,response,162,104,0.0,0.438272,15e9493f4dcd0d4b87c16fc1af99a5d80790311bb7d331239f97c8ad62387fe0
human-03160,human_response,creative_writing,11423,response,271,139,0.048507,0.494465,fe7b09e04a995dc0eecd7b44bced8cbbd26f3d83b93fbf235f58900841e21040
human-03161,human_context,summarization,4326,context,190,107,0.010695,0.457895,b2401b010831dce82e69512ccfe8364608b023e82b26096e978d235627c402b7
human-03162,human_context,information_extraction,2948,context,234,136,0.038961,0.440171,98023472dba3d17bfbdd877da27f9975c7567924ca85c6ab595ee2aa52c66866
human-03163,human_response,creative_writing,2803,response,133,86,0.0,0.503759,ba0ad01b8142ee92c169c3dd7727f1a64dd1ce3c130b48d0ad08042f7e76c01d
human-03164,human_response,general_qa,7123,response,156,106,0.0,0.448718,e758fe15609aa0d7cfa3913bf4f7ad7028eb6047dd24f3528ff846a27293585a
human-03165,human_context,summarization,3859,context,148,85,0.02069,0.540541,883c732665b12afc989581d05073f4a1143cceaea232a85988ff7bb8406d3c28
human-03166,human_response,brainstorming,13041,response,287,132,0.038732,0.501742,9426359e08ff25889652850ba7ed06f703bb293aec5113b0b1d49c62ef75ee61
human-03167,human_response,general_qa,2438,response,205,139,0.0,0.4,f9ad2fcd704a5a56be3ac3bd9a07e9705efe427a3cd71d6d4a0461c4015d8768
human-03168,human_context,information_extraction,1251,context,193,103,0.015789,0.466321,6badd4871b7c895bc9e643962ae2ae5c1431fc0bfa34c2b5930fde8943c4b237
human-03169,human_response,creative_writing,10064,response,211,116,0.004808,0.478673,19dbb74f06d747642c566346d5b08f246b2916a92174e75196ce9edbc6eb4a65
human-03170,human_response,creative_writing,2606,response,165,88,0.018519,0.539394,296f7c48973012a33860313dbe3a8630ccdf75d1b036f9354562ec70779f5839
human-03171,human_response,general_qa,10655,response,140,85,0.014599,0.521429,eae406e07de514ff415bcf554a25fff84169b369df4181c6188c92c1aa2ab9b0
human-03172,human_response,information_extraction,8913,response,358,198,0.025352,0.329609,8bbe3b9df09bfbd26adb2173c494cd430e7a4fa65a8a36c096f8ffc781b3d85c
human-03173,human_response,open_qa,3022,response,178,93,0.022857,0.533708,340300bb4d4682a80989e667ff797f4b4647389ced87e33cdd18bf7a95cc70f6
human-03174,human_context,closed_qa,11567,context,651,275,0.020062,0.385561,476e35d1c9e0587b5f5e8aa810cde436d0cc722f56abbcaf576e9bf70ce9e80a
human-03175,human_response,creative_writing,5657,response,219,139,0.013889,0.378995,c2e41e29f1f2298bd3110791d1f0f67168eff5bc30d916ea0917a8029797b954
human-03176,human_response,information_extraction,13547,response,203,117,0.07,0.482759,f414ea308341abf2f054106a9e70e19c30647b1633827322e9335ecc0ef8b3ab
human-03177,human_context,closed_qa,2052,context,147,104,0.0,0.414966,8b3a4617d243fb1f3382a71390624fdd81a7669ec034382eb757a515bffcbab0
human-03178,human_context,closed_qa,1520,context,146,87,0.006993,0.5,af24142e27836d061395c031dc7bca889320512a9ce2e313c848d4301259457c
human-03179,human_response,brainstorming,8388,response,184,77,0.099448,0.690217,7de81b0756c4238b1b870c102454bb1da3855453a28b099ae0039e96fd27fb3d
human-03180,human_response,open_qa,3327,response,157,106,0.0,0.433121,4c5bc2aa0c5740e0ca9377ae3a7162aebfc9fe774132c3ced57dd39916704e25
human-03181,human_context,summarization,10306,context,306,152,0.075908,0.477124,690f9de6ef98ec3d82e47a9a279ba77eb43ffb1fb764ebaa9bfe694994a9d8ed
human-03182,human_context,closed_qa,10839,context,162,110,0.012579,0.425926,7430299c8fc914d90bcc2492ca9f4d19918d68ef7cbf835c7a70c06ef6e3718f
human-03183,human_context,information_extraction,5314,context,480,256,0.052411,0.3625,fdfd5ccc028ed1e80a3fe7662606d5169632091159d9ce41e1839b2ce922e5bc
human-03184,human_response,information_extraction,9663,response,331,169,0.045732,0.425982,7d366b7f6bf179feff4f536b6fd7d17c3fc3bd731deadce0649a3911e8a716cb
human-03185,human_context,summarization,14036,context,219,139,0.013889,0.43379,592b221d2d5822319c3ae1ed456fde712be77c8a1cf9bfd7af00b694e11ac2ec
human-03186,human_response,open_qa,7058,response,219,110,0.0,0.447489,ff614a40363c46eed88aa1ab621fcffa3dd97e1bb12424798137e8b1aa499276
human-03187,human_context,summarization,5324,context,243,140,0.0125,0.432099,1c6d23c944c3aac3623a4a3daf76e9a746750757507a641e83d8758018493fbe
human-03188,human_response,summarization,8717,response,264,139,0.022989,0.424242,e5335fc1484a3c8fb61396b4eefae2ba7ecbe7d107cbc41c0f99824650e5083f
human-03189,human_context,closed_qa,4273,context,213,114,0.028571,0.478873,777a1bf8450e76561fae888546dbd79297125ed28973abcf0c5ca916583e419a
human-03190,human_context,information_extraction,13907,context,179,93,0.028409,0.530726,a9a085f0f4908e293147108d00a5ecd03ba45ffb2433dda8acb2756de8f1c0b0
human-03191,human_response,creative_writing,1098,response,890,444,0.003382,0.31573,1e6e6e283cccdb2547c40497ece17f94e3332a57fc1dbedeb02cdc0a65c7ac5d
human-03192,human_response,creative_writing,12052,response,482,234,0.008351,0.437759,094b69ca4b46640c64c42554f78af849cf8229523d05a95fab19dc1b3658046c
human-03193,human_context,information_extraction,14548,context,161,97,0.025316,0.465839,ac1c382d9a63ceb7a5dc942cd1b21e09adf522efdc9823747dacb0f84921a9fd
human-03194,human_context,information_extraction,1438,context,197,110,0.015464,0.527919,939b852101db449cb26654931f3ab106b8b2b77cb70a490bf10c8b3140f61f80
human-03195,human_context,summarization,10867,context,189,113,0.021505,0.444444,c34f71626708d5c195de30ba9e8d4dd4dbef5e1642a4ed311af505484a5d5e9a
human-03196,human_context,closed_qa,14339,context,278,147,0.021818,0.456835,f131848ca94486cd9a5058db7714113805c9adf590b516452179ab4992447c03
human-03197,human_response,brainstorming,1365,response,129,91,0.015873,0.449612,b7ca442f93b7bb405c4350d9805114d9951f6d72454a43cf9a10077f4ec41f63
human-03198,human_response,open_qa,5980,response,267,143,0.064394,0.479401,1755968d2510b158294c520ba71e9fd5fb3dee942d8b6f06c9145fa89aedcdc6
human-03199,human_context,information_extraction,6654,context,161,84,0.107595,0.590062,418764a84f986c48b91af7e8a6b90440e626d20f4189c1f2dcf490a17660194d
human-03200,human_context,closed_qa,9222,context,146,95,0.0,0.445205,56a0a05e51d2a4f1ce1e9c570dcaba2c6b9b1f6ab941d20fec64b6d46017b1d3
human-03201,human_context,information_extraction,7257,context,149,95,0.013699,0.47651,99a0753b9199415817631dc31d93c3b4dde33b6c01af087a4db292543d4f92de
human-03202,human_context,information_extraction,838,context,373,162,0.07027,0.512064,8257bd241f650236313230ffd52ee98e83d268bfd1aa5102971efacbee602536
human-03203,human_context,summarization,2564,context,332,207,0.0,0.35241,7d13dc9e51940fee34fa5676048c95778ede8d575ef219d1849ea90762c1367d
human-03204,human_response,creative_writing,9981,response,372,176,0.01084,0.456989,c5f19d0e5def5155fe7678f40d6fafc0ed115a0049c56e47ece8323bcd853c7c
human-03205,human_response,creative_writing,8218,response,472,253,0.004264,0.389831,81ec0432013da94621961a4cce23f3ba864469c79b8e47489c2f420a69512b2f
human-03206,human_response,information_extraction,4307,response,189,112,0.086022,0.502646,772f5f4b951e630948add2b2e0032ef2086526d27d242e0a351366dfdd83dd3d
human-03207,human_context,closed_qa,2774,context,165,97,0.006173,0.466667,b74338de43a81a5223fe647a7b924bcd1fcb0e85911ae4db3637391bc8560a96
human-03208,human_response,general_qa,13592,response,149,78,0.068493,0.590604,b605c6d1d92fd6fb66e3ba2049a8a061f5629ce36b2aad5365c0766126ddace6
human-03209,human_context,information_extraction,14376,context,232,112,0.0131,0.512931,f81672717a726571950b8d8f113a9d6b34df4001a1dafde2485a90fea3b55603
human-03210,human_context,summarization,12322,context,322,163,0.021944,0.403727,f12670452b060d76ddda4a0aec8824cffc0c914c91a494b6b4a59f1709da6774
human-03211,human_context,closed_qa,6334,context,269,119,0.06015,0.527881,97c586391802df3c3c03820a32aaaab74d4cb27e435b4aa0c70ef0c636069f56
human-03212,human_response,general_qa,9367,response,719,291,0.034916,0.388039,865724dfd6e6336b9c23ebece43e26cc495e42ee81e155847efc10e97b100046
human-03213,human_context,information_extraction,12908,context,372,188,0.01897,0.462366,9d3d66bcbc959df4d9f4e477c5583c910e9e6efb296a37683e125f6837d45276
human-03214,human_response,classification,6147,response,212,137,0.004785,0.382075,c4740eefb9041d5065b07a98ff0b175bf6e8696c48df473cd2da49c008f635d0
human-03215,human_context,closed_qa,14917,context,476,257,0.031712,0.359244,86aa353744aa2e5106fc65da77529d103dc8cc0a79a83fe2bfe540cd42fc84e7
human-03216,human_context,information_extraction,2188,context,703,325,0.047143,0.398293,f5faadfe223ece1191bbb9cdc9b85925fc62992fb5844bdaf152d5f9a777f617
human-03217,human_response,brainstorming,2037,response,267,155,0.0,0.404494,110f8f16bdb61a1b6148a91089f70178b848481a1ade1ccbb26ac32f72684383
human-03218,human_context,closed_qa,1999,context,363,204,0.008333,0.347107,40d2a71cc7e4b43a3d67a22a536aeb7d67c65e03e95a9538669d1167bd4aa354
human-03219,human_response,brainstorming,9085,response,194,124,0.005236,0.417526,a15f4f43a2a093c9f00c5a8eed79357ad149bba9d0816d3234ef0ba588f747bf
human-03220,human_response,general_qa,2190,response,270,160,0.007491,0.4,31308ba2c4121925a7727ad75ac35a0f18ee7cd5aa2040c61fb4b7519197d003
human-03221,human_response,open_qa,6470,response,494,239,0.014257,0.42915,7f10ab6d125a8f6922ae5fbfb117693ce3fe2dffa79dd5ca0de83be55da59172
human-03222,human_response,general_qa,11247,response,153,89,0.02,0.535948,75e592551b704f4ddacdc608a3ccda253d3900ad2aace743420c06dc6067ac1a
human-03223,human_response,open_qa,5556,response,194,115,0.031414,0.453608,69748be3ff2cec1a0be8617ad800544c1f41bbc17e7e6211a00957f11a5070f4
human-03224,human_context,closed_qa,664,context,236,141,0.008584,0.436441,78960a40298033565cf459d49d3d0d4ef424fae59b00c36e3e1230e9bfdd3ccd
human-03225,human_context,information_extraction,12088,context,316,195,0.01278,0.360759,60f96522fd57da156ec54124e93f95b60a3dd877fd1691d9990c5d7e5dc33e18
human-03226,human_context,summarization,14171,context,452,242,0.006682,0.35177,4cde4476159ebffc9fc63640045c5321d1e7a7d7795a173ddd3d78451c25e8bc
human-03227,human_context,closed_qa,5737,context,307,179,0.009868,0.416938,236a27effb27bffe450855b05b237721da97cecc09cc9601e6bc14247a8a761e
human-03228,human_response,creative_writing,8072,response,180,105,0.0,0.472222,a87d713d3cc59093e8e165199cde803c2d45fa3e0579e2e8c9549d1e3965e2a3
human-03229,human_response,general_qa,5190,response,130,83,0.0,0.507692,1b1f4de91322a524c4e394a65ec48af61b1c28de5b13ea286ee322dba26c06af
human-03230,human_response,summarization,9861,response,128,78,0.0,0.546875,018637ce83ccfd7ead587926950546a0c450a5f43deaec5722ce1c037328130b
human-03231,human_response,brainstorming,2173,response,163,88,0.08125,0.503067,4b3b49fc66769bfbd068d79d938719b6cd523a1eac4a73423bf904973b9a22be
human-03232,human_response,open_qa,14349,response,292,166,0.00692,0.44863,773c98fe293c628ddf5402167fd22f3099714dfd498ff413043a67f564c93416
human-03233,human_context,summarization,1896,context,368,206,0.024658,0.383152,4242dee80ddc4b375dcd1e73feb2f21f04a80412c1d9c7a97413751bcf20d819
human-03234,human_context,summarization,1716,context,137,78,0.022388,0.547445,79285d29c19790c33c48dfcce36b31939a810ca638c79ed092b25997d73e7713
human-03235,human_response,information_extraction,7096,response,586,190,0.075472,0.520478,82cfd8b62aca5f71791079e8bdbe6d76bdd986ac56036bd62cbb68f0a89fb5b2
human-03236,human_context,summarization,6714,context,285,124,0.134752,0.512281,468ef225b16a94d7aa66ebac2c8332d14ce5ea355ba7b854de5fd85536f1a77e
human-03237,human_response,general_qa,6490,response,369,184,0.013661,0.414634,6fcbe86b01293464f0d4f8cd842471b59b8103257d0a76b6b6589c6c394d4433
human-03238,human_context,information_extraction,11699,context,293,141,0.037931,0.477816,d620ee3f1368c0218a9b41b5f17cb2d67f0e6f711b159ad4b13fd8631a35632b
human-03239,human_response,creative_writing,4352,response,290,164,0.0,0.410345,c0b574beed505972a5084f15587409e7cc0e01117df9f2a5c2a14bb7d2c8abb8
human-03240,human_response,open_qa,2983,response,173,117,0.0,0.427746,e3e5e9f882d0fcbc7d7f6d0ba0b42706b0c367d116cde08042704b62229a60b9
human-03241,human_response,closed_qa,9994,response,156,97,0.03268,0.461538,1b12c8bccd1efd8b096e733d56ae534a5b71f88ba9b272fcc94995817c2b5d2e
human-03242,human_response,brainstorming,14409,response,302,134,0.046823,0.509934,792f0dc2346a426efeb297560022a4676025f2fd25d814f2a1d1a92b8c9ed616
human-03243,human_context,information_extraction,12845,context,438,228,0.011494,0.406393,2a40e783d7b072183d74ea376fabd44ef984aae46222d97aa75fa9f2a26e4273
human-03244,human_response,closed_qa,5483,response,733,326,0.020548,0.38472,34f369847741fca5e24574ae5364ad818654381e778d980d6d13d9ec24c68335
human-03245,human_context,summarization,10260,context,247,145,0.0,0.42915,e01f0f4e33dd6daf672ab494b5740e319938ddc243524577852a9127e0458dc9
human-03246,human_response,open_qa,8948,response,132,75,0.0,0.545455,c3ba11bc5616706cdde933c8c92ed522a110913163b515e1e97bda436a950022
human-03247,human_context,closed_qa,13354,context,142,97,0.0,0.457746,4c0b716f50589a859d931f4b0970f1e12a55403c9135438a6830c161367107b0
human-03248,human_context,information_extraction,1759,context,371,229,0.0,0.363881,ae77d5d65f9685ef69de60c99dd294b275e0a5ff3c0e06155e85d90b8a538685
human-03249,human_response,general_qa,10572,response,186,103,0.038251,0.483871,26a7c7007616fe5bf9e5885edfe1fe2ef5ecb617665c19db08eafb527568976b
human-03250,human_response,general_qa,12167,response,142,93,0.021583,0.485915,ed9e2293ced55f89de38108df0b1f87d5e984a6a8b94498955c03a503f5c3d69
human-03251,human_context,closed_qa,14362,context,433,200,0.016279,0.406467,8fd3223e01bd886f0acbd64f2df93aead6163f9a8e0aa379e7f25352ff27d401
human-03252,human_context,closed_qa,5612,context,167,119,0.030488,0.371257,ba99a4579bb7c561d729222812a5f1ab505d5b967309300eb988ff1a97f5f0a7
human-03253,human_response,closed_qa,10376,response,259,134,0.019531,0.498069,66145bafc7f509d5fe326570bee1077ef8300fc7839c6cad3cd24b089769596a
human-03254,human_response,creative_writing,5953,response,185,113,0.0,0.432432,cc3e92561a3b182b44b6bd162e30188a3ebf2ae5903422929b44bbb18dae4323
human-03255,human_response,brainstorming,12579,response,161,98,0.0,0.478261,74bbbef904b2df04ed513c47c95274a57e0c78eeabe778932a3fac1d37b5fc40
human-03256,human_context,closed_qa,1150,context,260,127,0.058366,0.496154,e5b5f22742c99e817a0d4dcbf57f29b638af0881679134d72f4dd363fb43174b
human-03257,human_context,closed_qa,7273,context,228,138,0.008889,0.447368,73efffb8a76e2cf99edc6d0884e82cbb2341bcf009aee82404422eda4af9debf
human-03258,human_response,brainstorming,8607,response,200,120,0.005076,0.43,c30952fcad1c734713c7fa9f74de2e18e289c938ca37dee0852b51d1b8607c3b
human-03259,human_context,closed_qa,1573,context,710,273,0.057992,0.439437,6c2ceff7d8b321ed13c787811de1ff58045a0dd655cdf9e3f3a6d3bca1d945f8
human-03260,human_response,brainstorming,6978,response,441,210,0.009132,0.38322,7f02c21632de01927c2482048a59785490849908d54ed6efb2cb24aeb472e207
human-03261,human_context,closed_qa,745,context,162,98,0.012579,0.487654,5e5dd9f1a255f7d4d88f56675db72679af02972f8ec782db0e58ca1ce3dd3d5f
human-03262,human_response,information_extraction,10934,response,370,181,0.013624,0.443243,349640811534c43b7caeff213cee9e166bd77fe561bedf60ed5f4180be5a1bef
human-03263,human_response,summarization,7966,response,179,110,0.0,0.407821,30e534a76230aa663c890a407c636ce38f0d6f12299b58dc557d6f44caed1f15
human-03264,human_response,general_qa,2271,response,169,104,0.006024,0.473373,2075614e94dc11c5b92c952afd15db53ef08cded6e2c3b79c4403ca8730a05b5
human-03265,human_response,general_qa,6202,response,130,91,0.0,0.453846,402eb0d5b8a283b29df09e661f3d2e381d04c9b03d6b15c1416dbda4355ecfd1
human-03266,human_response,general_qa,5541,response,275,138,0.007353,0.447273,d119794564f2b3c2327e0a1fb06b8425b3709d8e06f7f186028e8904ed28fcaf
human-03267,human_context,closed_qa,4043,context,146,79,0.034965,0.520548,2bc176d6ce2b1c4aa74bcf4e589a79ad66612b2e673bc16dd7f586333f68ff26
human-03268,human_context,information_extraction,7120,context,786,364,0.028097,0.354962,7167cf1713d237a705e29005ff9bfea91ca14b1720e1d1aaab535640ff3e6c38
human-03269,human_context,closed_qa,9559,context,165,102,0.012346,0.448485,4f8d91c12c8e33c1fe202b4b33e0ec579d634235a769c4f01809b53834b97848
human-03270,human_response,general_qa,4893,response,172,100,0.035503,0.482558,50587b6c228cac0d1633375b6b3bd628f6d8233e162d0996a0c1ca4d41789771
human-03271,human_context,summarization,2694,context,894,390,0.017957,0.379195,e40577d1e10465803785614cffa04122fcad3aec69bbe60ae565cbe017c99219
human-03272,human_response,creative_writing,13603,response,140,92,0.007299,0.485714,7d1b49837eeb920b90054e1c525df9136d54fcf0dd7de05496898afdb6e3fa17
human-03273,human_context,information_extraction,4203,context,175,114,0.005814,0.434286,a4ddc2c58f30864aa13232df495f26e013ba20946a9a7fbabe29ffafd0db8141
human-03274,human_response,creative_writing,2682,response,128,80,0.008,0.507812,5978e2e8222ef226b38e04037ab92716b8c6d6e0578f441d6924980b53f070e8
human-03275,human_context,information_extraction,1807,context,278,175,0.014545,0.381295,863c659e2ab29abad4b1830c78cad9197610cd3407df0e456858ab15401c1fd4
human-03276,human_context,closed_qa,636,context,291,185,0.003472,0.32646,e809a44300a9852e5e7f42033dce65eb7f896cdd2923e51ec3668dce8bebabab
human-03277,human_context,closed_qa,8975,context,318,143,0.104762,0.493711,f315091a12ef9c91e3b0abe02d45a7dba86e04218eba5f06c3faae76f2accd38
human-03278,human_response,open_qa,3648,response,214,132,0.052133,0.406542,c24b4bc2d19b83cf0f92edd930e9d9988b54933e153d459a00a9c04fbbcf23c8
human-03279,human_response,creative_writing,7998,response,234,149,0.056277,0.367521,8e616ddd59f4a6b61453c666580dad39d8b80e67f0a63f58d7ee217a748bc503
human-03280,human_context,closed_qa,249,context,156,97,0.0,0.455128,6b3f388417d2749966890220e7022cd3c85c9f276a7c3e0d240a6b064a5b98bf
human-03281,human_response,summarization,9661,response,128,86,0.0,0.484375,a65f6477142827f78a01aa23c2f86e233fbd4384b29873ff623a25c391ad3dfa
human-03282,human_context,closed_qa,13228,context,281,135,0.014388,0.455516,d8663c205c049133c4112bfc52fa05e96abac91ab055efcb89fbaa5600a6fce4
human-03283,human_context,information_extraction,14261,context,434,186,0.12065,0.474654,88b9555894942539353bc1073c2393af538ed92b22f6625e63db28cf3e004382
human-03284,human_response,general_qa,5722,response,323,163,0.021875,0.44582,933a68f621508ed0a4c48da8956625023af257d7c029f001123804ef22958572
human-03285,human_context,closed_qa,14904,context,257,160,0.03937,0.412451,8a12ce6821aa66883eb20f162272eceda309c4d0a5bdb4b18e94cdc8ea96afc4
human-03286,human_response,classification,655,response,128,79,0.032,0.539062,64bba700003c638651771d3f25448cbe8b8674e620990c2f5f1d4030926a339b
human-03287,human_response,summarization,9956,response,173,95,0.035294,0.566474,330d82e97b604286b18de053aa86a4a3be3b2905962fe588c34407a839e4df0c
human-03288,human_response,general_qa,14446,response,241,134,0.0,0.39834,029524d7e9b505714bbe629303c26dbcd23fcd8b5d8e4ed59dfcf8a3684856c0
human-03289,human_response,summarization,1360,response,170,106,0.0,0.494118,1e4c6f803b8a9a4760bd372464d68fab6f5e7c63db34d8143a061afc08b20769
human-03290,human_context,closed_qa,10347,context,216,135,0.018779,0.37963,34322fa87fcf9a8a7e931ca42d86a9e8bb99ee646c893b58f4b059ddfe522896
human-03291,human_context,closed_qa,11,context,165,82,0.061728,0.557576,5d832013b7983f6a38efef8c2f6e462567c78fa16f02340c2a3bf5a9eabaefac
human-03292,human_context,information_extraction,7100,context,131,89,0.023438,0.473282,adc0baf5476acc24b332cf079a0a2c90ca444e704e8794c61600b8e74bdfa266
human-03293,human_response,open_qa,2942,response,173,70,0.147059,0.687861,3e43eac369be40bd511944f8d6c5d9fb944a3a32ae90278f921e7c90e9ce16f0
human-03294,human_response,information_extraction,10832,response,866,367,0.034762,0.403002,526bd60641c89a7305ac77d496f84c386f2dad8cdf8018f7c4ec817df42836f7
human-03295,human_context,closed_qa,7207,context,291,189,0.017361,0.353952,3948d74efb17abef5e294a3ac9b613c6fdf066e08764225c25274885804b2b1a
human-03296,human_context,closed_qa,4340,context,243,138,0.004167,0.415638,91028b6a0af3f9e066a68969ebce2e5c2c9bcda5e71cfd9331719711ffd086b4
human-03297,human_response,information_extraction,202,response,172,105,0.005917,0.44186,ef02f80b9d475480b815d95fa8a178ed2ec357f60dc57968db425f69ced63de4
human-03298,human_response,open_qa,6299,response,278,170,0.0,0.399281,8d90592bcb663adc052f0c693a5b2249afa8ad7fd29ecf664e7a3c43d15bcda8
human-03299,human_context,closed_qa,11558,context,333,125,0.054545,0.552553,fc473cbb7d25aea7d7fdbb1ed0d31368131c39b2dadddd3d5613d5f26f25020c
human-03300,human_context,summarization,5256,context,165,99,0.0,0.460606,58b06c44d7d8c35d5b7ca7e630dcfea46bdd11a4cb988217b19d525d225cd32e
human-03301,human_context,closed_qa,6025,context,336,190,0.015015,0.389881,e0f5a974195d945fc9ad8036a2fae6757a4ebeb804cd9632f4da8654679106c9
human-03302,human_response,summarization,702,response,208,127,0.014634,0.432692,7bdf2e63074ba16025c3a63e8f548d079bc9f2cbb7851dbe17651cebd87c7d45
human-03303,human_context,information_extraction,9919,context,290,142,0.006969,0.434483,b93088c3b90669bf1dda1e5883cfe17d8891719ac2678a53e792cb282af189a7
human-03304,human_context,summarization,6867,context,596,283,0.015177,0.446309,30d7df66a6c7745a3c789f0340a3a11f9d5b5459ccc865ec0bbcc56826b15320
human-03305,human_response,general_qa,3536,response,193,123,0.0,0.430052,d16af0d4ad64fff5bb9c10dc7c36143489e3f11bedb5430862c2ed6847f9dd61
human-03306,human_response,general_qa,7884,response,216,119,0.056338,0.444444,d0613ad86850eefc1238dfe13b3468d7467208f90fa96f6a229a2850947b2e87
human-03307,human_context,closed_qa,12886,context,206,118,0.009852,0.446602,e97c9662706b143a3e842322ec14d77c8b20048f9158d1afaf23bd3268e886a1
human-03308,human_context,summarization,8167,context,351,197,0.008621,0.390313,2d6a85d4fe9be1cb7784f73807c74f8c244c78c6ede13961952fbbcd44332fb4
human-03309,human_context,closed_qa,11091,context,131,86,0.007812,0.473282,fbc4fce7bb205edf962eac583d71e5373deafe25ac4270482eb74b60f95712c6
human-03310,human_response,brainstorming,9928,response,194,105,0.026178,0.453608,13505e15bae7f88a2522a603d52d6a57b13d9aa0adafd8b433887f358e0f3210
human-03311,human_response,information_extraction,1875,response,159,102,0.012821,0.415094,41ec94e42a752e98bce8e2cd8793eb1f5698eb470d808be53db606c33493639b
human-03312,human_response,summarization,13500,response,139,100,0.036765,0.42446,b4558c2cab2501e2483ec2f0870369866d7b78834cd4de35c9551ef17484283d
human-03313,human_response,open_qa,3614,response,201,100,0.005051,0.492537,67bbb2bc69bff80840e12b90a42854136b85f0a96f364149c12ac5e2e6f6d47a
human-03314,human_response,closed_qa,11368,response,152,85,0.053691,0.539474,427621575e430a09634b36b58afe2febd98676fd58dbe508325919c39c077563
human-03315,human_response,general_qa,564,response,155,107,0.0,0.43871,aa38c7e1ccafc261a824be0a46ee4f6f46bf508e0100132be48cf009904b7e97
human-03316,human_response,creative_writing,9219,response,622,302,0.0,0.360129,cd2f00c2decbb89f564425ff7edd568618cb86dfcce263b9c5923091e6f286d1
human-03317,human_context,information_extraction,9070,context,235,124,0.038793,0.52766,53d24b32ac4ce4b4e0bf3d2776a723ea03ee2a77e2b381cf39836c27bca7eb76
human-03318,human_response,general_qa,12808,response,178,86,0.097143,0.578652,8cf229e7d84dcb28c8c3ac12b4979514a2a45587683acb2b552411685d302626
human-03319,human_response,classification,4280,response,134,94,0.0,0.447761,f67cdb19782e936da6ca13455da1c6d3d5b2906283e78610d7d7eb668c320ec1
human-03320,human_response,general_qa,836,response,201,128,0.005051,0.427861,beeae33efcc7f59531ae3d2d7e5dbf2ed7660a815380860233d4878b509c72cf
human-03321,human_context,closed_qa,3709,context,394,194,0.005115,0.42132,40cc59720430fbbc33d09a17798082e201ee8277c80cad1e434d2e79cd912362
human-03322,human_response,open_qa,351,response,187,111,0.021739,0.465241,d7856ded412da3077fa333efb2d3790220f1e9c8f64b5813331adc3eb2179ff8
human-03323,human_context,information_extraction,5774,context,434,191,0.023202,0.483871,fd95fcda839f671868312a4165b19c89ea371052c66c095fe98cebab9a1d2eea
human-03324,human_response,general_qa,4695,response,235,123,0.008621,0.476596,69263bc399c34ccb7afca482cc2483db014d3255321d67e59cef05bf54fffdae
human-03325,human_context,closed_qa,128,context,151,103,0.0,0.423841,2639e0aed65d9953daba246f89ffbfd96189c757aaa2167ab57b692550179ce1
human-03326,human_response,general_qa,9087,response,149,95,0.0,0.456376,33f8ace356c68dd4add7ce895e19a7025771fc08ff2b6be55bab7dc8428a1616
human-03327,human_response,summarization,2206,response,169,97,0.018072,0.497041,05a89277903108bc03f81deebc70b27b63f42c40fd3d1602592eca4f01ea1079
human-03328,human_response,classification,3040,response,132,77,0.015504,0.530303,127482bc8a68ffdd71e09833dc8ee152f0c05db240c309dc48825a2e743df209
human-03329,human_response,creative_writing,5672,response,188,61,0.297297,0.68617,3419539b19650c1f6729a53dfc3bc66851650d30103e8f5fd3867e04d38059a6
human-03330,human_response,summarization,14369,response,185,103,0.016484,0.502703,a74e2177f18f709a70b088e3e1c340dcaf4bc997ff03462feea44565c8371991
human-03331,human_context,closed_qa,383,context,193,108,0.010526,0.502591,25f755688d825be70a580c5c09d61cc5d1bc37b29440f23cd0cf005ef920099f
human-03332,human_context,closed_qa,3749,context,203,125,0.005,0.44335,225cb920b263fe0185ad072d52144613c30243ff1e7ff9ee5dd3fe3b77ba2697
human-03333,human_response,open_qa,6990,response,154,82,0.006623,0.577922,e23cf92e899d24bbe809dd4c6487bcc9cf6ee303519eece908587bc0c412642b
human-03334,human_context,information_extraction,5570,context,251,148,0.004032,0.446215,a9bf8754c81a81434768e34ee8a95ed5d731fefc9bd57fabd787029bcd3d8f82
human-03335,human_response,brainstorming,594,response,140,81,0.014599,0.564286,9bd1bc8e233f8c7710d00b445d6b89ddcc09b28ccfbdc89a5b45fe1cacd9209c
human-03336,human_context,summarization,2437,context,414,194,0.009732,0.466184,35be487e4798db80ab23b2d1da8be3f14592e4d12aa9768017a5710d920e1be5
human-03337,human_context,closed_qa,1410,context,158,84,0.019355,0.556962,23ebf7ad5193c69cf72e4e0ea89dea9662b0f9e189fc4becb343fc93a0259a2d
human-03338,human_response,summarization,4860,response,222,78,0.200913,0.626126,968d203b20dfe0173da63b504baeccaad476a3dbde44c5e8a57699e152b6e965
human-03339,human_context,closed_qa,14082,context,1155,537,0.02691,0.379221,56cb19a73d23e5355838372f727391adc3411506d1e02f9045b5efaef7bf617a
human-03340,human_context,closed_qa,11570,context,379,201,0.023936,0.377309,bde2eeec801c5dfe67224afc521ffbdcc29ab6d8d74dd02ff3ddae1919e6d1e4
human-03341,human_context,closed_qa,1036,context,209,125,0.009709,0.4689,11df5a37def5676fdcd2c874c00954d4cc0e2ab754486c12f8ab0b78fb989790
human-03342,human_response,general_qa,9592,response,196,110,0.072539,0.454082,347a02e62e61be69f027c3076bf5e2f018eef54cb6cd53ed22fdd8683607349b
human-03343,human_response,brainstorming,9338,response,171,41,0.232143,0.877193,f06f8ab05fe6e57b7e03b15995d4e37fe8f56614c6c287e3591df5b4a2af7145
human-03344,human_response,brainstorming,9294,response,188,85,0.07027,0.648936,1d7553e9c12a7cea4510953b24e20b7fe6f8cbb9173ace17b549c404d1c8a3c6
human-03345,human_response,open_qa,6179,response,236,151,0.0,0.377119,87e96e836d4b77ebc8ae2a1c3fe587e53200ff95cb982d567774f991cba02a21
human-03346,human_context,summarization,1867,context,240,127,0.021097,0.4625,9ef42a0ac2cfb6f320a5ea60669fa9bba9305a53ab124a0df8dec9e1db40cafa
human-03347,human_response,general_qa,11324,response,146,97,0.006993,0.431507,14fd812d3debe839fd293535f9f8f1a1d9ba90a966d6379331c1d154d8f5011a
human-03348,human_context,closed_qa,7260,context,206,127,0.0,0.441748,30cd6e8eb7e1d4f29df61cb1a839e84fb27a1a2df5cbaa5406b54236936fef6e
human-03349,human_response,general_qa,11277,response,203,125,0.0,0.44335,527064b8396945aeb2da64d5a81f638a76e9bb8625c089addd0be3b0c36f57a2
human-03350,human_context,information_extraction,12221,context,361,181,0.022346,0.423823,a8b54733919e7b6099d68950b28accf3d4412162545f83ce504bdcdfbaa22c3c
human-03351,human_response,general_qa,8877,response,297,186,0.0,0.363636,0186bfd0f8e2e6de659adc56a22fec9849e1b8c436d19a027d359e5621069ba7
human-03352,human_context,summarization,2394,context,380,223,0.037135,0.371053,e3582aa3de8ba0397204db4002217ebbd6ce2412555f59baee703e534b0f6eed
human-03353,human_response,classification,13861,response,189,130,0.0,0.380952,14aab841ffc1373694bcd159c2b0cd6aa5399dd89471c9f90611497268093497
human-03354,human_response,open_qa,12582,response,231,158,0.0,0.354978,1800efd1bdd64a03bc27b359687f90e0e8df0d7daba4f107045c9c159d7d09de
human-03355,human_response,open_qa,3510,response,222,139,0.004566,0.432432,a387f54d10164fd78079cc0c303e3facf59247468884d866980ea8fd001e446f
human-03356,human_response,general_qa,14761,response,238,101,0.06383,0.542017,a817a512423e21e4b7e539292ca38c2d306dc2c12562aca411da015140783123
human-03357,human_response,information_extraction,5827,response,204,131,0.0199,0.372549,a183584d5748a63277ade6daa5a09d234110b6e38d4352bee6eba8b59664ca7e
human-03358,human_context,information_extraction,12072,context,178,104,0.017143,0.483146,c6371c50a8c7a22290924f4fa2b89582fdf6320ff9a529a959280cd4ce8fd827
human-03359,human_context,closed_qa,11040,context,381,212,0.002646,0.383202,c7e7e79667ef3fd21707dc4d921a751189010f41f55410bb0ff9ac5ae17b66ea
human-03360,human_context,closed_qa,11383,context,161,94,0.044304,0.509317,9c1ae2fbcb19713ee8c5ee1a6dec4b73bfd0e85943b631c87a5e8f879dd306ee
human-03361,human_response,summarization,2156,response,163,89,0.0125,0.496933,efe1f9d11ae001642d4ce1426b26ccfae0b3db1941b861286e03225c148d4554
human-03362,human_context,summarization,4350,context,423,216,0.02381,0.404255,497e713f802e2c79a59bd76d1372d1fe3dfe46efbf720809d78fcd74d62cb599
human-03363,human_response,open_qa,10284,response,166,94,0.0,0.481928,a00774614a1883d23e4ceffd3e0e04c611fffdf79f5bda2b803cb1b4845917e1
human-03364,human_response,summarization,14168,response,215,131,0.004717,0.423256,691c22d94f3b7088fce7a7d537cfd87fe97798c33fb34b76fd90077bf41033da
human-03365,human_context,closed_qa,1525,context,193,119,0.010526,0.414508,e260bd1b22e91cd7caf4fc7d07d4060a303de9d65e60ecabc975cd1457bb7332
human-03366,human_response,brainstorming,11095,response,171,64,0.202381,0.74269,4a4ae7bad4a6ab69d0039b13ac0f3e9c14a88163e60e9fb8c5f009a7d26941b6
human-03367,human_response,brainstorming,6279,response,212,127,0.0,0.419811,bf6c70fcfc36ce04a638999e88c41fb3ba78e13ca4ee1c7aa8627abbc143c041
human-03368,human_response,general_qa,479,response,131,87,0.0,0.450382,3ac78f6efbceb56636ec3e09a5d514f11d44ee42331dcbd210c105eddbec57dc
human-03369,human_response,brainstorming,8327,response,174,110,0.064327,0.413793,efce5b4642b4bf7e40d1f7c250e47e8248bd0df4a91851a626cca71e9d5fc0f9
human-03370,human_response,creative_writing,577,response,327,179,0.003086,0.40367,a56213ead7651b028c69a5691edd22ff74669311f6bec6d08f8860d547e15fd4
human-03371,human_context,summarization,9730,context,140,101,0.0,0.414286,21245c9824ba6458a68da8a2089ea2c790de63d80917f8fe98387e9f14de7dc6
human-03372,human_response,information_extraction,2076,response,901,417,0.013363,0.392897,7e08dea61b4fdfe009f54e960328e04108c581846b87a4f6dec284df9c3566cc
human-03373,human_response,closed_qa,3283,response,134,92,0.007634,0.432836,be1d11248daacdc79a3f19487ad69053ec5f1c7f9efb66ed8bb8d7d95aabef7c
human-03374,human_context,summarization,597,context,300,167,0.006734,0.44,248530edb6b7dcf6be741f3adc8f2060f6dfdd0cfaa8a0443a5c419232d3d19e
human-03375,human_response,brainstorming,14634,response,132,91,0.0,0.462121,952c3d2e473cfe361ae3d303de2fa4fdd5e69ac3c4dfd67b7b8a95287e45978d
human-03376,human_context,information_extraction,9,context,423,189,0.021429,0.432624,9b6de53f5e30a81b510bb14c37faf4f504237f14370a337a9f295c9d5682f799
human-03377,human_context,summarization,13282,context,224,123,0.036199,0.4375,8e9cf953dd36ab6715b800470f27b900cba835e18435eac94991de7185010375
human-03378,human_context,closed_qa,14597,context,136,81,0.0,0.551471,3548e688c7849d398e3d0b607a7d62962c754551efd4a946f458c975555dd45e
human-03379,human_response,general_qa,10373,response,448,237,0.002247,0.357143,a5bb5855464c74fff888cfc0926a1d9d85c102bf372358130875a876543de73b
human-03380,human_context,information_extraction,14598,context,509,169,0.086957,0.524558,6cc4976980d4c0f67d184056b1e8468bece2f482bfe7574c939a04372ea67f1c
human-03381,human_response,brainstorming,8645,response,144,84,0.049645,0.513889,e98bbebcb7c3407f13f73703e8299b257ce25cf4e093671136800ddadedfccd9
human-03382,human_context,closed_qa,1625,context,150,83,0.027211,0.56,d95b1b00d42538382bfe88cd4f217e2d70a635c6c256ef1e216c62fab751f0c9
human-03383,human_response,general_qa,2379,response,160,93,0.019108,0.50625,1d79eb2aa94c42465c618a06d93851b312baff5ce2922d662f58dcd4a26ae4e3
human-03384,human_response,general_qa,11878,response,189,116,0.010753,0.460317,e17f1990fe31e2669fb787f8f5d371aca70c875997e1aa1d3a541b61359c7df3
human-03385,human_response,information_extraction,5219,response,490,221,0.014374,0.395918,b1ca6d6ae411dc38ca25486bea299a46297c2f99458d0374bd1325d00cb6fab7
human-03386,human_context,closed_qa,710,context,1748,643,0.023496,0.308352,dac2b594174bf458b80a64e26e54dbff360d7b501d98db38d3a338da1bacb21d
human-03387,human_context,information_extraction,12061,context,186,126,0.005464,0.403226,53473803ead8896e59fd5ba95450d2eec23a2dba9305f1427853bcf0d317bba8
human-03388,human_response,open_qa,7955,response,1589,599,0.186003,0.466331,de3e1d4b8c80a35b7412f158b2936f8fa6a10a71ed3b18b64c29115c2deb4133
human-03389,human_response,closed_qa,14865,response,285,152,0.028369,0.421053,aed2b61f1eed0e188818aa68cefad220e460e8aa185bd17567bc231ab5109ad0
human-03390,human_context,summarization,10040,context,346,211,0.0,0.361272,a3010bca32152d260b4925d36853dcc2964ce3d0bb17c49277f9e5fca1ff622a
human-03391,human_context,summarization,5416,context,215,125,0.004717,0.432558,0c7f065c0e65747258cd470bc30a9fdf24f3a80993b308fe24495bc11a09d606
human-03392,human_context,summarization,7148,context,281,168,0.028777,0.362989,d513d636ceb198b9365909eef17ac9d7a6b58aab126474edf6f40e62e6bf7b7b
human-03393,human_response,open_qa,4186,response,191,124,0.0,0.413613,c8b70d6212949393712f9882fa6f87e923f9d5f08f3b1d063a1037f9a9c54687
human-03394,human_response,open_qa,6847,response,154,89,0.019868,0.5,0a75f937a775bc2d2e62d347d9e6cda83110087f6a408ea0ccacc0e74b9cb151
human-03395,human_response,general_qa,8930,response,348,167,0.034783,0.425287,41eb986118b33ba52da3ed02263c31d9ddc6017a8cbbcfb8b5bd4b02e6ad4911
human-03396,human_response,creative_writing,7389,response,268,161,0.007547,0.38806,66429a4023499b6a13cfad5d087be1042d27bf6b9fae50d068ced9f1738e4687
human-03397,human_response,open_qa,13889,response,189,50,0.096774,0.814815,eae2f5295a4982b0e85880b67e8268fc64471c9f56b985a47c227c8bf0f88dfd
human-03398,human_context,information_extraction,14898,context,146,103,0.0,0.417808,44e09810d97bdbc1603b079ae9490bbe7e9e857fa4fac918763a5e2710964ac7
human-03399,human_context,information_extraction,6433,context,256,132,0.031621,0.484375,98ce736fc79a8e121ec7f9a8c94ce1bb7d641971b7d193da38c94dcddcf01cd0
human-03400,human_context,closed_qa,11458,context,159,86,0.0,0.540881,18428c6ed1587bf52951593b8acd3b932653f762c0ec50de8cb59f99b9de9f77
human-03401,human_context,summarization,14211,context,587,288,0.017123,0.402044,2efa862c2ef1f7fd2892303ebafee18d66797524b28d0e8052c3ef4d7d211ee9
human-03402,human_response,brainstorming,3091,response,150,81,0.006803,0.533333,5fca5a3e862f7f2daee19d48c98de301efc850be14aa0693c1d7dbf57611cefc
human-03403,human_context,closed_qa,12238,context,304,188,0.0,0.375,e7e4e2e017028271d752a0d40bec80091cdd84f0195f03f46a9452bf69bba233
human-03404,human_context,information_extraction,6587,context,296,177,0.040956,0.412162,3986e28c313f7e31346a1be12d6f89f4ac70c0f3527689f682b55d5a23485088
human-03405,human_response,summarization,10721,response,194,129,0.020942,0.407216,b46147dbcd3a132a9d80ce534a774b435c4dd62633b01d6181b4a16cb670c146
human-03406,human_response,general_qa,4780,response,370,211,0.00545,0.383784,389f554ddf2f49eb66e38177e4d31c9be14ff706a1caa6768e924a1029fdb204
human-03407,human_response,brainstorming,14720,response,138,97,0.0,0.442029,2f5561227db57e7e26f82142efed0ae05cc10952e2175fde64599e17146dc45b
human-03408,human_response,general_qa,2470,response,191,117,0.0,0.460733,47f989588f16463218ffe2a8d62cede4f9f2636e08c94efab9de023c1548fc20
human-03409,human_context,closed_qa,13025,context,180,113,0.016949,0.438889,80ac482544f9508dd678ce787e80b6f85ab97edddeef1dfbc18a1481f77070b4
human-03410,human_response,open_qa,5789,response,225,106,0.067568,0.528889,1d71709f42c75c69f5dc97b89dd6a720eb28c9efef1a86b8e16629ec9fc697c3
human-03411,human_response,creative_writing,5835,response,158,109,0.0,0.436709,3b8ad56e3e302752ac4248e470fb81a2086a67873f8f68f52726d90e4a209650
human-03412,human_response,general_qa,13682,response,305,165,0.003311,0.459016,c3d74afbe019cef33c9b5bb12f77ccbd8e7872cc899483d961ebf650623df943
human-03413,human_response,general_qa,11363,response,295,173,0.010274,0.413559,4c726e65d70273517e9550053d4c2bea212779358fb2f787d43da661ae92151e
human-03414,human_response,general_qa,9948,response,319,182,0.0,0.394984,5088a3492b83e7045b2abeabba142462dbea49729423a6f9691eb580e0dae51a
human-03415,human_response,closed_qa,1260,response,417,207,0.016908,0.383693,34ffa848e5bbd820bfe5fe94ae2da6a099d6f44a2516bbb46739ef3224b19b51
human-03416,human_response,brainstorming,2818,response,190,105,0.02139,0.5,0192555dce046f4a7e8c0df68d232696540ddfd75192d6e106b3e14e0993eb9a
human-03417,human_response,general_qa,3009,response,211,103,0.024038,0.535545,f41e7f6ff70e92db8772c16616e9bce194c2b3aedceb8bd7772a2591ab13cd36
human-03418,human_response,creative_writing,7920,response,132,90,0.0,0.469697,c5acadbf1213503260702386922e5b7534ada199adc782dc04c9e6fcf25b87d3
human-03419,human_response,general_qa,13723,response,155,87,0.0,0.535484,f577db9710f14d30e25e270e46ddf964a9cfac7a516194e3d92127b740d8b6d0
human-03420,human_response,open_qa,3282,response,164,90,0.012422,0.493902,b8f40ea8bc7b6f3f8bc7cc2f4298d1baf491ac096bb63c79361cf95fbc0ee13c
human-03421,human_context,information_extraction,2799,context,301,134,0.077181,0.524917,869270ca7e9f17385c1b74674aba311be8278c2ff9c2c455045730f1e2404cc4
human-03422,human_context,information_extraction,12827,context,134,100,0.0,0.402985,d8674c32200b1fc286ffcbb8b65da769dd87b9b6dc797b6a1728b4303da0f7fa
human-03423,human_response,open_qa,13408,response,369,199,0.030055,0.398374,3ddfa790c0a5c907946700bf16ce8ffdd4749c8b36e9895bd1f897574278b8da
human-03424,human_response,information_extraction,7965,response,1052,446,0.049571,0.420152,a32804892a87f9483cd3f496a7a38b8d60c4c853660e1ca68c4ff9a217a456ad
human-03425,human_response,creative_writing,7122,response,332,214,0.006079,0.358434,f8dc8353b44b5d1eec09f25f2b354ef9bc13c6be995d49450f00d3d575ae7226
human-03426,human_context,closed_qa,1954,context,646,299,0.018663,0.377709,c8b899fe2be4bde3854fd12375b4dd126aba525030e70f5d36504c5b4471f222
human-03427,human_response,summarization,3130,response,337,167,0.038922,0.421365,6fd6526af28b90bbe6cd8fac2c22d9a8d2a8db473387284a0f16a82de41be0a2
human-03428,human_response,open_qa,2750,response,197,104,0.015464,0.48731,f88679b84c9b5c55e5dbfebf4a8713a30515447fa90124f145360773aa1bc137
human-03429,human_context,information_extraction,2155,context,273,129,0.007407,0.487179,212e1ce0134aa0f9af1270306659cbb1ccffa947ae808e731f1ad30418f54f93
human-03430,human_response,summarization,3851,response,130,72,0.015748,0.538462,16f712cb9a1b59b86b2751096c791a18506865b9ce744b9efe8895b259efe8b8
human-03431,human_context,summarization,5389,context,202,123,0.030151,0.435644,e32b2c875e1b5c670b7da30fe283736903f95c1c8ff3670eceaaf6a1dea9b17e
human-03432,human_context,closed_qa,4428,context,228,139,0.008889,0.412281,c21912bd696d9dbf5be30d6b1cafdb8f1c0598d6e0c2b4fa9447998ca23bdf8b
human-03433,human_context,closed_qa,675,context,430,237,0.023419,0.362791,d27d79d1b039cf93abbd6b506088ed2d325ec0abc8d84ce10de79f5bc12ca2c6
human-03434,human_response,information_extraction,6068,response,191,133,0.0,0.39267,6db1b8724baf90e29a2850d336a60a393acdbb124ea82cab3e45f0d3777d6f80
human-03435,human_context,summarization,6576,context,225,134,0.076577,0.435556,4dd69237a498107b1890cdf875d28b3f9164be9331510203bbfe56d93a166c84
human-03436,human_response,open_qa,1610,response,430,243,0.007026,0.365116,7f6b88c84f55f2d12ca9b729e37141feb805c9979bae5da44db633d916fadb53
human-03437,human_context,summarization,8705,context,183,115,0.0,0.431694,71fe3672ebe761f3db183f1523d2d9f14b722e549d41c7aa1829631306f05e6d
human-03438,human_context,closed_qa,13491,context,139,97,0.0,0.446043,963da429763b916a00781805f1db968d1b47325275cdf905c5ae1890c0eec079
human-03439,human_response,brainstorming,1070,response,138,82,0.0,0.550725,c09e40c0b6fa044f6ccc5eec6ba5a209bfd2cb8b89af6f67607b3e2ab8bb14da
human-03440,human_context,closed_qa,14348,context,441,224,0.020548,0.337868,86c3545c62a865ad29af97856be503e1d7e1414a4c3d05ea3fb24a4fe6cb4e23
human-03441,human_response,creative_writing,489,response,279,161,0.0,0.422939,9306b4bf7cab805b2b220db9a6202209bf60f72963f36addbfb551dc7f8bcf2e
human-03442,human_response,summarization,13328,response,146,97,0.0,0.458904,911fe386f3211f194eac7fee35c50a9d5611532640985c0c12830399c2671068
human-03443,human_context,information_extraction,3167,context,185,121,0.0,0.410811,4b34982b2ea54d52750c76f7b3c1f839da49c9c1274b265a4c3d3dd573887e29
human-03444,human_response,information_extraction,13019,response,624,295,0.025765,0.419872,65090983c2cd2ec267d350695044f5da1da7d5815e5b2d21d871c673ddd4dcff
human-03445,human_context,information_extraction,9047,context,428,232,0.037647,0.399533,5aabb04a36471a10e681ca39e862fc439aeeed153194c7f1c6ddf4f4450c90ae
human-03446,human_response,general_qa,11462,response,135,93,0.0,0.451852,e5e058cb49bca8a631d6aa8b786a022b270d77985b5c4d6c942e166139d7f8c6
human-03447,human_response,creative_writing,12423,response,1622,600,0.061149,0.362515,9c5c766f702677729fa4863a12d92b88015eaa6d40b9ff84356e8b6de6c0786e
human-03448,human_context,information_extraction,4373,context,183,132,0.0,0.333333,f1bb4788d60761bae13d2ec813ffaf66069c593ebf1ce02ac6fa71ba3323ddf5
human-03449,human_context,closed_qa,13326,context,167,118,0.0,0.39521,421593477d63fc1180f62c26f290686bd4b72ceaf8abb5b11c23e01b8833512e
human-03450,human_response,classification,4901,response,377,202,0.005348,0.400531,2724d6a0f98ed276e19ba29b610150e8e648bde34b714145fd4c19073499ec5c
human-03451,human_context,summarization,9426,context,198,114,0.0,0.459596,1eecb9b08ba4ca5f79197f1c1d5a2c5cd83f3bb3409e2cc1cd7b7babdb3706af
human-03452,human_response,closed_qa,8018,response,244,132,0.012448,0.454918,6f290f87576b2681348700dd3b0f35f70a5885a9a34525c32c12bf30bd2854c2
human-03453,human_response,summarization,1162,response,629,294,0.033546,0.402226,e27d2c36cd16e5bcd06b336bca7ca5cb09b9e834da1cd8d68e4b88f48e205747
human-03454,human_response,creative_writing,12620,response,195,111,0.0,0.487179,6d159b1288408b597063d584398bf43ac01d3c9d619ca2ee0dca034d124ed6cb
human-03455,human_context,closed_qa,669,context,383,195,0.007895,0.420366,d60f342a7c432dd98c9c51fcd2f1544dc7d4ca4f1c4dc7749e9a5302cf21439d
human-03456,human_context,summarization,1267,context,703,324,0.047143,0.399716,b75eab53624516bd01fc754441840661a418ac5dfbbee54f5fd3fd3e8a0d9f6b
human-03457,human_context,closed_qa,9174,context,137,87,0.007463,0.474453,431cf00a133b33632eecfcc4afbe2179bae19113f2e49a5c48bad6ac1a4e207e
human-03458,human_context,information_extraction,11414,context,885,346,0.060091,0.446328,20a06b9cc27ec2376b5186eb14c657c3213da725bf43b716e1455c66140d7b00
human-03459,human_response,classification,12557,response,294,159,0.027491,0.418367,2ff6ae964df573d6e6c1bec3167644ac5e2decb40c0e65b1a8a8e4c136584500
human-03460,human_response,summarization,1933,response,146,81,0.034965,0.547945,0bfa3ffbf35430b9c9d47aae900d393418adcb09a0e3111d1c0681e6680f899d
human-03461,human_context,information_extraction,2807,context,321,153,0.044025,0.514019,2c2cbffc98f0fbafb6bd1297ba499705902ee364e48c846aa40b4562addd2db2
human-03462,human_context,information_extraction,12683,context,134,82,0.022901,0.485075,2a8dd4afa4a361a453fb0b7033cd58cbe669708be00699d937a48dc3b7e50aa1
human-03463,human_response,information_extraction,14142,response,140,78,0.116788,0.571429,0c0d00ae298c74397a4c3c199189ec418ad686ccabf6c92b85336602c1e4b9e2
human-03464,human_response,creative_writing,11138,response,449,213,0.004484,0.4098,83bc7d251d7bbd02f06993dbda6eb9a448a0145d6fae96d4a5d0dc608826bbc2
human-03465,human_response,general_qa,1803,response,218,145,0.0,0.399083,e016163de5d0c54cea732f444fd94d90094718571072fa6da9a81f6349b24f4b
human-03466,human_context,summarization,7796,context,216,114,0.056338,0.490741,7f329a1eac5c36a203a00fbbf991f893259a4f289ef8fb503a1cca12ffd7396e
human-03467,human_response,general_qa,9698,response,163,112,0.0,0.435583,41cc4a10b12d6577ad65e2569b88fd0268337fba74305cc4de62a4147e47cc68
human-03468,human_context,summarization,7941,context,484,239,0.016632,0.353306,6c6ba30c6cbc96f09e69b86a5fe50ec07283111c698ecbac5be826c574ccc8ea
human-03469,human_context,closed_qa,13667,context,1021,457,0.013752,0.34476,f6894fc5c2a6344e784699c57727f03b721963d320b05a64dcddadd004ba63c3
human-03470,human_response,summarization,11072,response,279,153,0.018116,0.444444,130a30ca579d0eabfac2b9938c6e689c1405790f9d0bd3976fe8be6374db5b45
human-03471,human_response,creative_writing,11876,response,178,111,0.0,0.432584,2ce065ba4911a3d303213c9170085fe8bbb9b495861e465d7f93c2d133ce2087
human-03472,human_context,information_extraction,10894,context,142,91,0.021583,0.450704,1ba83b8819d385eaf72a7cbd45448873eedf6f24af3b7a7b5c060c3e96d64b6c
human-03473,human_context,closed_qa,4750,context,553,240,0.047273,0.428571,c6284fdf95e859ac84b3a3eb373d17599b541117bc8d20632e62571498873538
human-03474,human_response,creative_writing,10058,response,228,137,0.004444,0.438596,6f04b762ef8d0fa8fefcd649294945e71f476b93c83615a864b543e37c2c70fb
human-03475,human_response,open_qa,2884,response,130,76,0.023622,0.476923,abb5f1e8f09f7fd9afb329d2509dbaa0370b5fc2415a75728509e47c30fbd15e
human-03476,human_context,closed_qa,4612,context,289,169,0.006993,0.404844,40e1e1b3c5d5f35ecb18fadb92d8d4b0aae7ac081af13127843606347b4e6cd9
human-03477,human_response,creative_writing,10629,response,366,208,0.002755,0.398907,f5784cecd10c692308f8724bd4886683efdc04b3ca16ecd21761d1c45d4e2518
human-03478,human_context,information_extraction,3081,context,176,104,0.00578,0.471591,9dd7a32e7bc41b8f62077022b87f5d2b22bcff53ec9ae2c98044a8605f1fb924
human-03479,human_response,brainstorming,239,response,222,142,0.0,0.391892,117f3a1350d342dcf21183e5c7b77f438920c0d73e99ce1b68c56c9c5b3975ea
human-03480,human_context,summarization,2912,context,402,232,0.017544,0.358209,51564d362b5dd8111447ca621f836ef617a9ed12047370f4dcb2a7b3c9adf38b
human-03481,human_response,brainstorming,1885,response,159,78,0.083333,0.63522,496429b0e0c153d3ecda56dcd183ac8bc196e971acf388cece7a265e450d645e
human-03482,human_response,creative_writing,6056,response,329,187,0.003067,0.382979,f67ed1e3d6a95e825fd47cc8146ba7218ed5acea52daf88ac942a21b355002c0
human-03483,human_response,general_qa,13635,response,147,81,0.0,0.55102,692f9fac84262efbc85f7af05d6e3bacce6c933b1e1b2e8f399a6f9a98f3d410
human-03484,human_response,general_qa,4892,response,128,87,0.008,0.476562,8f2797092f2fbc87e858f3efe6726c2db1d86a8a1483af0e424d536fe01eff58
human-03485,human_context,summarization,11929,context,140,82,0.014599,0.514286,2128d328ff6f92897deaeb74ee369fd9f4560000c941c46bde9659da440ed2af
human-03486,human_response,open_qa,1674,response,141,112,0.0,0.347518,aa2e5725b663c54970a6dd23b236215ba711a3e5aa94a92de65ff6190c0be190
human-03487,human_context,information_extraction,369,context,498,248,0.050505,0.403614,f8f00f50ccba5ca861b41097e579a10c414213ab8cffb7f349b450f825b6a7e0
human-03488,human_response,creative_writing,7380,response,199,116,0.0,0.497487,075d5f8f98a54e7b74282f55a821c4a5211a222669e3d16fbed356cc6161daa5
human-03489,human_context,summarization,5259,context,398,208,0.0,0.38191,6a3c6eaf65fb1cc9442a1af83cc99753bc0653307f840fe6d3bf3690dc851a42
human-03490,human_response,general_qa,7525,response,134,69,0.030534,0.634328,f7c2b36aa6ba0b370df9eea2992e606bd6b1038fba50b23f63b59d89ac900203
human-03491,human_context,information_extraction,6610,context,367,213,0.016484,0.346049,0b132fd82c089e18cff447381a3a2830e34fc351d65d7b110fc7b7f0f451e2bf
human-03492,human_context,closed_qa,6699,context,297,164,0.037415,0.424242,554c52bd7852f3efbff8fe72bc53ac3f85ec33f419ea246a5c6698fccab9a8b2
human-03493,human_response,creative_writing,2407,response,371,180,0.005435,0.401617,32ea99c213a83b35e698c25df0fae4c97dc7c21d56dc921df6ec10adee843ee4
human-03494,human_context,closed_qa,5150,context,143,86,0.021429,0.482517,7d2fba3f13f61322581a3c50ac5d03020f4994fa05ce9d6e7943c2d055201ed5
human-03495,human_context,summarization,13370,context,218,132,0.0,0.426606,8cf86f2c48ea8c68af9b6ef7f445d1ff525fa5e8de9856c78c7de681588463d8
human-03496,human_response,open_qa,5228,response,300,173,0.0,0.363333,b3e899ac7ed741dd420310aa161290f1b609b72908fccbef22cb8c381f436d67
human-03497,human_response,creative_writing,7050,response,179,115,0.0,0.407821,9af558e7759f2e38e5d51458568637adae6eb4ffb492ca5b148603a175cf510d
human-03498,human_context,information_extraction,10560,context,214,139,0.0,0.411215,cfc0e37dcdfb0bdecef9d68fbd04461beb9e48cfbc058195ddf9d079cf78e236
human-03499,human_context,closed_qa,5909,context,197,117,0.005155,0.461929,f8b02254f67571a33735aba1297b8c0348ad6778246069666bb060a39f3b6db3
human-03500,human_response,general_qa,8213,response,255,142,0.015873,0.45098,d9623d5255a97cc20266e57ac70272ad8c6f0590c04e8be8fb41b5822dadef5d
human-03501,human_response,general_qa,10156,response,402,133,0.132832,0.532338,7a2f91cfb34e84445e39a61adfb70d058d7d4ace1170f4f7713b68835128e649
human-03502,human_response,summarization,14795,response,346,186,0.040816,0.445087,1a6436ede8f0c6a8ee21d53fb900df0ba425558fbe65014dc580f7b1e2dadb86
human-03503,human_context,information_extraction,462,context,821,371,0.118582,0.369062,0e323c02497a77f3210532243a029604f0c576d34c89f9d9e8026d43ac7f5c5a
human-03504,human_response,creative_writing,13952,response,321,169,0.003145,0.445483,46b6f915d2979d3333c618683f268073533912d14dbd99b01c3f20cf6546f7d5
human-03505,human_context,information_extraction,8464,context,251,108,0.133065,0.573705,904e79d9836ab50b63bec6ade22bedda1253060843d9e50dc8dc80a6fbb35cdb
human-03506,human_response,general_qa,4472,response,427,189,0.023585,0.459016,3f83c9d29c333f337c4000b4e3dc0861731cc739cf8cc0952ca0778ff576cdac
human-03507,human_response,general_qa,10901,response,799,336,0.011307,0.411765,92b5dd0bf510273c3910e263ca8ec513f00ad28cdb77c99bb79d3dc4f76fb8b8
human-03508,human_response,general_qa,3661,response,204,124,0.0,0.441176,eb1025be4227c502dd509d3dd53cbbf70dfff9f2d80713ced6213b48b12df4d7
human-03509,human_response,open_qa,1388,response,288,159,0.007018,0.434028,8f41c72304dea13de4c24e1ad4a3ab6e937aafa2acd40d3cb8417ad392e60adb
human-03510,human_context,summarization,3352,context,505,174,0.111554,0.526733,c449d97f2aca2ac4c5bd125096c23b6b038a911c232ba65a5369205295bcb3e5
human-03511,human_context,closed_qa,6546,context,284,166,0.0,0.415493,9f0efd1961caea391ac7bd43daf3d606e52b5869a41fd47a051b53f9b854372d
human-03512,human_response,general_qa,12196,response,146,89,0.013986,0.527397,123ec9d5113538f8fc762fe8f1402ec4be5acd60bac0a446c5730ee765713b7a
human-03513,human_context,information_extraction,13545,context,687,385,0.004386,0.304221,30d5916014247930f927fc34ade288e84774b08894c757e67c6d9c72ab58f687
human-03514,human_context,information_extraction,10604,context,209,120,0.0,0.45933,4cabe90d160d28677d5b6343423f951c85e47fe6fc6d07741f05ab44df7bd6a0
human-03515,human_context,summarization,9117,context,176,121,0.0,0.426136,bc90cea4148d428186636b89d202700cd1a354acef200285baae71aea409bd38
human-03516,human_response,general_qa,13514,response,154,99,0.0,0.454545,6b7e2a6577f8199bc2e9f81d97fd15ba90c265f09bb2f317433b553a46c72c83
human-03517,human_response,general_qa,2337,response,159,96,0.019231,0.522013,6f37ef64dbfbf5d63bcffb8f633722799b362e366aa0cd539c93f6be6c1b2e1d
human-03518,human_context,closed_qa,3384,context,140,89,0.014599,0.507143,ab650b77ee310bead8e907900f21a1901df8ac653b58f56035f90a083324af21
human-03519,human_context,summarization,9799,context,905,377,0.044346,0.375691,a663a04d3d40d159ee21644ea90d4ae206e71650f56574027c12f1fdafd1bd60
human-03520,human_context,information_extraction,12317,context,260,135,0.050584,0.461538,870da5108ed36b699ff5a26594c021008fde4900901500a54794434104785c94
human-03521,human_response,general_qa,13865,response,197,109,0.010309,0.48731,0d647a0067b9b3a5c26cadd92a92d934fbd4afc05336640f15f5c1e880a3990c
human-03522,human_response,brainstorming,12493,response,209,117,0.004854,0.449761,cd97f29e592344b70ceeea68a499af332030c1a7c8c9c3b636c4906b0c230d76
human-03523,human_context,summarization,6880,context,145,121,0.0,0.303448,56060f0379ce5c325e50d20801c09ae16146011dc5e36c5d051b86c2e323cecd
human-03524,human_context,information_extraction,14832,context,525,275,0.011494,0.331429,53b90737449bbcf1b452ba1bad2601cd39bb4421cb6c1c40939b34a6779701a1
human-03525,human_response,brainstorming,10940,response,329,189,0.015337,0.379939,c76049f39c9a2316cc7a43f451b5b3f261109810bd6f30c189acf1fa3d8daacb
human-03526,human_context,information_extraction,13345,context,1167,495,0.09622,0.473865,4e7238c6ebcef44e83fea603f67047b4e50b4cda301cd2f6105d9b3e2700b5c2
human-03527,human_response,summarization,13557,response,211,131,0.014423,0.407583,fb05ed9e0a6df799f9dbb16ed58e0e08c08018fca469f67fdad115fe605b1968
human-03528,human_context,summarization,12642,context,198,126,0.005128,0.424242,0c1a6d13a7f773e93c28be19013141c922cfe2899883e0899c6bbcc7ed82bc13
human-03529,human_context,information_extraction,4795,context,151,98,0.0,0.483444,b0af2e6c299ff630b67e74bb43c315180de266c78d365cb5f373924c2bc19447
human-03530,human_context,summarization,97,context,181,113,0.011236,0.447514,0515c2de3793d738af0080d4ba1e0b0f4c8f3278b0ef97aad3e09e2798c7543f
human-03531,human_response,information_extraction,9576,response,180,125,0.011299,0.405556,1f3dde27aff6c6e137f670d9db5b9ad46afa3af16813b35f85de0676e2ddb4d4
human-03532,human_context,closed_qa,3170,context,162,108,0.0,0.425926,8b57a83444ece33e4830781e593fe89d9b51ab5f73d9f6206c178d7d2217a665
human-03533,human_response,creative_writing,12087,response,148,97,0.006897,0.459459,318b909c4978b14f1a03f347e053e22e6c9b6f3c652842da2c9836b9cd14b32e
human-03534,human_context,summarization,10626,context,295,168,0.003425,0.440678,9cdd7c2f210b7373dd26fb3576b3263b88cd622b93c4cd9090eec0e864871d65
human-03535,human_response,creative_writing,9109,response,174,108,0.0,0.454023,f118f0aae53bb9610fa6999c3a3a0c7cd7b9f2a30e6076468654a18a6183ffea
human-03536,human_context,closed_qa,4912,context,136,90,0.022556,0.485294,29acbbc0259fb83a065afd03427c1e69a875830ac0667e46a1213f404adc2292
human-03537,human_response,general_qa,9139,response,275,155,0.0,0.425455,230c384831c5e3d4b5bad8819a3173b598415074ff2564f584afedd52b0c888c
human-03538,human_context,information_extraction,7626,context,248,133,0.02449,0.479839,ee33f52d75a75a5aa38f8f6db196112e22ad2781d0f8b330f148a7a7730d3ae4
human-03539,human_context,closed_qa,6624,context,212,129,0.009569,0.438679,1634e5c93f52531461b4a436f6ad0e52d703af6cae11b850a170051cff167406
human-03540,human_context,information_extraction,3370,context,241,143,0.0,0.423237,64e929171088edecf1154aa3b96973e9a38adc4ab459e15195f6b4d9b5aa3edf
human-03541,human_context,information_extraction,2371,context,296,90,0.030717,0.726351,a25b0eb2dfcf554775fca020325da19331fabf434b91733c0d3c3666b0550580
human-03542,human_response,information_extraction,9106,response,140,88,0.007299,0.478571,4de4efcafbcdf8adbbce93c834a5d1685704cafbb4f99bc4d52c7177df27eda1
human-03543,human_context,information_extraction,13338,context,136,98,0.007519,0.426471,2c11ea414ea9d2408fe81f015f0063a372bfa711088465f47ee9505857801c33
human-03544,human_response,creative_writing,269,response,201,116,0.0,0.487562,f6b54ec70c0ca3b71e7e3da403ec0dd2cf52943d8db1d4652ee56445d7962443
human-03545,human_response,general_qa,7835,response,181,112,0.0,0.441989,25242dd8b3b9d3d53ae0d0e3381f581b4230c2637104af5706c1666badba589d
human-03546,human_context,closed_qa,14684,context,798,307,0.108176,0.421053,7517b4730030cf0723fa0ccb020d870d84ea587dffe351c08d9c37193a1d4b34
human-03547,human_context,closed_qa,9204,context,208,133,0.039024,0.399038,f691a58c2b336741415f9bc93448c1a393481b8e9a12b85ac4429107229e25c9
human-03548,human_response,summarization,1220,response,1003,395,0.043,0.420738,d8b6caf0e43dcc660945cc69ffd1ea65a21f748f0f13d30fe26368b616e36bd3
human-03549,human_response,classification,10790,response,132,62,0.209302,0.681818,cd57cee68d2c11a93d14dcc689cb442dc6f915f0f62846306c41238629285be0
human-03550,human_response,brainstorming,10564,response,177,109,0.0,0.435028,102794fbf90817d0a5b0e33f09b9115fd3eb9b548e264735f3a95245764da2ac
human-03551,human_response,creative_writing,9709,response,719,311,0.01676,0.397775,348a18cb8bedb508cfec6e6920e859911fd3a5ed14e99034337eaaf65b4553c8
human-03552,human_response,summarization,3352,response,180,89,0.011299,0.544444,b741ba0750fc56b4bdf5c43435442b8e30e02b29440df8b4557acae59358cc0d
human-03553,human_response,information_extraction,5285,response,852,370,0.042403,0.406103,eebe354d66391ef4304d2c747fcfebb817d365bacfebd66034d03de0e0ec347b
human-03554,human_response,general_qa,1771,response,143,90,0.0,0.461538,e6a94b37c007818685228cc566eb3c9416b8cc0509a373a522fc4b03296eb63e
human-03555,human_response,creative_writing,13917,response,143,84,0.035714,0.531469,5a7d2ff99006ff05807b5cfed4ae20fb78e7352d7250804e3cfd9f70aa249938
human-03556,human_context,summarization,7482,context,193,121,0.005263,0.430052,594f107993078bb6e9499aecf20c3092db988ae4fcfe357ad398bda246399f47
human-03557,human_context,closed_qa,14312,context,144,94,0.014184,0.444444,0952eca5c8daf8a096ed18ad79dea00710ed4c47de7176debd5ca4cb714c876e
human-03558,human_context,closed_qa,3564,context,179,104,0.0,0.469274,b1fa17764d62076b923915174f9915e95663d896f724bfd41f42f90a9f861d84
human-03559,human_context,closed_qa,1859,context,211,114,0.024038,0.483412,9c5e6b53fb9c80af8f00b99503fe4bcec1a6559a829e9095fd2a60192ee67053
human-03560,human_context,summarization,12905,context,210,125,0.004831,0.471429,0f423556a86a5bf20b373c1129dc3cb7c642647ec0e2dbd1e7577422f686e838
human-03561,human_context,information_extraction,10618,context,444,233,0.024943,0.414414,8e39a4b845c04724785bf9b71e98b03bac2b37695ad753da95b891635f6e6085
human-03562,human_context,closed_qa,7726,context,317,170,0.012739,0.435331,62ba7616ba78b081014409f7fe14792ac008046d9f8e8e4ea8f70ef6c9a6fbf6
human-03563,human_response,creative_writing,13873,response,208,113,0.019512,0.495192,2822c1d623b6413a93fe4089f42ff2154ad08c3e13128f4916c099e6bf96214f
human-03564,human_response,general_qa,10182,response,169,112,0.006024,0.431953,759b993aaeeaa1c05e2a0e5d95d68e1e7b779eb9696144a3a34eb178d57c70df
human-03565,human_context,information_extraction,14333,context,138,92,0.02963,0.471014,b212313963554621316907f686f3bcc02986e1ccbf9ee9ac81ac7217c0e66a32
human-03566,human_response,general_qa,8770,response,143,103,0.0,0.405594,f316ab5ede3ba485b7455e90d0763cdf092e6e61804c50dadcb83d537979419f
human-03567,human_response,general_qa,198,response,136,84,0.007519,0.463235,f39c47bfa38a58e0de35ab514e6e5abb3f53a800604b9e5bf25a0417b9eeb78b
human-03568,human_context,closed_qa,984,context,313,159,0.029032,0.447284,a5400bde54df7d3ebc1ac464529bb448c67b9144f94e16dfac42558d74a59f8f
human-03569,human_response,summarization,11402,response,210,136,0.004831,0.447619,9852b49b5b7e6947fa378e44c8e75edbfff4431d4564a45b840c50e67e2ae229
human-03570,human_context,information_extraction,8310,context,173,115,0.005882,0.416185,4042927c6e4c2004084cb2a385f073a5fae22ebc27bed835d83afdab6c96b142
human-03571,human_context,information_extraction,11559,context,223,152,0.009091,0.403587,7a20c0a114f973717f0500c9b0fb9f121e7530c1ac13402ecde3394e11436101
human-03572,human_context,closed_qa,13805,context,168,111,0.006061,0.416667,401ad24f2171d83f279ece54427dbbe300b859a3df2e8c9bf1c6293804c106ef
human-03573,human_context,closed_qa,2925,context,267,142,0.0,0.468165,94f3c43d40d81ffe84229ca011c3f7f003b36e3855ec719fbdf106d905919d16
human-03574,human_response,information_extraction,13073,response,139,101,0.0,0.395683,2bd027243fd6d43dc76d9f5908a6fe46daffdfcd5a140eddf481260cc21244da
human-03575,human_context,closed_qa,2161,context,151,89,0.054054,0.496689,f991e52dd5d808a809a655418b57487e25884bf5e28f1caa1b8508aa9023bcc3
human-03576,human_context,information_extraction,8831,context,295,168,0.023973,0.39322,1e27ad964da2649a4e22bdd70f16d75b369ba4067ab2737366ee9690e4381aac
human-03577,human_response,brainstorming,6808,response,150,92,0.020408,0.48,ac25a9c95d4dfe0d53e026c94464305003a6e9236d8545e28c1dff37e7604851
human-03578,human_context,summarization,6055,context,172,104,0.005917,0.459302,f342141532e9b9c1cfdd4379b89cb62c8ba77261669ab0ce8ced1259ac851d2f
human-03579,human_response,open_qa,3357,response,155,85,0.032895,0.509677,602508981d8ec8b7d89d01027779786bd0eca6ce1efb30e415f3101ca7e455e4
human-03580,human_context,summarization,9850,context,198,136,0.0,0.368687,0f1b712dc5237f20fcee70f658b602a96ab9b997c0cb738058f234fb92262954
human-03581,human_context,summarization,3629,context,730,270,0.070151,0.384932,5d8592a6426b5e544669305b7ce8aecc16b74c613f7fc3cf915eb95c9ebd03ac
human-03582,human_response,open_qa,5832,response,224,129,0.004525,0.495536,1d87ba6615d2407bc76a85a1f1261d884f4d4feb1afa1748ec1c7116b0c78bfd
human-03583,human_response,general_qa,5663,response,315,138,0.016026,0.460317,8d78a9d6af8bddba823e906ce2ec9af1fd7bc047049c84d962270c84b5b8ba25
human-03584,human_context,summarization,12730,context,247,146,0.016393,0.417004,7057cf1587a95318c165694c665d816322774f60d4cbbe6b1862a036505d584c
human-03585,human_response,summarization,10108,response,188,87,0.032432,0.585106,99deee0c026cd318aec9393015532cbecd912da933f9c962efc82321160dbe67
human-03586,human_response,summarization,2266,response,164,97,0.055901,0.457317,fa8a196e1f80ad005634db5794c8260fcfeddcafa9b8aa52e9e8f5b56c624d95
human-03587,human_response,general_qa,901,response,348,175,0.0,0.428161,672b57d5fabc919de00c0455c41f882d73ca0b7c502f7a587a421a0139d79823
human-03588,human_response,general_qa,10273,response,185,120,0.0,0.421622,c518ebdc6b009b9f4863df1f8cd9291c1cc1de63f41376913d3d8786ae588860
human-03589,human_response,general_qa,307,response,350,163,0.0317,0.402857,f14147f88c3d83d9984110d9bd22930f2008c5897947a9450929dba24baea33f
human-03590,human_context,closed_qa,9170,context,274,148,0.00738,0.434307,7360782656fdeb07301d2d808d1b1e28b66ec48451f21b4d1b66e04c40294e04
human-03591,human_response,open_qa,5727,response,258,150,0.019608,0.437984,b281d80b6ef79654b52a447b90bfa9da3527bcab43b6e2e0903aad51e1f20d48
human-03592,human_context,closed_qa,3611,context,593,254,0.074576,0.386172,8182ff55169b013a0235d7d4888fd6d779cbd1734ab95b3ee876194adafdfe19
human-03593,human_response,general_qa,14517,response,180,89,0.045198,0.533333,e36973352a956927ba33d1d6e8c96b79b69a0c6bd0123e4c0ae5fdeb2d86856f
human-03594,human_context,closed_qa,11368,context,846,369,0.045077,0.377069,08cffae33d6a3f0c7bdce0c75b3e7090dbd5ddd0617feded48f827ac412e7c19
human-03595,human_context,information_extraction,12753,context,246,136,0.016461,0.434959,692266cb9fa12f58b168267385b91e50bb443a5881b8d75d5937b7a7efcf431e
human-03596,human_response,open_qa,4184,response,132,72,0.085271,0.560606,c171065d00a09522a2cf48ed5590832981dd5a533cf8f568b141454dc902edbc
human-03597,human_response,creative_writing,10213,response,400,192,0.040302,0.4325,2773b1e4c9d9082dc1fc53f79aa26f2b7cb44eaa896581c95e66ab1d1ee641db
human-03598,human_context,summarization,6737,context,414,188,0.029197,0.451691,10864304a2c0b66900db08e098fc98362cb1c6fffb5a5d3fd9736dd3b6495462
human-03599,human_context,closed_qa,8968,context,148,109,0.0,0.371622,d6cc654ee787bdcd2583d257f5f4791418a45fbfa9ad152ad7a7de41252e3a87
human-03600,human_context,information_extraction,3036,context,278,112,0.101818,0.593525,d4ad11cafbbce238ffc4cbc5ade23034183ffcaf7a83cc89611fe6fbd7b3047e
human-03601,human_context,closed_qa,8344,context,272,149,0.0,0.430147,64dac649989aa3d9fddc64cfe385a8194dccf79cce35cb1b5e15715f059ecdea
human-03602,human_response,creative_writing,11937,response,471,240,0.004274,0.409766,c7c517eeca8d4695f64a02e8924dc53d435c299303fc5afc9772045ac9ebffd1
human-03603,human_context,closed_qa,8341,context,134,91,0.0,0.470149,2213568ead0de16fa076be5a966fdfe0098b99da0f1f9729a8c5f3395e53bef0
human-03604,human_response,closed_qa,7490,response,289,159,0.006993,0.456747,dda9295f8bd9c2cd7a9bcf8ae6c748a9cb62338876eec923ee4d91cd983a74a2
human-03605,human_context,summarization,5983,context,419,128,0.430288,0.513126,a072eb3aacb7e6a5e651bdd2e6270de332a36bfcd9fd54d92b97e938f786b5b8
human-03606,human_response,brainstorming,11355,response,166,101,0.01227,0.451807,c69ab5a802d3f34cd9250f342b7cdb015b36e901c7229c84bb8c6191eaaff053
human-03607,human_response,closed_qa,5480,response,141,90,0.007246,0.48227,96e250434cbb5ef831e48c624c8515b86eec78c56f86d2224fd418abfc2ee11b
human-03608,human_context,summarization,5174,context,400,205,0.015113,0.4225,89e782060a97386d6cdab9a82f203bdb2621296a701de3f65f4369ed7c32773f
human-03609,human_response,creative_writing,6508,response,166,74,0.03681,0.584337,87be7a913c58741da67f3a9e3740821ee32df2374cc3e73582ff6d8ec9bf0a47
human-03610,human_response,open_qa,6087,response,144,98,0.0,0.458333,9bd79ec59c723dde87c71b58e76a5ef8370783c3a1c1e38227b554a378570713
human-03611,human_context,information_extraction,13364,context,176,71,0.00578,0.647727,a928304f855d48bb4c32eca30919894c42d54b4e5001d6fb21ad67f99eb75139
human-03612,human_response,general_qa,7877,response,390,194,0.007752,0.371795,8544de38380bfb4e21228c2b1104c4387cf945cab38f59899d599065ca6b37cf
human-03613,human_context,closed_qa,4774,context,348,206,0.002899,0.356322,9382d7850ce00af24efbf8abe76b358bff397d4760c9a9e61e87494966d961d4
human-03614,human_response,classification,880,response,141,91,0.014493,0.489362,cf8851fa226552d0fcfd6cfbcb73d9850ab2eb1f0cc8beb66f7ac239f16609a2
human-03615,human_context,closed_qa,13771,context,259,146,0.109375,0.382239,5f5a95168b33f30148bbcf70079bf485e076daa2f55edcefc545698f65846af5
human-03616,human_context,information_extraction,2755,context,346,151,0.017493,0.476879,3ea077f42272e6758a7727d20deaba2e8b9fa3cd12ab1e3f1c67317110c59191
human-03617,human_response,creative_writing,4018,response,212,139,0.0,0.400943,58db28d5997ab6b7e094235c364f5b11907da0f7bf94871be0cd81f99b1e425d
human-03618,human_response,general_qa,10862,response,174,100,0.0,0.477011,e21f2ab64e086ebcc5e9bbf4c5d10f78a2df7fae8ffb86cfc9a022628508902b
human-03619,human_response,creative_writing,13779,response,263,140,0.003846,0.467681,0deedab4bdd0f52bf5191af8ecd9c6ec7f1d4fe7e550a3ffc401ead2320174ed
human-03620,human_context,closed_qa,934,context,213,115,0.02381,0.516432,93f2eacd52173b2781cd0cc63059d45503f882d0cdfecfff7aff34db646bdb1e
human-03621,human_response,brainstorming,8863,response,175,103,0.0,0.4,9db661e3b489653abae4150ea588077df5d5567567dfcfd719c23d32e9febbd4
human-03622,human_response,open_qa,10812,response,204,99,0.014925,0.534314,e4fda93fcfdcb15c737fdb7a5326f7a7e825f098daffc9b986304dfc633cf4fa
human-03623,human_response,creative_writing,3436,response,135,91,0.0,0.474074,70750a8ff6d27bab5cfee08ee5b74313a12d528b0da9a508fd652f9cef8c9f91
human-03624,human_context,summarization,9241,context,159,101,0.019231,0.465409,eade5aeb9a41a0eb91483642e5a876892d0ea1893bd2772ab3d98b10f6fbfb54
human-03625,human_response,general_qa,13751,response,129,83,0.007937,0.496124,9d48b50b5e8a0c9a9818ecd71ca8488547a3cf0a93ec341afeabe6328f4c674d
human-03626,human_response,general_qa,2784,response,159,96,0.00641,0.490566,0a3ffb48be5a1b8edd86e9b63c384efb8032844cf7f8e445c0808acae8b1af18
human-03627,human_context,closed_qa,6899,context,199,123,0.015306,0.422111,21b5d57a8a73588749c92951a3c57dd1a0b71907c7b63427780e6c549e9bb40b
human-03628,human_context,closed_qa,4353,context,262,165,0.015444,0.389313,4e7c4d15b06a348e35ad832a0f1d68bbe7479531a8f220349c9363ea07fd0e99
human-03629,human_response,general_qa,10149,response,296,142,0.017065,0.449324,f2801d916805a0ba2e8fbd02a7bd649275e0a78369455e4b80a1e7534a6b0356
human-03630,human_response,summarization,10015,response,148,97,0.0,0.445946,d82f1707d4002fab9cb93c2654b65590c46e91bd1f73d06b918101f239f45a1f
human-03631,human_context,summarization,11960,context,223,107,0.077273,0.560538,5433ed59533f3dd322fd8afb83d4e0646c6004ac8409e57f40ddbf75eb2adee1
human-03632,human_response,open_qa,8872,response,283,156,0.0,0.420495,3f81d08033b954fadda649aee68f032797b5541636dd7b81692ad1d4fb760421
human-03633,human_context,information_extraction,12749,context,163,94,0.05,0.478528,a3ee1f9e39fefeb1ef5fe295dd1362352388168512cc9ef6b1f3faf8e5227e51
human-03634,human_response,general_qa,8976,response,183,91,0.016667,0.513661,8300dbeca25e60e6e1d5dbf07373fcac0d3ca2105bdd485909adee238f6d3aaa
human-03635,human_response,general_qa,10701,response,261,157,0.015504,0.398467,084aed8eef66c7eb86b0af09a0221655fb632b3f4d8bdc6fd10cd4f201c3c518
human-03636,human_response,general_qa,4086,response,154,99,0.0,0.461039,129e257935da7aeb4e3352edcc647198e3796dba37944f51a8f0be299f16afc2
human-03637,human_context,information_extraction,2328,context,161,93,0.0,0.546584,148dc101ceb44f4a2db146b2a4bba5330e216f242be0872bdcf9accf285f10a8
human-03638,human_response,creative_writing,3574,response,228,134,0.0,0.438596,f5faf2862e62326dd3b84787a888a91ab16cbcbcc4a9d98a6b0b6432f0068a98
human-03639,human_context,summarization,10900,context,600,244,0.025126,0.426667,57660da8a1b4820fdde896a50b42a50ae7eb3a0da119e11ee1e413680ed5ac0d
human-03640,human_response,open_qa,2448,response,187,100,0.027174,0.508021,7cb23c51e1910e0aaeec4a5bd68882d9f261099c3fdefc83f49ca172c103c2ad
human-03641,human_context,information_extraction,8644,context,288,115,0.091228,0.53125,e673297e878192e3260a13d56dfa23da8ed8bc577b7c046fe7df01cf8c91d3b9
human-03642,human_response,open_qa,5899,response,171,100,0.011905,0.51462,bff5416c897c398420edd326859b0c4f329dbdfae0f2464a5291007aaabdd556
human-03643,human_context,information_extraction,5589,context,199,115,0.010204,0.487437,896901cd34023f730e9e5fdc49656fe9de6bf6be8b32c9d8a1f89eb54749a61d
human-03644,human_response,open_qa,2787,response,294,141,0.003436,0.493197,1a3e0fed013b30344650818e14d47236ff8d3575e9a056055acd5ad2f4a168e2
human-03645,human_response,general_qa,330,response,196,119,0.0,0.438776,63a80d8120d9667f79f5d618d928f3cfe614818e85ddc24116d984d03d1e9bc6
human-03646,human_context,closed_qa,15001,context,218,155,0.004651,0.357798,23f6a3eee0223a8b5df92a8d304679a01c91bbc9e367862f1dfda11a01881da8
human-03647,human_response,open_qa,9488,response,223,105,0.077273,0.479821,6c6feaf820b59916eb3bead180a8d77e43585f9db66f4114e05a69c8c7a127bf
human-03648,human_context,closed_qa,12083,context,387,176,0.044271,0.439276,25a9a02cf8e8c1b2d6d50e79bb7bf52ddf2d0e5a20422a49b9c43843cce7db60
human-03649,human_context,summarization,14081,context,861,325,0.075758,0.458769,96742312d5d43e00029ea5f97abc2db328db486670bee1f5c26aeb244960cb54
human-03650,human_response,brainstorming,10275,response,159,103,0.0,0.415094,b8883d308511a9227aa3ea1538ae8f9d652297c4823552641ed8bbe81c7789e8
human-03651,human_context,information_extraction,3379,context,222,133,0.0,0.436937,4f070c6fb64afbee72a63607df94f52fcac072d6d12d82cc3c09e7f30021fd78
human-03652,human_response,general_qa,4484,response,224,112,0.013575,0.517857,4932bac1221d4cf021f2b4395f95f5d577ff57537b16fbfc94fb40ccf1c93614
human-03653,human_context,information_extraction,9184,context,248,155,0.0,0.435484,5da85db051d534793badfd4bfbc99e66939dff561c96d5e80129b3e42b632ea5
human-03654,human_response,general_qa,4023,response,188,112,0.027027,0.425532,7fdc83811bd219a15df989ca3e4349f3a63ba63f1447fda7509b0dec3c3346f3
human-03655,human_response,open_qa,10771,response,570,296,0.0194,0.364912,c2467b9b0309949632c0d53ac1da317d8efb7f3d5f52a9a431d1fd83b4757c2b
human-03656,human_context,information_extraction,2267,context,466,188,0.032397,0.482833,36e1c7584eb0e16e35f6e9f8193e12af7260c2b283347a0c762676238ce87772
human-03657,human_response,creative_writing,14971,response,272,148,0.007435,0.422794,3667f1acb192fb72ef3bbbbaafe711001f09292b7fae43ebd0547a015518c858
human-03658,human_context,summarization,8209,context,141,92,0.0,0.453901,236c538dd7d8824c84670c97cd6abe644fd3b2a5f160dcf78dc09051800142fc
human-03659,human_response,classification,4106,response,480,236,0.010482,0.372917,98d4d07b086d24e19b8458eff4795bbb6f0d0fc78e5a79317854adf56f461a61
human-03660,human_response,open_qa,7001,response,185,104,0.0,0.491892,a1559e00d5c6bdb8aa56853266c8d53b5aa06e0cbcef9af06c7d8a0ca2fb65ac
human-03661,human_response,open_qa,13434,response,277,161,0.0,0.425993,76ba02a0bf35bbad8ede1c7f7dd390cce910b9314147074d4ab1464f09bad143
human-03662,human_context,closed_qa,8470,context,352,177,0.060172,0.403409,479c0fbf50cc3f3aa918ebade20cb8a4ba14364ecb6e8d17a507056c56be49b4
human-03663,human_response,brainstorming,6914,response,151,95,0.006757,0.503311,960104374e794e2933ac2f62b5b82811dd6faee47cd6ea50e525aff957b57cd1
human-03664,human_response,creative_writing,318,response,644,295,0.01092,0.378882,4b7a197bb17a7bbfbf95a9e69f96f194763f5ff6e53208ee0be1577701b94675
human-03665,human_response,open_qa,13963,response,130,73,0.015748,0.576923,add706cfecec78e086499781c25f04c8f717133dd56be8b5a8f66a3382db7df8
human-03666,human_response,brainstorming,13875,response,132,87,0.0,0.492424,fc3bc01e32fcbb7d2c6a805fb66b1101413c5ce08eabd9f4d73ede71ac57c48b
human-03667,human_response,information_extraction,7585,response,732,349,0.026063,0.404372,03ceeabe05b80b2ed00a47698eda5220b37e4112e1e51966d2456a385bd21673
human-03668,human_response,creative_writing,11866,response,220,103,0.018433,0.527273,443eeaad167bb57f15f2f1486868b488e9322529925f882d043328ffe12f6211
human-03669,human_context,summarization,2262,context,570,279,0.005291,0.361404,b4127a032a43ac9c9bca687aa086a39022565df55000f815ac96aaabc6b8dbde
human-03670,human_context,summarization,3212,context,130,84,0.0,0.461538,9ad79e60228c0aab737972e87e040585d30535bfe4c0c66c6fddf04569455dcd
human-03671,human_context,closed_qa,14098,context,235,126,0.056034,0.468085,bc0a82171cdbd73c73337f38946adb8ecef7988b13415d3993e524718671c834
human-03672,human_response,general_qa,14613,response,323,219,0.0125,0.318885,7e7e791277491a59deb4b4e7fa29e4db836c70332f6900e84b13adc7009e7d76
human-03673,human_context,closed_qa,9999,context,446,224,0.018059,0.40583,21391e5c99f7ff88c99c32e970b36313e43dd8ff9c1524f2d661a1fefdd6850c
human-03674,human_response,open_qa,14193,response,330,202,0.003058,0.381818,63bfd6a4510b6f312e0686d8a78479a780ab8910322a1aa6761279ee78dc0b75
human-03675,human_context,closed_qa,1336,context,142,87,0.035971,0.528169,c1f6aab646e5b9393a4d155b862236727c659659080d475166f2838028d82852
human-03676,human_context,closed_qa,3608,context,229,135,0.030973,0.406114,a9c883ea3b0d61d5a26d8c3767bc7b0e99303d77bab7258fb1ee1988b5c25eaf
human-03677,human_context,information_extraction,1090,context,369,159,0.046448,0.474255,6c4f4f698f20bb1f696a58c5eec8fccb836897a4a9ff51066a7db4d28a18ebe6
human-03678,human_response,open_qa,2924,response,332,174,0.00304,0.448795,70434eb9e85c6718f7de98d7d8a71bb0db06fe3f84b82310caaec696e6f5e7e2
human-03679,human_context,summarization,3115,context,232,138,0.026201,0.400862,783b3457e92685dcd1d33aa019ff75aee14ef38446164fba33f5f2d6f4d557b5
human-03680,human_context,summarization,9817,context,345,197,0.011696,0.391304,7d67ca4ee1a7ebca788f2dd78d2fd2f11501b10c7da496316e0f4a11b498dde2
human-03681,human_response,information_extraction,840,response,150,75,0.129252,0.606667,70a609eecff999a7faf585ae24d3becafab5786de1821edd9c02511bd8d39eaf
human-03682,human_response,general_qa,1877,response,143,85,0.0,0.524476,fee1f3fcd610458426911eb9d9d29f81964e8df02a31da74193e67705ddb6c94
human-03683,human_response,information_extraction,9733,response,161,74,0.094937,0.614907,23ad78f9dd5be58c818f2aca14627270307f6083c69b09e398b2f6f7135427ff
human-03684,human_response,summarization,13187,response,150,70,0.027211,0.606667,8ee764facee682abfbaa8395711fc9f3d9ecab00eb544c26790901a7eeb77da3
human-03685,human_context,information_extraction,254,context,137,94,0.014925,0.437956,6605169d27d4c233ede222857963b183908da92283f76c7185eb5fdd331a4953
human-03686,human_response,brainstorming,14975,response,140,97,0.007299,0.442857,5e78e872da837aeb614628f07b6f1117eae481f9e1798e8f00bbca4df31f4f2d
human-03687,human_context,closed_qa,4498,context,196,105,0.010363,0.520408,dd111dccf9ff8b48522a1d0f0408e02a9be3ede73dd759839a35fbfa0ba9df43
human-03688,human_response,general_qa,13796,response,689,280,0.011662,0.399129,bc9b0a5e1efc6f3d6ef7c605cda8ca9bf05f1ee43d8bafa039a0424bd2c078e5
human-03689,human_context,information_extraction,7251,context,168,87,0.066667,0.529762,a9c4b9f646b3898e08074428dc9fd3206853683a6455004322b2d2c7ac0e863f
human-03690,human_response,general_qa,798,response,179,104,0.051136,0.458101,8eef333af22eb27a5f90b0e66390a929696e6a9e0b059bade007d558765570db
human-03691,human_context,information_extraction,5219,context,748,380,0.022819,0.331551,35d70caf8880d6029c6b2f2d9b444afb8e644cc701d9928d40660895857337c0
human-03692,human_response,open_qa,4913,response,148,98,0.0,0.439189,1d1a8dae6961b0382d5421fb5d8f0c41515a9d557c30b09777a151796516fe8d
human-03693,human_response,creative_writing,12139,response,225,134,0.0,0.471111,3ba8d13bf2da432163e5b9954c9ab6b44f3155c5e9d7c3d9d0ff37615c1e3b65
human-03694,human_context,summarization,12903,context,518,271,0.021359,0.316602,cd29c69ea720ad1bea81f6cf561a2d84e779043035e2268a6d9136ba58f6113f
human-03695,human_context,information_extraction,10909,context,166,97,0.0,0.5,f67dcaf014856dc81b6ce36edd6d8e9d343c9636134064c76ee5883b40bcc8c5
human-03696,human_response,open_qa,8978,response,169,106,0.0,0.47929,fe935baa1cfc6ccae7ba2a809b7d5ddd796fe7689fd65f9a835a6fd2f339fc13
human-03697,human_context,closed_qa,9917,context,203,114,0.03,0.497537,2a4c0965d7a26c4944e982f1c9d46c25cfbceb60e13591c6a1aac691b3128e3c
human-03698,human_context,summarization,10477,context,628,251,0.0896,0.426752,b5de24b26a4b1bcf4aee7ecbe54a3859583add298153da424135eb03cdd075bc
human-03699,human_context,information_extraction,5667,context,880,364,0.052452,0.407955,624e8c2d6c8beabb833d326ff360052ea77c84fe9b77f23ce51b5b37e79aa820
human-03700,human_context,summarization,1878,context,184,108,0.005525,0.445652,5a912fa99a8634f8cb5c01700453138b385c523966dc4d3e72f1d2b198a6574e
human-03701,human_context,summarization,6475,context,232,153,0.0,0.375,3e44cf01b4e14640219d9fb651f3d3bc62ec2b1896bbc1db7f0d6684046859eb
human-03702,human_response,open_qa,5214,response,420,198,0.016787,0.357143,8780b1a54807777b61b838b07dab34f90f3c875a7a8034bb5300576b951e74f0
human-03703,human_response,open_qa,6244,response,252,143,0.008032,0.436508,0bc852de3ef151469f34c96f65650f010cf5dc77d8ec88fe7acfea80cc205337
human-03704,human_response,information_extraction,108,response,139,90,0.0,0.482014,5cafa831667627a48ca0527036149018654f4034529bf043f6391efbe4ba5c89
human-03705,human_context,summarization,13474,context,724,352,0.015257,0.404696,aa050194f17cf84861a65ef327d553b657577303527a559dfe28cd5f51356a6e
human-03706,human_context,closed_qa,171,context,131,92,0.0,0.450382,d3f7a56b2f8eed48ebf4f0153320a18ccfe6f31e81ca34ceeb746f749e383dcf
human-03707,human_context,information_extraction,1528,context,212,100,0.090909,0.518868,d37cd26f1b6c0452eecfcccb8f0949cd8d4d92b8c680feba5f6d707a2dca5840
human-03708,human_response,general_qa,4544,response,308,147,0.042623,0.483766,a97ce47b73d621a08e4142fd4be2caf752d2ad6a5417033a0fd13bdeb5d33b76
human-03709,human_context,closed_qa,1873,context,261,136,0.054264,0.417625,7dcb41a37e365cb96663cca646dfa17cf8dff36d87249232b2f8531b5f04a7e0
human-03710,human_response,open_qa,12250,response,163,102,0.04375,0.496933,591e5988601a50f97c6b7826c0098be9fd74c4f7044542e90ddb29f03888b20a
human-03711,human_context,information_extraction,2068,context,156,92,0.0,0.5,62777a599c760c4e7d27ca8c7f8658f5ec514d04493f4bf905d50069ed501344
human-03712,human_response,information_extraction,3154,response,625,229,0.064309,0.496,c51d3bf3484bab86de6765df6b3a960f240b64be96fbf824f4468ff3c011035a
human-03713,human_context,information_extraction,14670,context,430,213,0.021077,0.406977,7c87281edc03bab77d1331647b81a385318ae924b9e43a8fe63b90b5dfb195ee
human-03714,human_response,open_qa,4835,response,204,107,0.034826,0.509804,1eacc38a913aff9089dcdbcbbfa94b156bd2a5f1b7e5e86310dbd42822ac2266
human-03715,human_context,summarization,10916,context,304,169,0.033223,0.398026,efa6a51e0acfa7bfadb2347a5905520218f2659f68a40d96690c484817d3e308
human-03716,human_context,information_extraction,4850,context,422,187,0.0,0.490521,d4305fb49c5288bb52419b6a407c83d52b575763bf9ba80ac0fc63e11c01e3d5
human-03717,human_context,closed_qa,4407,context,485,258,0.004149,0.404124,7624ff989cfae12f87d352d17560fa35927b0e0ed165dcb25d77fc11a7b47f82
human-03718,human_context,information_extraction,6378,context,201,112,0.0,0.447761,f1c1e792839abac1d4a79788a99e7f269fdb973502ed34aaaf32860997a62faa
human-03719,human_context,closed_qa,221,context,376,161,0.072386,0.470745,a469b289f9ee88e898362acb469700fb4ad11488a01dd54cded5ce32b9ebf3e4
human-03720,human_response,brainstorming,4694,response,215,120,0.0,0.446512,324416a6a475024c0bbc64520df868b070397860bf29c713b2f06a21f6baa5ef
human-03721,human_response,summarization,837,response,134,84,0.007634,0.5,9507b4673f5ee6bf25c2a5e1e8508cc9654fe3196ae4e2e52b1446f7d4741a6b
human-03722,human_response,open_qa,12048,response,433,244,0.009302,0.383372,5df70665d10b87789265233acb77b569501d665686e8ffea1410750fa7f10b33
human-03723,human_response,creative_writing,662,response,848,449,0.009467,0.336085,2496164f78620b3c6110c9bac07b90d75693684bf44450d811d9e2325a71681d
human-03724,human_response,general_qa,12091,response,267,164,0.0,0.374532,bb6cf123c2378242b1f5855ecbf0fcf0959cce2d8bd12eaacb79564a7b4db8ac
human-03725,human_context,closed_qa,5302,context,753,313,0.030667,0.38911,00cf52d7485bc84897cd10b2344ac2940a8dcdf3bbf22c599622cdb13cb7e175
human-03726,human_response,classification,11928,response,139,37,0.058824,0.877698,c3fa2a664fa71b684abf6c7a6f9bbb44fe2ff3dd1c0a9307a34b83d71de31769
human-03727,human_context,summarization,3756,context,190,95,0.016043,0.531579,b37a0db8f487ff0841588102394355d9a85ef49276c88b211a767c791ec57c74
human-03728,human_response,classification,4348,response,312,162,0.006472,0.435897,29065bcbcd0ec74ff56db10efd26776380bcc0420a1a143485eb41ed4f02bc36
human-03729,human_response,brainstorming,7720,response,129,84,0.031746,0.465116,c6f03f97cd0cc502ef8e75afbddd41ccdccd4b9f617cece87d7562eaecee9262
human-03730,human_context,information_extraction,11346,context,440,217,0.006865,0.390909,2209459f439c834f0b4b1ba7a4d687484326a1309bdddaedcaa3337742f42213
human-03731,human_context,summarization,1714,context,338,202,0.0,0.35503,bb88b073ea0f4fac937c5f211ec88d1f5e6c0170f332c13ec4e1473a4c050c2a
human-03732,human_response,creative_writing,5020,response,494,237,0.040733,0.402834,7509c9d6ef20b48968adc82a9965dcfe316699400a2973bddb290f3617056a18
human-03733,human_response,open_qa,12916,response,128,89,0.008,0.429688,05cf54925471d89a33c062eb7fd3050666c25aaeec792e17cf4a64545c523ddf
human-03734,human_context,closed_qa,11451,context,221,142,0.018349,0.38009,0a82878e54bbf8a887a2bb8bde652c858f8a75bd21d1d1ce1fa661d042e23887
human-03735,human_response,general_qa,4983,response,160,97,0.0,0.475,24632b7cd33a3ed7a17620b4c7fae4c314c978743432e34f5a96edb6991eceb5
human-03736,human_response,creative_writing,6401,response,312,194,0.003236,0.384615,4a6f70d88d5f1094695bf1a303bc4bdd49109a192223e6ca30f8efd2e296d303
human-03737,human_context,information_extraction,5942,context,136,87,0.030075,0.455882,b995dca0b2cda65fd136c1d471efbabdade85e509457799093b1a8322b6b6d47
human-03738,human_response,general_qa,9363,response,173,101,0.005882,0.50289,5abbc36efc803dd5c7f940e7b10a931a76e818dcffff2599fe6bde73021bd078
human-03739,human_response,information_extraction,6866,response,364,128,0.282548,0.697802,0d61eab0b6a97360fe565d957e54b5b1ac4b9af8bcc6eaee13d5b1cb47f08de0
human-03740,human_context,closed_qa,8229,context,150,97,0.027211,0.44,ed939b6c4014b1e27fbb1375486fa5cfeb5c4f1d96613e3f84c27722d74f1c9a
human-03741,human_response,closed_qa,6302,response,587,229,0.077055,0.473595,eaf7bf972042a00bed3b788695e2ae62d7cd5ae95e87cc78be5356425245753c
human-03742,human_response,general_qa,5985,response,176,111,0.017341,0.426136,18d1445475935a8fc856778eb795f654bd0fa30d76333f2f53a7f3460016f39e
human-03743,human_context,closed_qa,7478,context,340,168,0.023739,0.452941,6aac6c14f51bed152ae60d2021221202cff2371c910063a3f62d10145965e81a
human-03744,human_context,closed_qa,10598,context,149,100,0.006849,0.456376,e9afce6e374777d343cc1c91843f3b101e08c4dafe108d9636c6b3056c30487e
human-03745,human_context,information_extraction,11713,context,218,132,0.023256,0.408257,85a3f8b30c65bc5cf243b4aa0de745857483789dd3d44767890f0abf87168b2b
human-03746,human_response,open_qa,4246,response,247,146,0.0,0.421053,2de42cb6950d064b94af467dc7e008be40ea3032b419174cbbc9c0708f68b911
human-03747,human_response,general_qa,5810,response,147,89,0.013889,0.496599,bb0f5806a6d4de5722da5a6591d1a47205515b6f7293be055e1292bb77ef4dd4
human-03748,human_context,closed_qa,4846,context,201,109,0.020202,0.457711,094be78d22e1fbf6159d3755887fd4bd4ac2c36e1d299ada0bf15c39a3aa0d28
human-03749,human_response,general_qa,13552,response,150,95,0.0,0.46,8daf8e63882e0e3ec1ac07fd565bf95cf54156ac24876ea46e95a7e989dd6595
human-03750,human_context,closed_qa,14210,context,497,274,0.01417,0.358149,749e1cbc607d67278fbec5aaaa7a0983e76e3ec250685053f6625cdf97b80fb6
human-03751,human_context,summarization,11308,context,135,92,0.0,0.459259,1e96c6920934daebd4fd153c28fc0b943670714db3e62d1d56204b280c2bcc11
human-03752,human_context,closed_qa,14084,context,244,136,0.029046,0.504098,6893a356c4fe6d7fc4e9238b6460f9fe3b77ba53e1544a0d444e010ef52015b6
human-03753,human_context,information_extraction,7285,context,356,215,0.0,0.365169,a7640681a36cb636342a8ee48dcab110662766b10ea25e52fea8c0b10dc469bd
human-03754,human_context,closed_qa,11203,context,137,84,0.0,0.510949,d23f37056ae68c27cd59de2e156fc2dddff728c5320c8974c7ddae1a54dfbfd9
human-03755,human_context,closed_qa,189,context,172,104,0.04142,0.453488,4791e45550071ec06af0873e1aa579b5fbd14ef114b730c765cb47944f90f81c
human-03756,human_response,closed_qa,4711,response,156,109,0.0,0.397436,bdb9355d31e2be6332c254ea7e1e0265053d717720efa8b95d671ad28142be75
human-03757,human_response,information_extraction,13664,response,166,105,0.0,0.451807,1f8b89d0a0f4b587d900717aaef41868fe1b66ca368e1038fe52ea80e3d90ce3
human-03758,human_context,summarization,3759,context,672,304,0.095665,0.419643,704a2fb8305124e67329e50cd28b9410a9979c5e9d4ea07e900b705933207b2c
human-03759,human_response,creative_writing,12957,response,295,159,0.003425,0.464407,18691d3da3a87cf99e458a56dd941f755a560f945c11abf00113f59240d3078e
human-03760,human_context,closed_qa,11707,context,303,148,0.04,0.448845,42809396bd35d70700a91ed3324329fc6072161b4623ca58703b231ee141ee53
human-03761,human_context,summarization,13784,context,231,61,0.118421,0.722944,c687ec3eeb509bcfcb26043c9314aaf832f88984ef50f48f49029bd98f47ea02
human-03762,human_response,closed_qa,13719,response,166,110,0.030675,0.457831,0047f2380b9f23c385a19ce275dffc4c90d80593995558bac875ea0603e5abb6
human-03763,human_context,information_extraction,13156,context,280,157,0.018051,0.375,a8904193b6d8b5fb219885462706f37fdb5e0fff7af26e595f2a5c815153e23c
human-03764,human_context,summarization,2118,context,149,98,0.0,0.456376,6a7665d09fd2d82e914e27e1991fb38c727fa86cb8ab5ddc79102a1ed0a01772
human-03765,human_context,summarization,10290,context,148,83,0.048276,0.547297,291c497d61b86e4c016cb4e0a80ea667d6f85a96ea4c3c52831c9706b20d056e
human-03766,human_context,closed_qa,12253,context,554,261,0.050817,0.435018,31746a7e72ae5ed994716abf16b9f01c47bba3458d8c2bf282d2db3b6b4b1df9
human-03767,human_response,general_qa,9482,response,186,125,0.0,0.424731,21d6a40a33eeb8ced149eee9ecdcda89bc956f3ebbd41515d99e08593f219b70
human-03768,human_response,open_qa,10461,response,335,187,0.012048,0.361194,0745421e08fb3bc17a0f08ef9af2c78a88ad08a03509df4b8c917824812a029e
human-03769,human_response,general_qa,9541,response,1971,663,0.03252,0.345003,88143a667ad8eefd641648b261c515933e3866212861b3c59db084e1dad89020
human-03770,human_context,information_extraction,1538,context,325,177,0.003106,0.381538,0ec27b5c4db74c12f1a35423b163b48980d900b1e7b42a09521fac83b83476c8
human-03771,human_context,closed_qa,1613,context,262,109,0.084942,0.591603,c795f8007a241d5a620739f3a3e4b0ee74d30c6f73c702dc05fa6814b640606c
human-03772,human_context,summarization,546,context,413,240,0.0,0.355932,d2e9959f7fb5cd5d2b6422f8672906f92df694dcf6cc692fb019c7975cfccc6f
human-03773,human_context,information_extraction,9707,context,653,286,0.064615,0.3951,21cffa73aa00502dd9d8d066ec1a9f27b61f370f8530688e07f3385e58a8da7f
human-03774,human_response,closed_qa,1437,response,129,91,0.0,0.44186,a176f6ee4093689c26333e00da4ee50a67ba3a1280349832ea408b0721aa644a
human-03775,human_context,closed_qa,13939,context,244,155,0.004149,0.372951,9e66ee6b026a364f5fa16e2464e2577f54fcf820787e824b2dc0c0a1bb45dfd4
human-03776,human_context,summarization,8403,context,146,105,0.0,0.417808,8e8b4897dd3bfe67c1f797a7b0c61d360534c34fef21c3050afefef36a38952f
human-03777,human_context,closed_qa,377,context,139,94,0.0,0.467626,27f088f87ae2ea0b82b29bcaf4066cc16974b99263e093a9bbe98d561906fd12
human-03778,human_response,creative_writing,9657,response,143,87,0.021429,0.503497,1bb22488737da7fbff2de7747fff3b45b639ddae45f43482aa0bed2eedd6e73d
human-03779,human_context,information_extraction,858,context,196,119,0.0,0.459184,872e6da037551fb4876203c0dbc234ef7677d07e055f30a0a356239a5c21726d
human-03780,human_response,summarization,11155,response,150,69,0.040816,0.626667,c54402e30d3927d77053cddae047c9658fb179710f560c2fe8417495cad4720e
human-03781,human_response,creative_writing,13051,response,176,112,0.0,0.414773,9b5f382f621e66fda9c61b30eeadfd7850a964d61a37d43c9d23ec761bdbc52f
human-03782,human_context,information_extraction,3257,context,201,106,0.045455,0.537313,262e252ce63835e16da481404efa4e7ef0653875bea7e59ca13bdc955fc05648
human-03783,human_context,summarization,9795,context,195,109,0.067708,0.471795,a4f25e9768733d0da6f0c55dca7bcd5688331eb8c28b7e930fb63c6323357e2c
human-03784,human_response,closed_qa,1882,response,215,118,0.023585,0.446512,30234a30e3292a8b06c13875fce509f6eb31e9c2ae87a186af2eb4015d2a9c98
human-03785,human_context,summarization,4759,context,340,166,0.065282,0.405882,f3a9e2832df603ebffe5fd9cb803d47c667137a3a3b881fcb5e7f3465d1834b9
human-03786,human_context,information_extraction,11345,context,247,149,0.02459,0.445344,c3f61f707f4e7648d1b4a7b7bf270b2c7433a2b71479718284125513c58b955b
human-03787,human_response,creative_writing,7785,response,212,136,0.004785,0.40566,0866e1473a26098bee7176a4c0338b57ccc904d63b66952412a4f21f0af36fbe
human-03788,human_response,summarization,7194,response,327,188,0.018519,0.397554,c3616fd813f3e623c8bfc4f7f32a234477b1b80e955112e721611c1ff9e4acba
human-03789,human_context,closed_qa,2000,context,378,209,0.032,0.375661,338a32140b4a4691d61ccf5324015d61e3453ca979216561d1e3758b0062bbd8
human-03790,human_response,general_qa,539,response,372,147,0.02168,0.551075,3e9ee51719776dc1bff4a3e4d7d41a4b80afb2a97a6b6303e51d287525c79647
human-03791,human_context,information_extraction,12366,context,206,116,0.029557,0.480583,c7156a2b34db8ac651fee07a068cc30db7a531641ac9fe44e65029720edf0258
human-03792,human_response,general_qa,7178,response,169,95,0.0,0.508876,f77bed90dad29517ab183beba7576422158ba6b081af83b10f0ac35f0aa04a31
human-03793,human_response,general_qa,2218,response,157,97,0.0,0.471338,fa6b60862216fa7c658768582b99ab0a5ee5e6f395b52ed27b1ddab9ff52d5f5
human-03794,human_response,open_qa,5081,response,168,100,0.0,0.434524,b80f092b588b80be4275fcda67f5b252e527f78d215079b24a5d6d46a6d7b734
human-03795,human_response,information_extraction,4177,response,249,93,0.150407,0.64257,8f23d67dc5f5ed733073deff8edf6157c580de2dc56595998bf30085e3a9d41c
human-03796,human_response,information_extraction,14779,response,392,188,0.087404,0.397959,eac95ed5ead80e8223a0ff172edc666bf548e0daa1d02e4ae3ed547222924755
human-03797,human_context,information_extraction,4658,context,445,221,0.00905,0.467416,5e79eb571370a6afea29a0dd3608461839eb27a9c2b937d1c5720707a79c7b7f
human-03798,human_response,general_qa,11311,response,331,183,0.027439,0.435045,926b74a69ad402ce5a18b908a8f4b5d2198520bb28cc3b5e53cd3436ff8064c2
human-03799,human_response,creative_writing,8476,response,133,100,0.0,0.398496,3033e8bf22818204d8184d8d8b676b6c22ad4b137cfc259edfcb90befb5ac42a
human-03800,human_context,summarization,81,context,198,123,0.0,0.444444,7d08666f2fc24466cfa33f7cbf1e1959428c0f6fe4b12c4f144c8bfe55b967d3
human-03801,human_response,brainstorming,4739,response,276,145,0.014652,0.536232,2146d9967047f0696196b6047eb4a411048d03fafe76cdbe0670362d2535e322
human-03802,human_context,closed_qa,2079,context,261,154,0.011628,0.425287,181c8346f1c8cceb87ac8731c1905088963f9c02e481301a6d90174558a48975
human-03803,human_context,summarization,5895,context,183,118,0.0,0.448087,834f377f85702383461ccdf2f6830f755d53a871abd2f6860393a6bc4a3487bb
human-03804,human_context,closed_qa,3054,context,173,105,0.017647,0.473988,46363d6886d142c5c64e0d26d5350caee561abc2ffd5811ae1442cb4f58daa6d
human-03805,human_context,summarization,11691,context,289,133,0.08042,0.519031,80a54f031d93b182e300d77a632b874ee8a321b1159fbc680a7926b228450fb0
human-03806,human_response,information_extraction,1749,response,141,42,0.23913,0.843972,0f36900197742dd24a76e53074558fe328a567a5b82411702433663835d05708
human-03807,human_response,creative_writing,5448,response,251,139,0.016129,0.434263,f6ca8581a6dabc3e4f459e7236c404ed87e0908a501ae18888a3da36e9ca5083
human-03808,human_response,information_extraction,6915,response,590,271,0.049404,0.413559,3187c1995cfe580eb0279601175f8844287843f03172736bbca8c557dfb57def
human-03809,human_context,closed_qa,961,context,201,134,0.0,0.432836,5768cd95f59eb2bf6a14790343128cd5c3d36a092c008287914a7520981a42f9
human-03810,human_context,information_extraction,8264,context,765,249,0.047244,0.407843,42916275dbc7b059ce4fe62a16405bee9eee7fc0d7bb56414274ae760015027c
human-03811,human_response,creative_writing,2887,response,325,144,0.037267,0.486154,5777c14e59a4aa74013c73a5310052a51a847b8b4523a8ebb6d648f40cdf59dc
human-03812,human_context,closed_qa,4139,context,177,108,0.011494,0.440678,70e17291164969f4e74a5a06dedfc91933630bfb7f760254fcb36749185ba6ca
human-03813,human_response,closed_qa,1573,response,690,261,0.05968,0.453623,2f078f352f9db72f3904316cf20a73f221fa8d653c6cc5c438220f0ad7f00f7d
human-03814,human_context,summarization,11437,context,249,139,0.052846,0.417671,9289b39b3d7d51983f364eb68734e9a10ebe8c13465efc93f3d3e0f97f0f0e8a
human-03815,human_context,summarization,12792,context,1290,563,0.028749,0.318605,9603e3e62cf95f2537898fdca8f15a681fc35f9baffa25394e7f95874e76780d
human-03816,human_response,summarization,3822,response,176,125,0.017341,0.386364,555af32fb41b72de54cd898d9f7a978f2587641cd2d8a32479a78432a440ee69
human-03817,human_context,closed_qa,4397,context,168,99,0.012121,0.482143,2745098852ae9be2360d1a5556315e80f8b5ef7fc33750880205e93d94a14136
human-03818,human_response,general_qa,6246,response,201,101,0.085859,0.527363,8ce7c489184c5fa0d30eda3e545024810941d1aa47f2075c5dbc7be8e46e3516
human-03819,human_context,closed_qa,6890,context,313,152,0.067742,0.453674,18d038b49357e138e512917e0118ed2044205a2f75b1c85c7a0b990daf49a6c4
human-03820,human_context,information_extraction,8400,context,145,87,0.028169,0.503448,534010ff6e1d093da43d55e8157ff5eee8714b6b6ae70cd3818a189a5bdd763d
human-03821,human_context,closed_qa,4665,context,261,142,0.003876,0.455939,4aedc914500cd5d543f42b64406aef237794108bd6edb9b009ea9b1434e7f04a
human-03822,human_response,information_extraction,10236,response,138,90,0.007407,0.471014,62bde0231965f9a7c9fee0c5adf7423a4d251097c08884678d16425da48b546d
human-03823,human_context,information_extraction,2326,context,698,362,0.010072,0.312321,53a0d68880107abec9eda61ae7c694bdf00a92207e4f5d10bdf3daf1aa61b45e
human-03824,human_context,closed_qa,14313,context,322,173,0.037618,0.425466,bb3a8ddc2735bbe544c4274531692e78812c5fe5bfb22cbb819082b2c20eb331
human-03825,human_context,closed_qa,11507,context,135,79,0.015152,0.518519,aba1381711c3e0a0757dd48187aae49f0dfd8b214dd80d340c7afa21fd646acb
human-03826,human_context,summarization,8937,context,154,100,0.019868,0.461039,d190cd2050ff8622f448ce414addbe895390f79dfc462a97edcc097f6bc63ba4
human-03827,human_context,information_extraction,16,context,234,123,0.0,0.5,3e6914ff1f4d523dc506f3a86a2c2e5499b63bc5cc4a3b32a2efd1630d87e90e
human-03828,human_context,information_extraction,12970,context,143,88,0.0,0.517483,c46f0c0159dab82ab0741c53c599e862cfe62afd3f83dbef3923be43f41a2fb7
human-03829,human_context,information_extraction,8919,context,441,229,0.031963,0.424036,5102bdee2f80320fe085ede5a849c6a13607f6a6c0062bc291eb29febe2cc41c
human-03830,human_response,open_qa,1582,response,182,96,0.0,0.483516,7f113f3ccc534a2a8e72ea5cef990fdf5a27d10e43b8901cb2a8b617b6593796
human-03831,human_response,creative_writing,12503,response,699,260,0.057471,0.439199,ff57a0a5c07d9763ad9a5edb42d4ffeff0ddb0f6994d97b8463652f8275e30c8
human-03832,human_context,summarization,5539,context,387,162,0.039062,0.436693,9262ad0aa44f17273f9fd8480dc2e699f73b40eac5e0a1af07ba6854f9927816
human-03833,human_response,open_qa,9229,response,191,115,0.0,0.413613,da0765cbf07e606f634755e5a16d33cb8b1f9e5d91ce8b3fd52522ed7022ef9b
human-03834,human_response,creative_writing,11299,response,295,159,0.006849,0.450847,fd246abcce50d46c29f217093130573a9868278e0c43ab70708b1e3d6ddbb777
human-03835,human_context,closed_qa,1353,context,271,132,0.011194,0.512915,6521be8fcfbb2156451626236699408bb0b8458a1934235b5e686a8b5bcd13a6
human-03836,human_context,information_extraction,13844,context,374,194,0.021563,0.411765,8acc9513dd32361bffdc31096a66127146a94ff50e33f246d0525b10b99be015
human-03837,human_response,creative_writing,5708,response,365,193,0.005525,0.438356,e8dbbf5d102cf9f605a959bf7047315eca134af6327c612b64316294904eff06
human-03838,human_response,general_qa,7418,response,463,211,0.036957,0.425486,27eeb78287a87a6e6aa93e55002775e4a7c7ea4e2548cb262d5138229729a700
human-03839,human_response,open_qa,10627,response,222,121,0.03653,0.486486,0e6be24be99666ac199fd570db5cf0c6dbf3f8ba1abd2147b4af2d72ea2ab072
human-03840,human_response,open_qa,1973,response,146,98,0.0,0.458904,56abd7956aec9202f76125e67e52c39ee30fe17f4e12997a62e32c335c0a5c89
human-03841,human_response,open_qa,10082,response,174,100,0.046784,0.436782,ca8e76d78fddaf685efd41c18dd56513100f6d19f3764b34935e5987f2435f77
human-03842,human_response,creative_writing,6768,response,1764,587,0.034639,0.361111,efce9e6fe9bd98a825e33e4cab774fe2acdcac8088e7f98b6cc1ec3bf7f2dfb7
human-03843,human_context,summarization,70,context,258,91,0.32549,0.5,e7b0df5287c8f97f0be5854f174dd70511f48185d1cb25f273c50987dab21c8a
human-03844,human_context,summarization,4219,context,1046,509,0.005753,0.347992,81d787094d566a19db75011d7aa4fc1c09abea54332871d64b6d64c17530c7ce
human-03845,human_context,summarization,4809,context,225,117,0.076577,0.533333,b5b855ca9fb0d4f5016f0fbf2327c62a6e3d34a420bf057ee80e6a154bb7bce0
human-03846,human_context,closed_qa,11657,context,186,107,0.038251,0.473118,020625c7ca3a072e2a228a64b997cf46c1a679101278e6340529162d4b5b0c3c
human-03847,human_context,information_extraction,637,context,157,83,0.025974,0.528662,8e0d690f208faa658efe7fd8c572b0a94b5a77d5b90f9f1eebc6c76f10c3c927
human-03848,human_context,information_extraction,13498,context,378,162,0.056,0.507937,a0e48af713d11ebca83a14e1c879916626e660fdc1029c00cfb88201bb90be06
human-03849,human_context,summarization,12062,context,246,122,0.045267,0.51626,3bc77c868fa69407fe87b238f38438590ed273f69efa7e747a811fb37f00d25f
human-03850,human_response,open_qa,8658,response,579,277,0.036458,0.409326,e57f8a43879726d3f6cf06488d75b277b50bdc207d6a8eaf886bbae1ce068f7d
human-03851,human_context,information_extraction,3808,context,185,99,0.159341,0.52973,d5464aced0beb810ac0fead8fba6fc2dcbccfb4a794ab1131d221f7e9d0b7d10
human-03852,human_context,closed_qa,5483,context,1281,468,0.016432,0.370023,3d693f810ff5fdedc168ec2ed812f5c2ecfa6dec61623b924e96c3e68b843241
human-03853,human_context,information_extraction,5623,context,184,119,0.005525,0.434783,09da2b16c29c65ba0fd044dbe85fbde1641be2c297862418acec64933015c6e7
human-03854,human_context,information_extraction,4363,context,180,98,0.028249,0.5,20c195138e81c541a5148f6a698db5e990dbeb8b0c426838b578a8dd4b5bb943
human-03855,human_context,closed_qa,3991,context,181,102,0.005618,0.486188,f0b2fe07e50b3da76ba42a4f2a162f1a4b23235320f8886917fbb96c62665ed8
human-03856,human_context,closed_qa,119,context,372,200,0.03794,0.370968,fbec9d9bf5a3df0bc254e310a8ad16f760c5709010c2ea537e606b8957327ecb
human-03857,human_context,closed_qa,13992,context,200,89,0.071066,0.545,2417f4aed863c748d2a1833266249077421ce6d32b17e317377be692e165180c
human-03858,human_context,summarization,7111,context,898,379,0.025698,0.390869,8a6118ba0c0e1bd3a11e59cf7955b116a546bb725ea4486df131d0a5767eb4d3
human-03859,human_response,brainstorming,4692,response,1509,506,0.036521,0.387011,9bb317e24b1f22496aef777e734f168f319a54ca882c951294f4c02afc5c82d3
human-03860,human_context,closed_qa,5272,context,145,94,0.007042,0.489655,6519e71b9574c8a32893df046fd26af994190eb447c21272b61a89e61fcb93cf
human-03861,human_context,closed_qa,2349,context,275,112,0.106618,0.563636,27b97104c3e7d1daf7c32da62ef8d5c2050cc2a9288e647cd5db5e2c377b4a59
human-03862,human_context,closed_qa,9414,context,171,110,0.02381,0.409357,109faf8a9ec7ef9d1530da056a37d150d0a8940fc922b4c63207392f9d90e48a
human-03863,human_context,closed_qa,863,context,238,114,0.029787,0.483193,806bb91a6834382573eb25f7f1b5c7851bc79b52cf3af93bb8cc2e90354445ff
human-03864,human_response,open_qa,4995,response,133,95,0.0,0.413534,fafb87cbd0aae770548fd78d074033ce4238c76454dfb7f35e8d89f18f27e0d7
human-03865,human_context,closed_qa,6415,context,153,99,0.006667,0.464052,c9a739c0c043a3eeeeb6c611a6b8b6b25c79c3b9cb49a6d96841cf2ec33839ca
human-03866,human_response,brainstorming,884,response,195,121,0.010417,0.405128,7ffc5aeb15c1715eda279937333f8e43e03949528dba676eb5f8cbbc3b405cba
human-03867,human_response,brainstorming,737,response,132,86,0.015504,0.5,d32274571f15a55b1ef400fa34fbd3ddaeaaf082b2565809f00205c1c166df12
human-03868,human_context,summarization,6028,context,232,138,0.008734,0.426724,c78acb689b85cc2982f1ce053899b3cf884af471e20b95cd63b09cc9048a3f43
human-03869,human_context,summarization,6638,context,447,243,0.011261,0.375839,9deea88807dc9a6f50eb90daa4a5e0c45c45e35bbc69bf1308a124588d040df1
human-03870,human_response,creative_writing,5030,response,141,87,0.0,0.524823,9a553873910a69e3dfb5ce711fe814df1323255286e0e4f65bb1ec78840c0b1a
human-03871,human_context,information_extraction,1354,context,143,86,0.042857,0.517483,febbea1ad946fff17c724db76e9dcda6e20fc9397ed2ec4a3ca94d45521a2532
human-03872,human_context,summarization,3353,context,548,294,0.00367,0.341241,5cfa28f2240a9e9e8ec964e2ae8d13dc5ca42426beec34c4a18ab3625e5e84d3
human-03873,human_response,summarization,6004,response,236,104,0.137339,0.555085,c3719e809a50c2546a90b049ef8b571dab71f533000841030d257c55ddbe64f2
human-03874,human_response,general_qa,548,response,220,135,0.0,0.431818,3487108c8573452b6473731c0b72c61343954e8be407001b1d2deba7bbfb1a23
human-03875,human_response,brainstorming,3367,response,153,102,0.006667,0.464052,3da7d85c970381514020df820391a78c05e1c7e61bf970a9e3cc73e8c269dec1
human-03876,human_context,information_extraction,930,context,189,106,0.032258,0.486772,a8a61b7b9b68ff368cfd320f9471690f1dccda29fa9d45713f39a79235129355
human-03877,human_context,closed_qa,2256,context,133,84,0.0,0.518797,c14afacce1bc44cbda9436c0383a01a466f2195143dd926ed1fb9aaa7911c6c0
human-03878,human_context,information_extraction,13200,context,201,119,0.010101,0.462687,0001b6ef3f7ac3775e3543e93f8654f7a89ea8c30fd7bda012d0f72b8dc8d28a
human-03879,human_context,summarization,4941,context,322,165,0.018809,0.409938,75733b87f90ff3a5432faa33ad91deb338a526ab29cd7611d4443bff3337d37e
human-03880,human_response,open_qa,12099,response,142,101,0.007194,0.401408,78b84a275be9a0ab9e26a423702f0319ad40f09e9fe036d272f678a7c85c5038
human-03881,human_context,closed_qa,4064,context,276,137,0.062271,0.481884,e098fa1dadd008d8dc32962e11ba5385f49d9afbf7bbf257aa2dae545ff5d1e5
human-03882,human_context,summarization,6511,context,367,204,0.008242,0.405995,c22a6d54585bc19d5cabb9eb565d4b19f7616b55f01dc2cc11708d58458ae4da
human-03883,human_context,information_extraction,5196,context,460,251,0.02407,0.371739,50144c3ec2f27588eade4bd12b90c264b4887c92782afcd4b00dea92722acbb4
human-03884,human_response,general_qa,4437,response,220,129,0.023041,0.445455,b8d3c956c5686c8a48a7c3df8ced7ec9b38bc079a41c44b4e5bcb114b0afcb11
human-03885,human_context,closed_qa,313,context,159,101,0.012821,0.433962,33834e68e60ffaf40a468d6c5f4d091ca3db35ebb1ff6a069f64e7806bbe76ac
human-03886,human_response,general_qa,2883,response,156,96,0.006536,0.487179,d7896403e4ef29adc69c4f0428e19d96f5a7a260b6b15e371fb1c220e0e55158
human-03887,human_context,closed_qa,9863,context,245,150,0.004132,0.420408,e054dbaeaa13be6df366941eabe29c8125b700c528cb7fa7462b626e77ed3d80
human-03888,human_context,closed_qa,5696,context,180,105,0.028249,0.511111,6c5b6f4b1d5cafb938c4734a6b8d68c34bfbefa12ba234cb8d61cd82873a57c7
human-03889,human_context,closed_qa,10847,context,166,100,0.018405,0.463855,bc148852374c8037fcd6c26c9b8647be506c636a7aacd6fbda7059ab391cf444
human-03890,human_response,general_qa,12176,response,408,223,0.002469,0.39951,7c7db8a733c1801cd6b75d58548a523ff699cc22ca42a94e35bb71bafd147a4f
human-03891,human_response,general_qa,10882,response,178,107,0.0,0.455056,31024496c4020dbbc1b28efa83bb9e549062b3ecc156bc74df9eb3fe30eb16d8
human-03892,human_response,creative_writing,13600,response,152,100,0.0,0.460526,bc1989de76ef56f7532266349bda4463c1fdae3b3b17c3857d5628445788d9d5
human-03893,human_response,creative_writing,7202,response,185,124,0.0,0.378378,53417431be1b6690d8697d51e824280157d7aa797cf930969aa5a094c35cff86
human-03894,human_context,information_extraction,12149,context,1036,511,0.018393,0.32529,eb6f83dbe712481f4fca44f310d712721145026f2097296b48a7e51a0aa20f9d
human-03895,human_response,information_extraction,12318,response,169,70,0.13253,0.704142,c373a64093864933b7c1aa2d32b2faf20c4aa905ac53ff0616ac4ee377739da3
human-03896,human_context,closed_qa,2056,context,449,251,0.002242,0.400891,72dfa3b46308aee4dd5cd07793e794b9d5b15a6a6f892a7a47a35ecbf4194a97
human-03897,human_context,information_extraction,13664,context,147,100,0.0,0.442177,5f35955aae41d7dc5cc50c76a320cc714ed693da7a923dbec133069a53dd8f27
human-03898,human_context,information_extraction,6241,context,277,151,0.018248,0.415162,12884d1f43cff2653e56cc411b7ce86bc61b68f7e40d0216f201147d71db917b
human-03899,human_response,summarization,1542,response,338,185,0.008955,0.372781,7459824e0e2feb1089c19ac17092dc17a8c37fe73ace010f39045df949a6c68d
human-03900,human_response,general_qa,5517,response,180,104,0.00565,0.461111,31129c264491a44f5cc06d7f65a636414eaf8bfb29644e872a5ad77e82d145a9
human-03901,human_response,open_qa,7187,response,141,93,0.0,0.475177,c85ecf115bc99f924e7ab242ea48726e9fb8c361b6bbff7a8aed956687e80ad1
human-03902,human_response,brainstorming,12934,response,452,199,0.120267,0.497788,3196af9ccd2a2d3ccd563a034fb121eaa6ee7c9eac6593c0a86424c857a5e94c
human-03903,human_context,closed_qa,602,context,374,199,0.02965,0.406417,887a951b5c2caed97fd98b78d76d333a5b49c959b7ddf57e2092dc39d7a75de9
human-03904,human_context,summarization,8902,context,451,221,0.037946,0.396896,344f7bf719fd883039850f61fec07175fa78cf7267ab18bb04ef180f77bc9f36
human-03905,human_context,information_extraction,1875,context,1097,467,0.021938,0.353692,20654b4a2a8947d72f53a2360bb9dfed9aef70a12003905e4fa4612eb8c3a706
human-03906,human_context,information_extraction,5370,context,360,186,0.030812,0.447222,04b99b2c0fe27674c0cf22b9bc902147241e5cd1e4bbe3a8c0850dc45eeb1802
human-03907,human_context,summarization,7915,context,216,115,0.051643,0.50463,9b2db2e280d0c9811ec59747ad400b1eacbb5a53547f2c8bca2905f1ca5feb22
human-03908,human_response,creative_writing,7696,response,164,107,0.018634,0.414634,1599df09a47c9eed27affc3ce7dc7da12fc445fca9323af579060c5e998c72fe
human-03909,human_context,information_extraction,4302,context,221,157,0.0,0.357466,4857fcd5edb6deae4ee6fb82f1f87c47d1fe44ed70f9b31db0488dd501d8b06d
human-03910,human_response,creative_writing,11798,response,255,140,0.0,0.443137,7794fdcb35d31faa69b1cd08d3b26c2dc0780b570bfe6855d76dc5cf3069f45f
human-03911,human_context,information_extraction,14275,context,546,159,0.095764,0.584249,81f7c4b08b155e8e35c7ee4f0c64aec2a3fefe308934007a6c402e6e241e2f1c
human-03912,human_context,information_extraction,2024,context,191,114,0.010638,0.445026,0885f90a8e64622212ee0128ca79f245b1af961a26b35c0123527f9baf401650
human-03913,human_context,information_extraction,13258,context,168,116,0.0,0.39881,7f3ca19c7fb1c146d7f42077ec471e612aeda730be2be799a716efd3660b6538
human-03914,human_response,summarization,14721,response,303,165,0.023333,0.379538,12ec6524086f93ae052f5b866c2201a7d611fbd9c59e0531e2c48d159f43fd11
human-03915,human_context,summarization,10849,context,140,90,0.0,0.5,04d18e8a3bd16f64ba9c4712f26db60a3ab5d4dd2be65da8712dbcdc7fcf34b6
human-03916,human_response,information_extraction,3288,response,135,54,0.068182,0.740741,a57f372b18deab29c83fe1d14b14441c5242c9c73fa8e849227754b052dc80a6
human-03917,human_context,closed_qa,1624,context,194,59,0.167539,0.731959,c4558e22ecd67731619a731100480f7d997e49bea7876c17b51521b5c08db731
human-03918,human_context,information_extraction,5599,context,253,112,0.032,0.501976,5d3065226c274e64d83d0e3d36a1c194def1627dc822b6ed0bd2accd1d1fcf81
human-03919,human_context,closed_qa,3454,context,417,231,0.016908,0.386091,06c35d70fdc6ccfdb94a1fcf59bba4cb88b805931bac41ce05e4318d2be7273f
human-03920,human_response,general_qa,1514,response,137,84,0.0,0.50365,b27074a8787c7f28c8b1141907f861c3d08b1da0557efb17ccaa3fb21b3eab43
human-03921,human_response,creative_writing,2223,response,240,143,0.004219,0.429167,9c6cfb6edb17afca497ccc438d4ce62150b7d1624e497ec6cf58af6b54f466fb
human-03922,human_response,creative_writing,14695,response,239,131,0.0,0.468619,39e6526a80fc35b07dded4e7b1d6b73fa48f7011b7b62c03f64d5fb0f70b6975
human-03923,human_context,information_extraction,5906,context,259,153,0.011719,0.413127,08c6e92730fceb8a4410a41c634698af98b0a38cd09c31f054edb7562f0ff19e
human-03924,human_response,general_qa,14940,response,433,234,0.023256,0.378753,3c48b928d8f64e1bc0a6ab379c5bcfcd526c9c3e141059c753eb753cc2328296
human-03925,human_response,information_extraction,1527,response,289,185,0.0,0.349481,14a963429088b9b93c557f1cf647e02d8ee9fb7162c70bfb0c11dda147606ec4
human-03926,human_context,information_extraction,2751,context,270,156,0.011236,0.437037,eee6036dbd965fb6d7c7c26733a15263d83f2c15e9d2c2e3847285a76671c91e
human-03927,human_context,summarization,4178,context,3382,1067,0.026635,0.342992,b73af20904e8a87a0838e98cb6637570af1136d7166cbcde42a08215084a242d
human-03928,human_context,information_extraction,5372,context,932,427,0.010764,0.35515,6a8bedd31e255c6116cd9787a1cc33358242611b2433f9e544c39718b0201c0f
human-03929,human_response,general_qa,303,response,131,87,0.03125,0.435115,e292e84e41a1f971b7f1d8324a280e76b1bea1179408df8d7f4f16de263f5fb2
human-03930,human_context,closed_qa,986,context,180,109,0.00565,0.472222,02c193be61996502777943c0bc45abc4d5c6ed36d780bf613e406cfed2c9f108
human-03931,human_response,general_qa,8926,response,152,94,0.0,0.506579,4dcfe4072541e10cb7d02e472ac0dd7b713249e5557b430ee690b352cc541c1b
human-03932,human_response,creative_writing,3505,response,157,114,0.0,0.394904,c631ba208617b0eda5d4d6137c7c0b7d5cbec74891f5805fa6b92cf6c9115a2e
human-03933,human_response,summarization,9295,response,131,85,0.0,0.503817,46b82ae76db4a7c658f2609cffc4a491392194120d88b616bf8301aea2c8a735
human-03934,human_response,general_qa,2551,response,245,120,0.008264,0.493878,b07394c93fc41ae1cf0155001ede356f1573d12ea707cd9ef408ad141e7ae9ef
human-03935,human_context,summarization,11601,context,216,130,0.00939,0.37037,f45e41bf5eebf7db71067d8cd742d68c318986e6b23d7adba20a92e9bab27fd6
human-03936,human_response,information_extraction,9000,response,198,132,0.005128,0.373737,f29e23b9e1bd5b38209143f8195ac142ac00db0cd1300644907ada95980e1cfe
human-03937,human_response,open_qa,13988,response,305,145,0.02649,0.478689,ed64631239e9bb787e6e31a1a14da91e28f97edfa138ca0d0c628355b27c7706
human-03938,human_response,general_qa,12633,response,138,89,0.007407,0.449275,e3fb9eea3d6070f0e868aadc95c2462a443da00290c38fa3ad35999eb78b7745
human-03939,human_context,summarization,1201,context,223,110,0.009091,0.502242,b782f997c865054888410a326fdf41fb10579f79862df29ae9c2417efee285ec
human-03940,human_context,closed_qa,12714,context,159,124,0.0,0.345912,f0688c56c83abbc91d03990f21ddc3d51c8e4875b5d6226e9962581dc0f64143
human-03941,human_response,general_qa,11643,response,170,111,0.0,0.429412,a728982dd148a8365b8230a74a1659d50f56da9751862992fe33f819672bfc26
human-03942,human_response,open_qa,11529,response,232,122,0.026201,0.456897,83137943c9f98c15cac3a3f88d42f935411371fed1f9360a20e2cf54733030f2
human-03943,human_context,closed_qa,7566,context,175,104,0.052326,0.485714,276c2270d796b2234c90249e4316d6daf3e77070b08dd68e1c5ae51f77fe8f4b
human-03944,human_context,closed_qa,6792,context,172,115,0.0,0.383721,a94646dc1b6fbc9c9aaca2741844c61c4eb4168c9a1767429d2a19ea6a713632
human-03945,human_response,summarization,14027,response,403,206,0.025,0.354839,13f9d46a478e852c1ae14689a1d63c95f60069bd4cdea0766969ff7742f6c49e
human-03946,human_response,general_qa,7533,response,158,101,0.006452,0.462025,25a9e8eb57f4ad381cec3cd9e3e0ed80543d36eead1793cc0d2a19605bba0733
human-03947,human_response,general_qa,6223,response,185,115,0.043956,0.421622,431a2f61ad77aabd3a4f117e46f242287881a9af9604bb00b321e4dcb2d68818
human-03948,human_context,information_extraction,7061,context,204,118,0.039801,0.490196,f437bc8fd170b16183a8fa7a7c3e2ad776299af9e6bae785346be78ff80b80cc
human-03949,human_context,summarization,12796,context,255,122,0.071429,0.552941,3c1e20716b993b9c00ce1447c87de1d717d0b1fe0f5f4c2af7dfc69a7a1fb58e
human-03950,human_response,open_qa,7992,response,136,79,0.030075,0.514706,e76fea2d6bdc8be6972499387d6eec71bbc0349a06ae54af4cc3272d86ff0f99
human-03951,human_response,general_qa,4963,response,347,187,0.005814,0.443804,2d8b8504d5d507ecd8e9ddf45b1f4b2b4f727468d512d8cece52b1e5151540ca
human-03952,human_context,information_extraction,120,context,185,108,0.010989,0.454054,f2b11cf4c405b288c64a71947153c47997883a85c2baf7025b7985397ca54161
human-03953,human_context,information_extraction,2464,context,392,170,0.051414,0.482143,5dbd8d45d963edf584f90c2312ba9076c7c23c704b6fafad1d8651339392e122
human-03954,human_context,closed_qa,7521,context,143,93,0.021429,0.482517,eef631c6c93fd1df09142d211e3ff1b93c6be7f01b94db964c5f23377ce7dc39
human-03955,human_response,general_qa,8292,response,1504,519,0.026649,0.355718,91ccb27334c65123055be25d4388e0e35c85ca963dc3daf1874df8454358f84a
human-03956,human_context,information_extraction,11521,context,576,303,0.022688,0.390625,fa6e8b8776250736de75416f47d4e354070243bd53ac5241c0a8d87d33ca742c
human-03957,human_response,general_qa,4707,response,131,86,0.0,0.496183,516fa998bff9503a0808b78ec0a00269ed7bf30e69ef3a0e846b1a31006c0176
human-03958,human_response,general_qa,10473,response,130,86,0.007874,0.438462,0520c2eecffcdd68f658fcdf6240c672324491a5f0943c63d3004fffa6067f28
human-03959,human_context,closed_qa,9172,context,478,204,0.046316,0.453975,ea3ad19300bccd16367f79293f8b3b2e01b98ff6036ce4de44bedb2b36560666
human-03960,human_response,open_qa,2838,response,399,200,0.04798,0.448622,543ca3e87d2dcc2690d12305d111496de5d67e5d042212ac38eba5160d6c54a2
human-03961,human_context,summarization,4253,context,205,101,0.039604,0.497561,188361a403a229c978870ce6b6bb5fa743343a54d3a3a7bb0834d4bafd460689
human-03962,human_context,summarization,2064,context,189,134,0.0,0.37037,bf90a91c4ed0de1937ec1b45657832e6f4518f1bb0c14f9028b0aa98fec18f23
human-03963,human_response,general_qa,11267,response,285,148,0.007092,0.463158,1dffd21ea9b37a4e82026192b1e3392e233100a2a9c521024d0bb4c2ff383dce
human-03964,human_context,information_extraction,11598,context,154,94,0.0,0.467532,b436ab245ee40601637e32880df40cb0f19c16311bc71f9fccc28e76d114a9f3
human-03965,human_context,summarization,5760,context,297,165,0.020408,0.407407,d881799b5a0d690378b3072227edcf167d0c01fd8a559f9735b720cf0c24f5c3
human-03966,human_response,summarization,9975,response,185,108,0.032967,0.427027,99097fd7f2294977b53740899fe668b6440f00e90587256dd677586257fcf39d
human-03967,human_context,information_extraction,7017,context,970,288,0.080662,0.521649,30ce91f74189e57c186c5f5cdfd437a60ac26d87b3cd1088eed15b44c8849212
human-03968,human_context,summarization,13225,context,427,198,0.025943,0.42623,418cb0a9464e5070760a606a81309d53892c1a142e3f5b0dde4ce00a34f147b3
human-03969,human_response,brainstorming,5053,response,329,172,0.006135,0.407295,03865d4770d78abd9be2188ea2f54e52f2a24676b48e33a922716e54995cbcb9
human-03970,human_context,information_extraction,5058,context,325,173,0.024845,0.424615,df2f6641086073a0fc4ccaf1fcafea95963e6c69fdabc756ecb216c3abc1390a
human-03971,human_context,closed_qa,10912,context,183,117,0.011111,0.431694,831bb0d92dabc1cba04ef6629719f0875c9b83365abd97f267bab37389790f63
human-03972,human_context,closed_qa,5893,context,253,144,0.012,0.43083,bacb3c4c9f1e09a591cbb0224fd3b995d403cf349874e01586f227a9877d8b20
human-03973,human_response,summarization,13018,response,142,81,0.0,0.507042,0260feac77ee2dcb61470775c48b7e640b6f2421de4061a98becdfe44b050a3e
human-03974,human_response,open_qa,4015,response,181,82,0.033708,0.60221,db635164d3bb40325183d4869abef2baba3fb12c25e9f9786f171f2a8daf2cd3
human-03975,human_context,closed_qa,7495,context,452,230,0.055679,0.376106,ec693b973580c855d80e698ba87d6c45c37cb35aeb375cd7b7ee5fd024a27bb9
human-03976,human_response,brainstorming,3016,response,128,90,0.0,0.453125,a6de0cb7586943f0bde6e776bcda35c42dbc580f992d278ac33b37d1ec7cb5b8
human-03977,human_response,brainstorming,566,response,354,203,0.019943,0.355932,b7669716ba2a9a64dff0dbfd9f4dfdae95e1d62bf637eb92714d12b3892a4c90
human-03978,human_context,information_extraction,2119,context,314,186,0.003215,0.372611,25300ec9247e1051e377186e200cc33c09995ad3282e0511f8049a453fe55523
human-03979,human_response,general_qa,9126,response,141,85,0.007246,0.496454,4e1a44cf0c8492e9e940e58a0f71bc04a4927db2a39cc9ea0e681c0408b27c91
human-03980,human_context,information_extraction,9111,context,251,161,0.012097,0.386454,16c9935ab73dfa23d4aadfc2a18819fba65a4e4f18db9dfe21df75e978e4637c
human-03981,human_response,general_qa,5369,response,176,112,0.0,0.409091,d818962f2ec7a10538511309bf4aa941833af348d687a363c22c403bc7806fad
human-03982,human_context,closed_qa,55,context,329,125,0.070552,0.56535,45e06c18aeaf2c49c61c4591063ea54723a09efe79fc4a31e2aa81d022760080
human-03983,human_context,summarization,5583,context,182,102,0.022346,0.505495,7b5a8db11216f5539fb87ec53e213b958ca8698255ac13f253f272b47b75dbef
human-03984,human_response,summarization,10626,response,234,137,0.012987,0.457265,e17e63e834859acd3d75d61e0ddb74414adf67d0817ce0f0560ee5bdd347c053
human-03985,human_context,information_extraction,2663,context,250,111,0.060729,0.528,c3ae681c3b705da5678158c323c1e144a5a615e37dbcf66f5f2b35e54e2a4fe5
human-03986,human_response,creative_writing,10541,response,236,138,0.0,0.457627,56044cac416b43c6490a834eb587c0ee978149e5aa959b1f934859c36fc56347
human-03987,human_context,information_extraction,3430,context,164,112,0.0,0.426829,77785466c0a70bd4f82ab546b83e9aafb6fd25c5102102fc24cc358f2fa4cf21
human-03988,human_response,summarization,12814,response,180,120,0.00565,0.444444,8dcd481d631022190562ec9019c972a704f0a5f81e17acb2625a68e70b731e0d
human-03989,human_context,information_extraction,10,context,137,75,0.029851,0.562044,7c2272f6de14ae79368f95596545d6895a3201bd911c93867ea47043421320ae
human-03990,human_context,information_extraction,4459,context,146,89,0.006993,0.5,7473f81afa9223054f960dfe229a243bcbace90721b8d1bb60b4147cb697239b
human-03991,human_response,general_qa,7912,response,405,188,0.00995,0.424691,177ca0f7b522a111cb8bc7ee033701383856ebe96f2b8062e225735300e18bb6
human-03992,human_context,summarization,14721,context,299,163,0.023649,0.377926,da5a81870eec67e4d8170509f127792ee452ecc7cc16b21b3e0bd37448617e4a
human-03993,human_context,information_extraction,2523,context,540,232,0.044693,0.45,7166a7f5635925bfd999fa7758e23c3ce7ab994fb1ade545fb99d97e3f9607de
human-03994,human_context,summarization,6500,context,265,137,0.003817,0.486792,a252f95c17fcf66619f64f1c9b8f76fa6d123d0f81e5407567bd868b544b3a5d
human-03995,human_context,closed_qa,14903,context,191,116,0.010638,0.450262,4ef4c5274020f992fbe507c6f1c0f7ccf7029447b5e5380a91eb5595cff913f9
human-03996,human_context,summarization,14765,context,162,91,0.006289,0.512346,f62b31db7dbf4fcbf122bf2e0035b97eefcbd4ecaaaea6a86be620cafda5059c
human-03997,human_response,information_extraction,10618,response,251,150,0.052419,0.430279,9e949c95e2f22353b007c1c572cd761e0a7a485780313564b40ddb05dca9ba5d
human-03998,human_context,closed_qa,10212,context,496,276,0.008114,0.328629,a054cfd091820c9ab55865a7cababcbd53208a6a1cfc0578cceccd0bf43319fa
human-03999,human_response,open_qa,12880,response,178,109,0.0,0.460674,6ada3752c4c42c4d491d8130a5700504b2208b6fc481c187f814b5ca01a3911e
human-04000,human_context,closed_qa,12233,context,158,119,0.0,0.373418,2862b237b17111f17b56b1d4c18e235fea346776095d3980b0e9bf1f85520dcf
human-04001,human_context,closed_qa,8997,context,187,131,0.0,0.358289,39470aad171529ff9dd3d058b15e6b4c3ab81add5133f0b72c3e7532eeac44be
human-04002,human_response,creative_writing,5074,response,133,86,0.0,0.503759,5efa35d98b948ea6fc1fd88fc8201564067ab4a508b1bc003d2f83d8e73352e5
human-04003,human_context,information_extraction,5791,context,327,150,0.08642,0.510703,7980fcede841d99428f7425c4cd6d4d56d80f22c652a4c221142565c2d399b2a
human-04004,human_context,information_extraction,6251,context,451,210,0.118304,0.481153,1839abfb72f42e36af90f23745249ce5674726c4d9455f76fef028e06da8c45f
human-04005,human_response,brainstorming,12816,response,225,107,0.067568,0.604444,729df8095146dfcd042eecb812ffe9ded2a743cd7e4c40b6b52d091d1044ffbe
human-04006,human_context,closed_qa,13436,context,148,98,0.006897,0.425676,41d231b29a69c38385eb383070718a5ff8f4ec1b65db83b2504e0b837b645c1c
human-04007,human_context,information_extraction,7006,context,187,121,0.0,0.433155,c2d177788c700dc2f176447d11d1b4faecc87ce38480a3674cd4492ab28ac7d7
human-04008,human_response,brainstorming,7091,response,128,85,0.056,0.460938,114fdb8098639eb055b7f2ea1fc1560382abc27d60f4bcc76c070fb2688da2af
human-04009,human_context,information_extraction,14034,context,156,99,0.0,0.461538,c15d5de25a5f824f8391af906f5a2dbc0a816db3b3db8505aad256fd38a01365
human-04010,human_context,closed_qa,14882,context,331,176,0.0,0.39577,cab6f09054fd7b42b31406abeb3cea34c3fd5c312a4f9e8f3157a7ca47bff1e0
human-04011,human_context,summarization,10179,context,138,104,0.0,0.391304,4aaf3efae8b8aa56f74723ed93afafc868fc5aaa45b3438bac2fae3e90554280
human-04012,human_context,information_extraction,14173,context,309,158,0.035948,0.443366,e32d8e6a3bc86aec29b583423127c7a71ce4968285b92fa1a4b2491dac01f105
human-04013,human_response,general_qa,11786,response,349,102,0.289017,0.681948,70ef09618251556e67a092e39d8c842795fd85949b0e20ed94fa073439938fc3
human-04014,human_context,information_extraction,10746,context,189,114,0.0,0.433862,d5969ce2d0b652e59acaf77212a942c5876c09f64fdc1ab6b1e120cde9fcc66a
human-04015,human_response,creative_writing,9596,response,700,340,0.011478,0.371429,dfdc0a18211d7fead0961376a757f0d8f79e87589291cf58f5785f7cc66ce623
human-04016,human_response,information_extraction,462,response,229,135,0.004425,0.406114,39f0af0157201255ebd3dbbed7df47bd7fe73c08bb48b6e50a372ed002052822
human-04017,human_response,summarization,1244,response,147,95,0.006944,0.408163,6cb49ab813088caedaec473241114b7dc647b4b6cd3bbdfa33b5e45fc6be9db2
human-04018,human_context,summarization,8337,context,204,119,0.004975,0.441176,6ad7df2ba2dc45d180e4568bd17cc9dc6e4b6ef8b8c72978527b6dab61eacebb
human-04019,human_response,general_qa,2257,response,271,140,0.014925,0.446494,b82cd6c45ef4b9f5e30f27224a96ff874e4d6c617f2f3634097fe692e54ee6f0
human-04020,human_context,summarization,8833,context,145,86,0.056338,0.544828,974f813c79a06303305ccce48dc2ba5cf077f4f77913530e4b7a4d84336498e7
human-04021,human_context,closed_qa,10765,context,381,169,0.021164,0.414698,c796eeabd954d8e6d374c12031df4fc8177a45cceb66e97422b7af8f794c1a73
human-04022,human_context,summarization,7875,context,738,311,0.065306,0.409214,8b6322cea7a6d1f3a7fe2d2c83334d80232b4b4b303ba46aa99ec164ceff9e5e
human-04023,human_context,closed_qa,11873,context,298,165,0.033898,0.459732,7a789e5853cbc519836916c83c1514d1885b69b1ed1b312ef4cc5cbc6365934b
human-04024,human_context,closed_qa,12232,context,168,94,0.042424,0.505952,ea83a7cb804b5b7030f1e0a3b7d2d332c5e0c4aa7038d1f6e85f90b3e7a3af04
human-04025,human_context,information_extraction,1699,context,298,104,0.081356,0.57047,49184c15a93780520c14584788a4b12696a8b509020b8bfbea2aa504f70a8267
human-04026,human_response,general_qa,4985,response,397,243,0.0,0.345088,5a994a3b78a97153c106fe202fb1ed615997f71e03ec0041e7393511750d64ae
human-04027,human_context,summarization,2276,context,357,137,0.09887,0.563025,8541401664f77bb20123543b48428e3c7d915044912539053bfcf662710d7d8a
human-04028,human_response,brainstorming,3569,response,229,127,0.0,0.423581,599a7a2d0bf06ba29d4557406d467d9d2ce73a432f45a48ea646e829c7c71faf
human-04029,human_response,general_qa,1002,response,381,195,0.010582,0.406824,9b259e3b34cf28d95687b3eaea50c1162a5cdf7f799283b6c2343d7b5dd37342
human-04030,human_response,general_qa,10781,response,296,168,0.0,0.402027,34ee39ef659b1486a34610501676fa8af37138b99d81c23742c779a764541229
human-04031,human_context,summarization,2572,context,136,88,0.007519,0.485294,e990612bcd8b421741e4830cb6a4d1a2e4062dc66525469341f1a96ea2c639e1
human-04032,human_context,information_extraction,7333,context,442,209,0.036446,0.533937,a5216907afad91e50cd7535986051143300f4e971d75ef1291d580b90fe2baca
human-04033,human_response,brainstorming,6466,response,300,162,0.0,0.45,34c8659792fe9ddd207eb78b1c135a3c3b46f0798e7825a261d383d976bd7577
human-04034,human_context,summarization,8667,context,135,69,0.045455,0.585185,a26efdc5e246043cb2fe6bf37b2a97330846794712dd44bb445ded30ffac9623
human-04035,human_context,closed_qa,6930,context,173,117,0.0,0.416185,4596215b465a62e851bd7dbb239fb2eae7e981e9bb8ee9d07d4607319b00312e
human-04036,human_response,general_qa,12555,response,139,89,0.0,0.489209,28331f662a7ad8a4028ccac0f30ba19f113f31c74c12507c0c2594f15ffe0ad3
human-04037,human_response,creative_writing,2619,response,370,190,0.0,0.437838,18aa980d40a23a2f81971223b0f972ab4f4825f52127b052850339f86aadad84
human-04038,human_response,creative_writing,10451,response,177,107,0.0,0.508475,a03fd44075b2f72b64fcbd81f4af1c29ebe73dd767a3eda37c6291ec53741317
human-04039,human_response,summarization,11437,response,1319,534,0.040274,0.346475,0df2d99ea53bff6395f765f75d3d6e96216d60c4012810cf33511ca3893140a1
human-04040,human_context,closed_qa,4682,context,342,187,0.017699,0.394737,206c77b8c124d92e06e1d17e96185b9de1af8fdc4f6ec8afecc0ab88b9a9a47e
human-04041,human_response,closed_qa,11043,response,200,122,0.025381,0.43,9089c6ae57fef3aa7c21b4bfcbd15726b7fe4355243cafade2726e4051e090f8
human-04042,human_context,closed_qa,14606,context,155,111,0.006579,0.387097,d0ff38bf420728d6573200969c68c481a78ca05547b1fed911826e5092bbbc39
human-04043,human_context,summarization,9713,context,289,179,0.013986,0.363322,c39a4687120cbd4d6c294dbb6fdf96da0542e28f8fa2e64d35b53bb5864c5391
human-04044,human_response,general_qa,3003,response,144,93,0.0,0.486111,e9c904b8ac48bf498f52c27ba9b924a7615dd9ef08f0ca306da5d84f9050fad1
human-04045,human_response,general_qa,3610,response,362,217,0.0,0.381215,11b9a518d9bbb755c96f84fc4561587abf78b8ac50f4fd95965aa38431ab1098
human-04046,human_context,closed_qa,5496,context,177,113,0.0,0.451977,24eddcdc9d64a60e30966f493b7702dac98ce3bc3f67881b5c8b4614f40e882d
human-04047,human_response,information_extraction,10217,response,660,282,0.066971,0.448485,a44362925c8f8472a85d673e84d8d7ec32db1ace03f3ebcefeae4b683fa2cffa
human-04048,human_context,summarization,5972,context,328,197,0.0,0.344512,62daa66df8103adf0de9c68d457f8a511a97f8e0a5a7ae07f89ee8c3125ca457
human-04049,human_response,brainstorming,3844,response,275,149,0.011029,0.425455,b4a9c2ffc386bb4c6bba273615233c2407249229bd25dbb43ddf089e222b681c
human-04050,human_context,summarization,11479,context,220,135,0.009217,0.413636,e6cde04f93234fe27ae382974541599ee7dbd8ae29a0b5c00d33596f96cc4b2c
human-04051,human_response,open_qa,6024,response,723,320,0.0125,0.39834,8c819edb4182ab71467a9c0e772a71108c5936e981920508adfc8f0ac4f24b20
human-04052,human_context,summarization,10898,context,596,301,0.010118,0.392617,1b31347bd5a203ff89f7753fdce86dd9c9555f80b0d2a8bd51229a2b5c3a08e4
human-04053,human_context,information_extraction,14771,context,156,105,0.006536,0.403846,a076f61949313807d79f8f4f41eb4c1a87105868b2b3f12a25760988f1419502
human-04054,human_response,general_qa,6152,response,128,79,0.0,0.515625,d2b9590c6c3723930cb1b654054608bc5cb7af1533078616250521368a71847c
human-04055,human_response,information_extraction,2523,response,131,94,0.0,0.419847,2e08cc4d4599f1cb919120014890c499e03bb79e12a10cd06e6db3ef87dd8032
human-04056,human_context,closed_qa,5063,context,206,109,0.014778,0.524272,b4d3c3127802bcd661f43e08bff72b2a1d7661b1262c5271e8edcb140e99d1ad
human-04057,human_response,brainstorming,240,response,135,88,0.0,0.496296,909fea53d6bb8436dfbbbe86a456e34e50e1eafce5a56951e190868acda8ae93
human-04058,human_context,information_extraction,2414,context,462,189,0.050109,0.45671,c1de892d893789bb663bcc3be375ab63aeed1a576478764c73f5dc52de548f4b
human-04059,human_context,closed_qa,12004,context,238,153,0.008511,0.369748,41bd43f429c3344361d8b8cd679ac0750dd9625c2d46191ad7ad350569b2c1f4
human-04060,human_context,summarization,8684,context,334,167,0.039275,0.446108,e11a35c4e9670728a63baa7f877268d8e8081ab9e016e6104fc3c48cbba58537
human-04061,human_context,summarization,8553,context,256,147,0.035573,0.433594,f7c00fdaa58f99857672cf28da30ffe79ed201648460f6987864193a162ba187
human-04062,human_context,information_extraction,3710,context,232,117,0.008734,0.49569,019a7bc99e7ad71d9251f9e15a7b9a4ad373e1e2c5ee4f7276168980ea3dad7b
human-04063,human_context,closed_qa,8799,context,151,90,0.027027,0.463576,e47f9ff3ae05f3cfb05eec696abd25181510c5bfdb227c321655b8fca237bfe4
human-04064,human_context,closed_qa,11518,context,361,187,0.03352,0.443213,14935a6772a2b568fc35f61a536588998c346666eb676014f53fc906953ed4e0
human-04065,human_response,general_qa,1847,response,260,143,0.023346,0.457692,603c37a01316b7c0c53765aab94c6ea4e836b28e0c386ef6c77822fa50edd9b7
human-04066,human_response,summarization,8684,response,335,168,0.039157,0.447761,a4da7afb5a87a4e9c8e27d846ff0a73419b46dfdd2aeef60a3c5859422787811
human-04067,human_context,closed_qa,6631,context,484,223,0.031185,0.440083,354fe8db90b5f531cade2ad1edeac0ec58ff11015620e6f3a34a481afec4ef13
human-04068,human_context,closed_qa,13080,context,436,230,0.032333,0.408257,ad0c512d2fc12f05e61fb0fb86ebfdfb6d2a9bca0a108dbc67076acc40481197
human-04069,human_context,closed_qa,765,context,132,74,0.116279,0.575758,700c748bec6cd28235ed16328bf2157544723dc8f01843e5064b2e154cc2d4a4
human-04070,human_response,creative_writing,5820,response,224,140,0.0,0.433036,8751069680f15663b5d6eca1a27115b86b715bcc76d8e1a8f1c8099ae0469b90
human-04071,human_context,closed_qa,10922,context,183,116,0.005556,0.464481,c380e5318d732e3920ba15e717e3715f27fe71afd88becec9d137cc49747cbef
human-04072,human_response,creative_writing,2953,response,256,143,0.0,0.375,fa4f7d1d1d91bc8faa557c66f6792fd96278daa541662d9f15065615d90aca48
human-04073,human_response,summarization,8937,response,142,86,0.021583,0.514085,cbc62c279fcedda57aade1c3d656b891e6d0f2b20c817b3ada82b1891dfcd604
human-04074,human_context,information_extraction,14088,context,851,375,0.043632,0.418331,b0a12e086e379b328a441b2d3590a270a378bdb504c75e80f2048fbf703dbae0
human-04075,human_context,information_extraction,7504,context,142,97,0.0,0.422535,e1adc6bbd49b54e97db16e78522c4637a7b0770606933d527553abec0c6eaea0
human-04076,human_response,classification,4038,response,190,109,0.010695,0.484211,679e0decc143fe5adbc9c8b3476d5e45f8e744ca146ade947934012f748a4024
human-04077,human_context,summarization,8929,context,186,95,0.005464,0.473118,1345f52c2fa7167d7808a6bf32ca76b029f0139c8ea19c5e1ebd47f84ecb55c8
human-04078,human_context,closed_qa,6551,context,202,114,0.01005,0.470297,9b4e34037a4c0556aff67be583c87a87a5e694fba28c2a06a5694e4e18b437d3
human-04079,human_context,summarization,9614,context,155,102,0.0,0.445161,b797bff4bf207caf2f4948be49a752288af93d5b7c794bbc99862e4655b2dd1a
human-04080,human_context,closed_qa,7020,context,155,99,0.0,0.43871,4f965c96751603cb407a23e814fa94f149116d151498478cfe2bc65b43140715
human-04081,human_context,information_extraction,9906,context,482,227,0.048017,0.379668,c537f9164012806e492a29f98f2ddaabb84a7db4ba97740554007cab6e994e0f
human-04082,human_context,closed_qa,5489,context,144,86,0.0,0.493056,51ef095d79920b7e07d9b8b946a9e93cb994d03ffbf43a9fcae8e087606eb96e
human-04083,human_context,closed_qa,2761,context,245,125,0.033058,0.457143,9d4c94919ae04367f6780336d8ffe7a508f9d2dd961502542964c8dab7616a0f
human-04084,human_context,information_extraction,1548,context,147,94,0.013889,0.489796,83543b29a5c95ebdedea355ef93a8fdcdde370254aeaeb08817e7a5181c0c7b2
human-04085,human_context,closed_qa,10365,context,640,302,0.056515,0.39375,0e22ac2e4a1848186821112a1c22a2d590cada6feb881c166296f1618b134cfb
human-04086,human_response,general_qa,1816,response,184,111,0.0,0.445652,dc1deb8396a74f232a4189117cd25a9887e9041255c79e9140332271e580dbee
human-04087,human_response,creative_writing,2720,response,198,77,0.112821,0.59596,a3087fe1a02dbe48d9119a866bbc2455b5a19f92fcec2f8b8e1e6811f3d24f40
human-04088,human_context,information_extraction,4103,context,128,90,0.016,0.429688,4ef648ac0814c8ca8596579dfcad945d86538c2e5f0c7193dc7032775a573a48
human-04089,human_response,general_qa,13830,response,846,299,0.027284,0.394799,e65ca7d3a5352f18e325fd8b5015b639f3a74707adb8e5899bed6050aaf18564
human-04090,human_context,information_extraction,10764,context,169,93,0.0,0.502959,e99b18d58e1121a5bc9e20937b34f9a0166882231fe738f8a2574edb2d285746
human-04091,human_context,information_extraction,5806,context,189,120,0.0,0.402116,4ec43b142e9357c8d273693c2c926c4262ac53e9b942803407e4ebf9ea915671
human-04092,human_response,creative_writing,10719,response,291,156,0.017361,0.42268,bfa8b9c8f998b0eb865cb035f313f3ee86b7db062110c8a44c7b262d068e1592
human-04093,human_context,information_extraction,2381,context,142,91,0.021583,0.457746,797827b81e0442b2729496f495b1d3eacf27e06778f21360425b709532685e4c
human-04094,human_context,information_extraction,4756,context,212,132,0.009569,0.396226,0cd554c14e1d54949123770018fdec3c3db2290b606e1630a3de661af7edc55e
human-04095,human_response,general_qa,374,response,171,121,0.0,0.356725,93820f47e2b77ba69f05927ff2577c699ea5989ec43153e87920d6fbacde902f
human-04096,human_context,summarization,1746,context,131,77,0.039062,0.541985,775bdcf78cd301605a6ab2a17e1b9e01d78defbaa36f3fdb0a6d89fc22bf3a39
human-04097,human_context,closed_qa,1226,context,240,110,0.033755,0.479167,90ffd5af8db98ee5a0e90c5cf0a0cc13d60f1224378c60db1e8a53ae94d2f68b
human-04098,human_context,information_extraction,12567,context,229,144,0.013274,0.371179,ad50e6ebca8b1deb1f8563d9e61ef2b74ac436fa405ef2f8df0ee29f13be524f
human-04099,human_response,general_qa,2813,response,178,86,0.005714,0.567416,39c2344b0667d9090a243b96445f984f52f1c5da99e60dedebd905e5d11b6ada
human-04100,human_context,information_extraction,1915,context,249,136,0.052846,0.457831,9cd4ce80fe3108fa5ee8a6974cb8bfde8269e8f555e4e4ff2a741b65c7e6a6a3
human-04101,human_context,information_extraction,8115,context,169,76,0.144578,0.609467,fcc309b60bc91015040e1dd8c98d49ee4676c6ec9ae451cbb470a5ce2f083236
human-04102,human_response,summarization,12889,response,219,91,0.041667,0.593607,bc3c3129877fa5fb5a779be2d0c00667d9c3045644caca4693989cea4cb86ee5
human-04103,human_response,brainstorming,11287,response,158,105,0.0,0.411392,8a450880eade5f3ac59f2c44278c12387054835c91702837f5329d7a93581851
human-04104,human_context,information_extraction,9573,context,248,100,0.032653,0.592742,2ef8376ee47d67544912836c8fef0753d3e6c42470e5b95ee431e12d3a1f04d4
human-04105,human_context,information_extraction,1185,context,270,136,0.037453,0.451852,4ddc61b4789ced24d21f46e39d5ee1e7718762370ed94bb59ae71054e4d4cdd7
human-04106,human_context,closed_qa,990,context,194,108,0.052356,0.515464,e8f6d7607e1e3aebf41ad42b16ee61ae660a52f782a81b2d04593430c03c9bdb
human-04107,human_context,closed_qa,15003,context,460,227,0.0,0.354348,eaf897b04228cfeb6b8669b1b910fb5c9adf801de835cefac98dba6ef2fb3de4
human-04108,human_response,general_qa,2105,response,135,88,0.022727,0.459259,cf6005c42b2894e5b6714446044777251c0568c7f6f7498a58bff00b1f214148
human-04109,human_response,general_qa,6750,response,138,87,0.0,0.507246,7cea5ac4459d4638d884ca15442bc484686c6756f705439894f803a27e33d65e
human-04110,human_response,brainstorming,781,response,163,95,0.01875,0.478528,6216a45efef090fec366453e2b4239163e2c5353343889a119df744018b7ebf3
human-04111,human_response,closed_qa,1866,response,247,160,0.004098,0.404858,af91cc25ac1ee4357810e3b05811326e6237b740341f20972da9034c9225e643
human-04112,human_context,information_extraction,4815,context,218,102,0.032558,0.522936,a91c9f383e80ae77ac0f49b045050230b4829ed95ae4e15175416a77f3357280
human-04113,human_context,information_extraction,11301,context,150,97,0.006803,0.433333,98a5c66954da64bbb44d2b6aa856ebf46bdd69091ceb2ed29d2a46ed747db0c3
human-04114,human_context,summarization,1042,context,193,122,0.0,0.42487,fc35b07db153faa3d92c33495b365e622f60d18fe2f9878061ff4e76d57cbe5a
human-04115,human_context,closed_qa,3999,context,280,124,0.166065,0.446429,d8c475f871f29d6b5931be51271b8efe6ded0dea327b6eec1ef37ccd722a9fca
human-04116,human_context,closed_qa,13609,context,463,228,0.030435,0.436285,639064c5c0fea0971f06969699eeae1c5fc2a8716cd748ac18b564d18faa5017
human-04117,human_context,information_extraction,1490,context,152,93,0.04698,0.5,ca1b5df6e30d3f0445d4e45e647000a18a4f22e98806b806eefeb54965762ae5
human-04118,human_context,summarization,14170,context,305,185,0.013245,0.367213,09daa15f54c490c9d00f8ee167f74943b29d839477d284baf1fe46f5b7a3a70e
human-04119,human_response,general_qa,1906,response,131,89,0.0,0.473282,0fcb865af8fbdbdcaeff208b542f81224407d19eb378036e2b7f9e9713571e56
human-04120,human_context,summarization,7925,context,151,92,0.02027,0.463576,1e00fdc50efcd871e4687664b27382ba625909d098838228fb5a53e46c107548
human-04121,human_response,general_qa,5871,response,276,154,0.003663,0.398551,1ba487cb4bf0b6bec1d5d88b22546705441759920a67eb2cd2402b2df640ea57
human-04122,human_response,brainstorming,3616,response,157,103,0.0,0.44586,55c529d97e91f96c778a43729f698bbb85826857bea32f0500c5ffc1b0f907b6
human-04123,human_response,general_qa,8281,response,325,155,0.012422,0.446154,a6090055d788502fef3e57e510fee4175952e04b7861f5eb407ac8778d9ac82f
human-04124,human_context,information_extraction,9029,context,232,110,0.026201,0.517241,e69a2b6ecc44cb60481ed8a58abc4541bf331f58a2239ce210a59e9fb9979c61
human-04125,human_context,summarization,13328,context,366,200,0.0,0.409836,66b0be57115adab5029bf45eab379c527bbafb1886942c647dcd69c3fcef6d7a
human-04126,human_response,summarization,516,response,189,93,0.026882,0.539683,93063ef01ec2bc1955da38b5276853e3c28f60bd84299820274e3b2235cf1a9f
human-04127,human_context,summarization,2879,context,200,137,0.010152,0.37,8ce24370b03d0080a40569438e64c1fa39f8d1636006c7a97465ab47e96f8543
human-04128,human_response,general_qa,2717,response,216,125,0.014085,0.412037,9d5bf06cb59434a5077b2cb0c37e75be9e04ecadeaa0872f63338db971a31a28
human-04129,human_response,information_extraction,9556,response,193,131,0.0,0.388601,3cac96c15f587fa7a9ccc63fe1eb286d1d6635bcdeb6eafba6886f2c7d5d387c
human-04130,human_response,brainstorming,9553,response,179,117,0.0,0.452514,06088bca352af5d498a83707fd503cd2f620502952369004f27523484208a40f
human-04131,human_context,closed_qa,6758,context,307,135,0.115132,0.47557,d7a7e963fad35c73653bf9e51bd3edc29bd7fa53b15afebb5ccc88b30aa50229
human-04132,human_context,closed_qa,773,context,135,82,0.022727,0.511111,ceba29bfeb85261c4692ed97480a83a92d88109ef71939db2327c4ac3a19acb7
human-04133,human_response,summarization,1833,response,132,72,0.054264,0.606061,afa2c09ee065ae4638c590c1c17ed55e50b80d211e7ada5061a672c84db036df
human-04134,human_context,information_extraction,3504,context,142,91,0.028777,0.478873,e36bbfd9cf5bd62f7086e848096cac124885292241a34445dfea43de3a6578cd
human-04135,human_response,general_qa,7106,response,206,131,0.004926,0.398058,37827e0dda7d3a7fea67f261f5e49cbccbaa018feb3c6bf0c6486edd5b5baec5
human-04136,human_response,information_extraction,5667,response,225,113,0.067568,0.528889,e291f3fd70eef8cb0fa081e5f14da656e08815d329d8c6b0973bc83ae69464fe
human-04137,human_response,general_qa,11140,response,163,80,0.0375,0.552147,97cb19bbec0310eb42d2ebdedc920c9230431b21af898027b29e0098a3fb1498
human-04138,human_context,summarization,8648,context,205,131,0.0,0.390244,9ec78fcf782ecbab7c20ea41a546de124eee35188056ee4d4f9584c64bb1d9fa
human-04139,human_response,open_qa,6451,response,224,118,0.004525,0.495536,34eb5a01f864ca58764c6c5421b93185df378685e841b79f2c9b37521918d753
human-04140,human_context,closed_qa,4593,context,650,255,0.14374,0.435385,d15c9b40da446aa01c76dfce62ac0df3b324e0c86b87410bb5bfabbd51668241
human-04141,human_context,summarization,14165,context,314,160,0.022508,0.464968,affc7da77f3edf15abb88210002535197ba3afb10cbb990fd0760339919ddfcb
human-04142,human_context,information_extraction,14021,context,145,104,0.0,0.42069,b490aeb36ec277881279973bfb48e665af2843f20e915ab0971fbd73247d5ff1
human-04143,human_context,closed_qa,6281,context,414,185,0.065693,0.463768,5c9498883ba3913bf6d4228c57efeba74172de5bd387a0091ae448a9cfdfbe76
human-04144,human_context,closed_qa,3799,context,158,96,0.0,0.5,f00951923855389f9a8030369131ae327eb208f19f0c28a7ba6f68578cd9ca69
human-04145,human_context,closed_qa,9994,context,400,199,0.012594,0.41,0d85eda62b02405c02f5215f614d98a0898714856345870e934dd7248bd1e5db
human-04146,human_response,brainstorming,8570,response,182,127,0.0,0.357143,d858f9dca01a69eb10f9598cce2e346a665a6708d0f356ae31638d46e29c5706
human-04147,human_context,closed_qa,1730,context,130,85,0.0,0.5,7379b9ec10787cbc941a35b5a7e127d3dbe9e117f377ead88e8f1964bf9a5cb3
human-04148,human_context,closed_qa,966,context,269,142,0.015038,0.472119,a7f5b3898daa49a49b449b3de375e1b75aa1b3b604ca6d87e55ae9c28e743eb5
human-04149,human_response,brainstorming,11291,response,133,80,0.0,0.533835,a310072f3ecc025f65f88b51461da7975b79f3db7a7f9279ca0ab47ab65093b1
human-04150,human_response,summarization,1119,response,158,96,0.032258,0.493671,ab93d9b6762b2dca1f60acfe637e194bd45ddb792667132364427c921a0a7e5d
human-04151,human_response,open_qa,13933,response,385,215,0.015707,0.345455,b2b3553d08057e375aaec96048aed98904b814fda5a195223c20b8f06788607b
human-04152,human_response,closed_qa,3343,response,129,76,0.02381,0.565891,87f44b2237909d7c7a9b3a8a6b9123376452f9a4016237755ec95b2f240c0800
human-04153,human_response,open_qa,8804,response,481,210,0.046025,0.438669,4815ddc1378328ed7935496810c00edb38c7bb996ccce4381a251c4ffe22d8f3
human-04154,human_response,general_qa,5588,response,190,124,0.010695,0.410526,93fe5bccf8582190df7ef12744f0baa9f6d0f617389c74cb0c5e4ecd66239855
human-04155,human_response,brainstorming,14712,response,248,57,0.2,0.850806,f74b6ad508970c6215152dc881324023efec7481c73d9966bb875b90a0040dca
human-04156,human_response,general_qa,1200,response,215,124,0.0,0.446512,c6eaab87e79ff4e37974d06292c03e5370e34ad158a234cda09718eeb0995813
human-04157,human_context,information_extraction,7258,context,253,158,0.02,0.391304,e6552f4708ba8b5254997ca7a786d0cb2368ede0616045f9aef0afed771048cf
human-04158,human_response,general_qa,14966,response,186,127,0.010929,0.370968,194cf9584618ef046fe3c654eae25e82cc3afadb6e92a450636ead9fa5196a8f
human-04159,human_context,closed_qa,10232,context,143,93,0.007143,0.454545,c1a4746a53fa7867bc999fce9673c316ad5f0cdd11f9a1edc8a36274daa9fb41
human-04160,human_response,general_qa,7983,response,182,113,0.005587,0.434066,1f04ec98aa8b5290c7fe9c554d828ed21dfbc5697f6eda42ed153e65d102cb1a
human-04161,human_context,information_extraction,2910,context,199,83,0.040816,0.582915,6f1aea6ff75de1c806bb735a0a5402239a951d59bb4484fe335fa362ebe6a3a8
human-04162,human_response,brainstorming,14701,response,157,93,0.0,0.528662,6aa6830e2dd4b89b556d186956934496231c0faa888f38786b637fb61504fbd4
human-04163,human_response,creative_writing,6020,response,163,99,0.0,0.435583,4b232331258fd9edbd2812d17f80ea6b01a965ee5d9935eca41ab5093fbf6c17
human-04164,human_context,closed_qa,11351,context,276,172,0.0,0.398551,c5dc935cc80f2b5fbc4aa8efabdaddf145e9c4c27943930234547c09a590ff5f
human-04165,human_response,general_qa,622,response,135,88,0.0,0.496296,573024f5c0de9653231815ef8f3226eb6aec7747b0ed2445290fa8927925ecf4
human-04166,human_response,summarization,7198,response,584,295,0.018933,0.327055,9a1a69f4d05e877d2832d714c37d5dcee7b64e4d94e2c12cb4f5cfe6dd1cff20
human-04167,human_context,summarization,3675,context,195,107,0.046875,0.461538,9dd2fe05de6f6e1493aa1c337995ef80dba511b87b7191142cbdd3d3ddae10b5
human-04168,human_response,general_qa,12156,response,149,82,0.0,0.52349,67425afecafd42bc75c982193dcd3fa96a5a5fbb2f12742a9eda2ec0e2e3888b
human-04169,human_context,summarization,588,context,182,113,0.0,0.472527,e71fadb805e61b21ea6de9bf5a35c308bda1c114390496bccddeaa563a62cda8
human-04170,human_context,closed_qa,10259,context,166,108,0.0,0.409639,8977b5d072327be0e9ac65c7c06541a96222317e8857928998e9e376b342d450
human-04171,human_response,creative_writing,3058,response,257,134,0.0,0.48249,8b2a1619dacd2248714689598657273812bdc74f42dbc5bdd1734c67b319d5fc
human-04172,human_context,summarization,4409,context,856,411,0.009379,0.403037,1c05f03e384c3a70e3e414aced4ae47844d71b1fa0cfd290c1fa36213104fca5
human-04173,human_response,creative_writing,11696,response,137,73,0.022388,0.569343,36147cd14a1d01a7eb381d3d5e0293b6f3b31bb69d4be1a18100c31cfba6ef58
human-04174,human_response,general_qa,13115,response,162,102,0.0,0.444444,b400654b99f8e69226e262456bb331892d24ff4db0d6e56a5f7696cf44e7c34a
human-04175,human_context,closed_qa,9604,context,128,89,0.0,0.460938,759f1c3c01b11543e11b264e95e4456fa4e718609aa49a00fde50b39d82dffc6
human-04176,human_context,closed_qa,13440,context,146,97,0.013986,0.472603,c8faa9ff2ba70120b62fde45fbf9c19848fdc8b988c58c455e96e9a2a5e7f862
human-04177,human_response,general_qa,11850,response,283,158,0.007143,0.399293,d2f1d26533dcb17e38eebb27fc5ae405199e82b84aad3f52619ba8e3a3cacb35
human-04178,human_context,summarization,8950,context,285,181,0.003546,0.354386,87a6b53e8f4eb4713ade8cd5b98e56dcc61f49223c795738cbc4f233f3161acf
human-04179,human_context,closed_qa,13807,context,459,250,0.039474,0.352941,a08b5d8ae958f54b0160fb827a248efc80d1fd3fb380bb6e6ba52c4c11a70b0b
human-04180,human_response,general_qa,2490,response,132,73,0.007752,0.537879,001c51ae5d3344d1874b66e33c4db06f9d892aa1f5f8cad62bc6ca92599e799f
human-04181,human_response,creative_writing,6314,response,146,96,0.0,0.458904,82a3a974b79a7cdbf69526e8646ff75aeaa45043c22f7d8ef70b6315e1de54dc
human-04182,human_response,information_extraction,6412,response,347,179,0.023256,0.463977,0791b20fcec3f8f2cbb231f3032fe8c3d9959606be2b8172e9327c8d6e56f1ee
human-04183,human_response,general_qa,6774,response,176,110,0.0,0.448864,b37cac82b15449277c40d7a3cf96489829127abfe7373b7add5d7067137bf674
human-04184,human_response,brainstorming,2589,response,226,127,0.008969,0.482301,b34710ffe7c98cd76d386478a8d9c267cd0703ac3b0fd1fea1cf6156795b4f7c
human-04185,human_response,open_qa,7977,response,135,85,0.05303,0.496296,305f9c4113b2e6d89540ec8b220bb44c4ec8ea7d6b17e3a74261047eb6d30b69
human-04186,human_context,closed_qa,4954,context,179,119,0.005682,0.385475,14094c91dbd8f95b0059d145e71d22abcd1be1a5969b594c4feecbf5f8b7d622
human-04187,human_response,summarization,40,response,281,145,0.017986,0.448399,35c4a6a465f8a84e889ce416aa7c129c5c560c03d3ca0061fd9d9097b68da70b
human-04188,human_response,brainstorming,2296,response,143,108,0.0,0.384615,ac03c7ce33af59c060468a1e8c36e87dd901ab73a16d7b302463e95a584410e4
human-04189,human_response,information_extraction,10560,response,173,113,0.0,0.427746,d43170d9caccdf10cc7c2f3d8e35fa11cea451ef9bab4b52281a1655c8c6005c
human-04190,human_response,open_qa,2159,response,209,130,0.0,0.406699,32047bf4af539c3e7ac8888036cb4d0bcb439b74160340649d6a9891824a10c4
human-04191,human_context,summarization,9168,context,132,76,0.0,0.545455,36076ad7703947de985b8a90db0ddd0d78df80398f7af0fe8da63661b3d730eb
human-04192,human_context,closed_qa,9397,context,145,92,0.0,0.496552,1f7ac306a2fcc3b3c179a552f60fca5c9419a103eb07c2404e00b422387b1c4a
human-04193,human_context,information_extraction,7982,context,252,127,0.004016,0.480159,a8525ca9f4fe789be1465081fd6949480bf33d8cd91528ef58d2cb342ff3dfbf
human-04194,human_response,open_qa,4460,response,221,102,0.036697,0.538462,1d2ce50350f44a965d74f4fdf5a5a9bd9873d319f8f1bb8a6a8a6c70cb72fde1
human-04195,human_response,creative_writing,8653,response,170,97,0.0,0.494118,2c2f0ba84ad7ce90e2e50508ee57e31f584e177f6561a5eb23b8171a01ceebb6
human-04196,human_response,general_qa,2211,response,137,91,0.0,0.445255,6544db941a6b375e06dc567d8dcd554fa7a38b1c0f57674c767ba1a670f9a6a5
human-04197,human_context,closed_qa,7490,context,818,386,0.023313,0.380196,27110181c514c90f9f6608061b3731fcd75037c1d727bcdc572a8f3cdc2ffec9
human-04198,human_context,information_extraction,1754,context,567,267,0.02305,0.386243,57234a0eef7d3be96e47cc69e2ad9c38b89bd3655527647bdb8a944a376a786f
human-04199,human_context,summarization,6618,context,144,81,0.028369,0.548611,810d4162bde23aa468f115f1157f82d45ea8cb576d166cf54a7a1b969d4e3f3b
human-04200,human_context,closed_qa,12378,context,172,102,0.0,0.5,5996f73a2b8f845a5e2ff0f0092bb1526d9dfa28ac77ef137ebe8fc8bd32370e
human-04201,human_context,closed_qa,5181,context,200,129,0.010152,0.445,6dee5d69905ef3381824219bc41c6df7fef6def1c2c80e848e5a562e4dc24d51
human-04202,human_context,closed_qa,13236,context,238,155,0.021277,0.352941,24a0a5d86d3b336a2f399232f0a3bb2853bef7a8405ed1d66fc5f1560c3f944c
human-04203,human_context,summarization,1800,context,569,234,0.05477,0.448155,ef5c0217c931095258c7610f3838110ea4c6d43f345e43cfed235aed5457e190
human-04204,human_response,summarization,14247,response,362,188,0.011142,0.444751,aec1f9e0d96bfa5b7d040b617232d31297195f66faecc2092ea26734ab6d0f87
human-04205,human_context,information_extraction,5700,context,678,313,0.020741,0.370206,6bda3a6c72d41ec7c0a6fd3984bb555f80461cf913461f5702a5d4eb75838f07
human-04206,human_context,information_extraction,10791,context,469,228,0.025751,0.385928,4a2f6bd96eda1782dcfa7c2e44206bf76f5b5610a4bb90a49deba009276efa58
human-04207,human_response,general_qa,247,response,174,99,0.011696,0.465517,90546136b7ff04fe596aace80da1826ae7a07b0f986e51569a80a9fb25cda9fc
human-04208,human_context,summarization,5234,context,150,96,0.006803,0.466667,678da787c7ff617fee066f93fbf2d2a29696df3f92d3ce0918365376b9c7dc3a
human-04209,human_context,information_extraction,7378,context,173,111,0.017647,0.450867,1a660ab0de79d1a099ec357d72a2acf3a9450de462ff0870c9601b756d78ce56
human-04210,human_context,closed_qa,161,context,196,117,0.0,0.459184,bf99485723e14ef5bd1ddae1a560c30ddd950ed05912849f13e74a01ed113444
human-04211,human_response,general_qa,7557,response,184,107,0.005525,0.494565,3815cf7b3ef26fb48b68585f5b918d359bac0f6c2be75cf59a015c2c69fef131
human-04212,human_response,open_qa,1029,response,299,149,0.047297,0.48495,50b0e3c9632b69df50511a21c5b61cf8e327195f5329b703764edf29d441d9fa
human-04213,human_context,information_extraction,14074,context,154,85,0.0,0.532468,eb3c72509faf20f801ebd0d37742f693b34d3ac128385a188a805e4856215ac3
human-04214,human_response,summarization,11702,response,165,99,0.0,0.472727,78879a5814f318b9074b3adec0360107393182b4e3ec8f844a9b29ec86258503
human-04215,human_response,brainstorming,10439,response,194,104,0.015707,0.5,4eb753261320ed4a97eae4fe91ffe5202c1dddd89a79fc0918d62cb71920e670
human-04216,human_response,general_qa,5690,response,198,96,0.015385,0.505051,47e364ef5aab253f31b1f8d9293c7934c03397b0091188175b9dda08efb310a7
human-04217,human_response,open_qa,12389,response,162,101,0.006289,0.469136,41654e09273bf5ec7f76014cbb7978873e313243996eff1af8415c005e8848ba
human-04218,human_response,open_qa,5157,response,221,133,0.0,0.40724,df4d8e26d22bcd9a8344f88d37c483a25349bc122d2c89d242179ba835f1730a
human-04219,human_context,summarization,1811,context,5219,872,0.137078,0.424411,f5e5cfbed3a948e04e0b3a35437bc2502a607836280ffaec22f15ce0755d6dd0
human-04220,human_context,closed_qa,4125,context,165,87,0.0,0.545455,9969c5c92f00cb4a5b11acfafa5608aa4426f4f05445021a4c1c4add9cfc8a51
human-04221,human_context,information_extraction,12676,context,226,119,0.008969,0.49115,e74f76c04f6d83de9e8800e65af978e50fc616253fa33a0cc245333051fdf7d2
human-04222,human_response,brainstorming,5303,response,248,143,0.020408,0.431452,540f74b8ebc28d5a806df167d2256fc0451c1b72cb850d665d7d28b7cda71d1e
human-04223,human_response,open_qa,13516,response,170,92,0.02994,0.517647,207541e5e69f42689527199ae67155ed7ee8a435be5e45c30738ac961e6f4494
human-04224,human_response,creative_writing,12290,response,133,94,0.0,0.443609,6be448b99f9fd513705daa3147b7465223b159055bf9f927d4c3c2e324939a3f
human-04225,human_response,general_qa,9853,response,163,105,0.0,0.478528,96f79c546391fa0f9c429cad0a323b9e83a52a4a4d6eaec0b109d7b3813b9502
human-04226,human_response,creative_writing,10992,response,208,101,0.053659,0.548077,9c65b6e0e3a4dc879d20ddec46a3ada72858944ef1b952bcbda9a527f0fdebe1
human-04227,human_response,open_qa,7717,response,251,152,0.020161,0.406375,1b3484cb103ce568c70893965ce72301ed90c0ea091b2d5d56275c4b37d5a48a
human-04228,human_response,summarization,1830,response,205,98,0.019802,0.531707,f7e7aec64fb9af78e8230c0278dc3491623697aac59201413ade64d3b8b0153b
human-04229,human_response,brainstorming,14516,response,130,87,0.0,0.469231,59a8de420869a4d4b080bc9b950af3010c5a5b2d9c8e2a6b2144cd03ffed87cc
human-04230,human_response,open_qa,1604,response,153,81,0.046667,0.555556,45d5f866a003bc263c112176150c95cd1add97f2c43afd61a7ae2a83f5ebde1d
human-04231,human_context,information_extraction,8694,context,504,242,0.013972,0.424603,839ce8f84aa03a8aaf80755ec422934c36cfb4a4f8b93cdca579040f2b864b05
human-04232,human_context,closed_qa,4639,context,169,99,0.03012,0.414201,4194387c5db4b529aac18a8efcd714ee76bfe2acdd5d8b600d80cb0202cd93a7
human-04233,human_response,closed_qa,13733,response,268,120,0.045283,0.5,269cf1f5849ee071c4b6ebc6717db225ba7a78c43c3bcbb547db541e219ce5a2
human-04234,human_context,information_extraction,8371,context,272,166,0.007435,0.389706,8c9b9604537c1787ec982cb338867c3a6dd7b4543320b0dfddd434a663ff497d
human-04235,human_context,summarization,8575,context,203,128,0.01,0.389163,f2dd8140d39841ccaf35cab583081ca1baac9f6a72dc6de92c9038871aa75c1a
human-04236,human_context,summarization,11530,context,187,124,0.005435,0.417112,adb18d0c0a8f487b223365153f379a7791d748249c0775eaa19bccc78a3d42a1
human-04237,human_context,information_extraction,11100,context,570,283,0.022928,0.403509,9834d2a1f19b022a30f2ea50766538e126430590a48cf5cb64c14e01f151d7ad
human-04238,human_context,information_extraction,11611,context,179,118,0.011364,0.424581,a56c9d4109c2bf6dea93b912208b9218cde07e68227e7a7f2346242db81080fa
human-04239,human_context,summarization,8204,context,339,145,0.026786,0.513274,e293e89221ffeab66b5f44317c09c2a02b0500ca5a85866fec362da5dab0fd5b
human-04240,human_context,closed_qa,11293,context,204,120,0.024876,0.470588,87a6d583162b9dc6ef18487ae07a90750cbd90d0ae07577c8736a865ce4b8342
human-04241,human_context,closed_qa,7787,context,167,57,0.146341,0.724551,c33d3dd2adf9a98cef89165b9145120a7c2d8fbe3c7466c65c94682e6820655e
human-04242,human_context,closed_qa,6736,context,196,112,0.015544,0.44898,46543a164129b24b3345e9a5acf547493eec21323b34f51bb7494547fcce97b4
human-04243,human_response,brainstorming,12952,response,147,96,0.0,0.469388,da74b3b7c9ad3a0293581e7f538670ab0310857913f288fb83e6942be29cec7d
human-04244,human_context,information_extraction,6798,context,187,118,0.0,0.454545,4476fd24b2c7b0e197aa53fa78e6e6cb349abfe6665e9d809706e197e8caba61
human-04245,human_context,information_extraction,14359,context,130,72,0.031496,0.515385,e71efd58d453172b40c52366371b3b599efc8be3e7289ca16b7298439f942154
human-04246,human_context,summarization,1996,context,149,93,0.082192,0.47651,2d914689c99dbb2d0b1eabe324a4b3fc58d0c2e9814e482d651229f6b2accc15
human-04247,human_context,closed_qa,7546,context,145,81,0.028169,0.524138,1c177b188a5ac5bd079db3630ed379544c323f742e395c6204cbb82367d56e85
human-04248,human_response,information_extraction,7473,response,140,92,0.0,0.428571,94ef53181e5a031eb294ff7325ffb9a381c5a24904a7448d9366596052368d14
human-04249,human_response,open_qa,14995,response,384,199,0.002625,0.419271,d17b109fa8df685ba1ddaff151cc5502502866c4ae650f65f9e2694c3c58a89d
human-04250,human_context,summarization,3739,context,274,122,0.110701,0.547445,c131985f854caed48c27c56e744e3de035ac60932670c981c6fcdfff6a64cc22
human-04251,human_response,open_qa,13117,response,229,146,0.004425,0.371179,04d558422850e096ba8662486c2655286979c0f914dac344a9ac96aefc97b230
human-04252,human_response,creative_writing,7427,response,179,105,0.011364,0.49162,691e9cf60792b165fd497d09d912751e4d6c35e13937f98e5e73520656295c07
human-04253,human_context,closed_qa,13466,context,484,243,0.002079,0.365702,9b615851f125f8ed86d06ff271f3f9c5404660641fd51efdc72b9950a5072c4e
human-04254,human_response,general_qa,3747,response,145,79,0.014085,0.558621,b777c836aeb188fe6b517ae2c64af01cd9a33de1e0368fee55003df2807f2435
human-04255,human_context,information_extraction,996,context,410,228,0.004914,0.414634,20dbbf17fdefda0b68102852c1dbf75a4351dc1e9b3ef42f35d1762c059ca708
human-04256,human_response,general_qa,52,response,156,83,0.026144,0.525641,6e2331c2dda712a2f3dc03a4d6f975007140cbb7cc02d16ef4034d9f4db1dbe1
human-04257,human_context,closed_qa,13161,context,149,98,0.0,0.449664,a845ddbc6b67bf0f38a2de92ef06da033fb2970b6bdb470bc07800bf7ec0492b
human-04258,human_context,information_extraction,8579,context,487,221,0.082645,0.498973,f1a4df77a87afc9423a7f420547bd699d55aa5b2479ec8337361663eb5ae46f2
human-04259,human_context,closed_qa,6454,context,171,107,0.005952,0.421053,b3f899d70d7f194852d7cb92ec9218446afab2153a05e0d3b8fac545567e3883
human-04260,human_context,information_extraction,12738,context,899,404,0.039062,0.406007,d840507a6aa20ad69db2fc8c04e3236ee5590e3100a9f1a093162c58b2d157f3
human-04261,human_response,open_qa,8186,response,204,118,0.0199,0.45098,d0f8d2ec0ae0de4931ca51b14c4258a7a9bcd0110238267fd174def073724cc4
human-04262,human_context,information_extraction,7175,context,215,148,0.0,0.381395,cdb633ed3bd570841489e5a08d0c814839fb9f01214a02dee7f66b1f47ed60f5
human-04263,human_context,summarization,14280,context,800,369,0.016311,0.3925,7c398604a53b30a9723eaec002ace609ff8452edf53fe2b37be51b98a6819b92
human-04264,human_response,open_qa,10926,response,141,101,0.0,0.41844,8bd0106104c8b675a16a03cfd229671881e6a02994c27ff422e666d4d182417a
human-04265,human_context,information_extraction,796,context,181,105,0.0,0.491713,70d0409a8f352eee1c953d2b32cd3ffbbb31f53339ea2ca01a4d235a6db05938
human-04266,human_response,summarization,1867,response,5447,1303,0.054372,0.373233,f228266685bc88764d1704d6c22f5dd150bd02ea1fd2cc0039f6f37eea7811ab
human-04267,human_response,general_qa,5542,response,164,97,0.018634,0.493902,781659b264afd6a2a3b8652a4101178a02bf0a428c7b407293211fd9472e2202
human-04268,human_response,summarization,3307,response,736,346,0.038199,0.410326,ad54d436a37151c0e6e211af3578383c056526af3c4742a4743063b3af6844d7
human-04269,human_response,creative_writing,9311,response,332,169,0.009119,0.439759,7e8a228b8927172bc27204cb07b25170c86e3267cad3adb4c83470d67b8a43c4
human-04270,human_response,creative_writing,5702,response,134,80,0.015267,0.522388,b8297ef33b9ac80802972c07b6db777de75d07a9bee5475088b464b26cd0013e
human-04271,human_response,open_qa,11737,response,130,92,0.0,0.446154,214b2bf483aa38f15bd38083ccaeaad0b1705141abd7b11af8e93c3c8f8357ff
human-04272,human_context,closed_qa,5521,context,262,154,0.019305,0.389313,1c4f224d7b8bc1324eadd1b65b570103deea56318cb4dd5a5bf5d7886e9ebc0a
human-04273,human_response,general_qa,1347,response,169,98,0.018072,0.514793,8830c61423245eeeb4f40950abac15c5b758364a2047616dc7df617ca2318f5a
human-04274,human_response,open_qa,10967,response,136,97,0.0,0.433824,42734f584b2a2957091603f0ef44f8c4f3edef155508aeb613a6fc8a5cdff941
human-04275,human_response,open_qa,14327,response,285,145,0.056738,0.459649,e88be64254bc908d51c89958af7f144e202fd26ef6cfb0c1cef8e5fbd8428f6e
human-04276,human_context,closed_qa,5092,context,159,95,0.019231,0.446541,91d560addb763b4b95f35156d7d3d30cb335be0ee694fb9c05c046e3dd08dd43
human-04277,human_response,open_qa,1597,response,223,127,0.004545,0.470852,c7a95bd150ed2c964ceb26e9091707e6de552993843de53c9aa26528da4f845b
human-04278,human_response,summarization,2123,response,172,112,0.005917,0.453488,ada39e384c736e21c1439f6c1dac047b96fcb3a293878d272528c28cd984cb9c
human-04279,human_context,summarization,14332,context,138,90,0.022222,0.478261,cdcdf99f8dadc37953f5e20e1505add9ef77cfd2f5e8e6ce5cc2097c8d61c363
human-04280,human_context,information_extraction,666,context,140,95,0.0,0.457143,3b7084b337f4284e7f7823d7e1dd15e7aaedddeac0aa0bbde5bd3e5e91e88390
human-04281,human_context,closed_qa,8047,context,133,99,0.015385,0.390977,c5559b9ea1c587652a6317139e4b600fa06de44a05f270e439db52ffdaed1e6f
human-04282,human_context,summarization,9198,context,250,128,0.178138,0.432,845ecf8ceb075600f4b5f83d2b552772ecf3c8899de066da2025349a562b4356
human-04283,human_response,general_qa,9710,response,212,137,0.0,0.448113,62a86b86850f1f105f8413477676c052c73c816eaff47f280e71e22b12c9d834
human-04284,human_response,open_qa,14685,response,139,76,0.007353,0.546763,207e1e7938f5350ad7a72387621b71037400210c03ac859a5e4e9ac402d65059
human-04285,human_context,closed_qa,11860,context,277,151,0.00365,0.451264,5ac57251abb8b055fe691157f9ea783b3983021496a1bf1ca76996e50713e052
human-04286,human_context,information_extraction,13233,context,193,122,0.015789,0.42487,5a4e2aed2fc7a81226d58240ed66d5949a9003803c5716d99f0cd2cf3be5cc74
human-04287,human_response,creative_writing,10068,response,1605,598,0.01623,0.398131,e3e0da10480bf8386772d74d9179ae2f72078d8999fbbd04e8ea31b96d47cb19
human-04288,human_context,closed_qa,2915,context,766,353,0.011796,0.377285,e545f1974e1812ee76737b20d3da2aefb24b792907c37b167f36dd52d4653fa5
human-04289,human_context,information_extraction,11553,context,184,95,0.022099,0.538043,33d2909c4cc42640ddf348ec2f5760c0f544e659a50410e79e353be92b7fa7a9
human-04290,human_context,summarization,13515,context,630,287,0.047847,0.44127,d80782ea3b23e34bbb3bef023865cd5005e266573b7f5396312eb4c8a734755b
human-04291,human_response,brainstorming,640,response,159,91,0.019231,0.471698,45c25207062109e72bb39e8eccd731add1ae8b360578acb0fea18f0e21c73ac3
human-04292,human_response,general_qa,11137,response,209,129,0.063107,0.411483,609d4f881f42abe745f1a3cddebcb2f4f987beab29ef9b1f7ba804c6b04e9f4e
human-04293,human_response,brainstorming,2415,response,128,79,0.008,0.507812,3633aa652e2e688e3e92320e684e8eb56405bfc9808ffccd135f0f358156aa01
human-04294,human_response,general_qa,3337,response,149,90,0.027397,0.510067,5fee48b006fba39159bc4953cf5023488fe46625bf5c920681b94d90109e0006
human-04295,human_response,creative_writing,1628,response,267,151,0.003788,0.41573,8182ea0e02e96b738aeb64574c18cb256304e506efbd94b57ffecc0f357d6239
human-04296,human_response,brainstorming,5968,response,245,121,0.012397,0.469388,15d2c11fadb6e555fe5d56e162e2dcbcb9296f115e9515681c5d848f5112ebaf
human-04297,human_context,information_extraction,14763,context,715,354,0.019663,0.365035,d941207481f1f901dec4da9b278522de5109b0c54da633dc0e765cd66df03c3d
human-04298,human_response,brainstorming,9293,response,131,83,0.0,0.519084,30d7aee376f279b86a4c65fc5b0c322bfa9af5b228b64904ffa26dd169a6bc53
human-04299,human_context,information_extraction,14993,context,175,103,0.02907,0.485714,674169155e868678e4982e43e4f06684eb2f702eddd1ac55da6fd98703fecef9
human-04300,human_context,information_extraction,7453,context,155,106,0.0,0.406452,e622bd484d9f32ef0d9fb32c9d139140591bc336392bf6237c3aca87fae78faa
human-04301,human_response,creative_writing,1795,response,176,106,0.023121,0.426136,d141bf2fad769b681ceb7c5b33a0b4c1ad3aed516221ffc68d9d180b6557fe3d
human-04302,human_context,summarization,10157,context,165,121,0.0,0.363636,567684488251fbab6d196edbe8bbd71c391f9001c67f14d01ccd3121216b447d
human-04303,human_response,open_qa,2712,response,219,122,0.018519,0.456621,4d81dbc668ec71b7147667c7084b07bf5536cbcd1cafe978bcf79f098f19caea
human-04304,human_context,information_extraction,14639,context,188,99,0.048649,0.510638,39367a92128d0760a7e241d9fd3eb6cc20397186ce32c2e89c9827aadefe89af
human-04305,human_context,summarization,14783,context,289,145,0.020979,0.418685,8cc4bc2375e91de599fece387e7bed5f6582568a0f1819bbacdeb9310e91536e
human-04306,human_response,general_qa,14218,response,159,97,0.00641,0.471698,a98ff63e9e46793fc043cbbcb310cf2ac682984c93590921136eff73e1189be5
human-04307,human_context,information_extraction,4177,context,293,110,0.024138,0.62116,aece2d4bfb5e30c0a2fd060a6ea67bf0a41dfbdfa95c0f0c3316a76a2ba601eb
human-04308,human_context,closed_qa,7871,context,216,134,0.014085,0.384259,2b323547c710b04f88ad7a4e9bbea345db4b2899bb0e3bd574fee527add0519d
human-04309,human_context,summarization,894,context,283,175,0.003571,0.388693,9e4236870ee98870378f125368369ad1907444449e5c86ab04b98f3a088f26ca
human-04310,human_context,summarization,8328,context,579,253,0.052083,0.395509,77d0b379720833d8343b6c2a897e50d778096fff0a6af36465ef389ebe8b7c2f
human-04311,human_context,summarization,7904,context,364,207,0.00831,0.337912,e14cfb17e86334ed27c17e766c20fe73f190c47d5dd883694e11ede47a9c35bf
human-04312,human_context,closed_qa,2373,context,428,199,0.025882,0.446262,c2f41fbd53290ee634e21c90e3361ed2d72738c3f0280284b32c59d795387bb9
human-04313,human_context,closed_qa,13327,context,151,105,0.0,0.437086,9671540bafbdd5454fa006a5e35ef7869486b6a5237f236164a382b41d372be7
human-04314,human_response,open_qa,8622,response,811,350,0.007426,0.424168,76f61abaa7058f65a7ed5036bd472902a3ea275b359f0709f047fc4c49de1529
human-04315,human_context,information_extraction,25,context,1100,350,0.210574,0.380909,c6a80f5967f4eea0d0a335138039829d4b1b4fa59e0a2a3c895491367d646744
human-04316,human_response,general_qa,11421,response,161,96,0.0,0.484472,e722ad6ab1fb040a3ce400ef6d1c378f6cf43cb84e9dc8004f00c61c876c5319
human-04317,human_context,information_extraction,4044,context,346,202,0.03207,0.369942,034e1ef704ca94b2e5d6716bb39cf9974b25a776a681b1e5cc3b8ffc16f7936a
human-04318,human_context,closed_qa,14352,context,234,114,0.034632,0.555556,532919e983d727bb79a9ec4f1f94a10a8d7ef5735fa6d853d41293d18d0a0e6c
human-04319,human_context,information_extraction,9145,context,173,111,0.029412,0.439306,057862307d235a390e73302531180e3c6897fcd3600e18662f1e439b7848d6de
human-04320,human_context,closed_qa,5306,context,235,127,0.038793,0.459574,b6fd9a307504e5a9328a6e1c100f152762c9772807b837ca251377f6f40b1ba0
human-04321,human_context,summarization,4493,context,325,170,0.0,0.464615,2e1fb950006d9b474adf36394c20d110b5fa81eac403dc43f8e769e9323174aa
human-04322,human_response,general_qa,825,response,187,111,0.01087,0.44385,586bd2a3cafe7e38be75fb82e75764117718d89fd769e43de9117d1679219355
human-04323,human_context,information_extraction,410,context,356,203,0.014164,0.365169,854e9c2d1a254b78ce8bbf4c2dc7f4026c4823c34a84c81b1feeb114dde02e90
human-04324,human_context,information_extraction,11540,context,234,119,0.08658,0.478632,89cb1a658ef04dce3872bd97fedc7e3e0fc8a621fa1ce25b82c387a72d292384
human-04325,human_response,closed_qa,643,response,766,175,0.159895,0.719321,717bdb55caa396c2dd545d279e4fffd5454aa34b5a088b730c2302d77e032b08
human-04326,human_response,summarization,12619,response,230,113,0.044053,0.513043,124d6f9ccc70b24599352083e519ef3e5bf3b7bedd3187775645806ac865a3b5
human-04327,human_response,information_extraction,1315,response,390,183,0.028424,0.446154,23695a4ede1e0be7d5b0c6d5a17c85b54d0167782b31e34ce660aa0e92f657dd
human-04328,human_response,open_qa,7677,response,153,90,0.0,0.48366,4715bf8b224e6bf4ccd6e668fec9f63caf45adb8b9de26f23b4bfc6044cb4ea3
human-04329,human_context,information_extraction,3535,context,311,177,0.0,0.389068,c3d1b3cc3b291374e25200c96493e58f16a49e3080519a090da54b3a611042ab
human-04330,human_response,closed_qa,14221,response,597,287,0.006734,0.420436,0aa49db98158a07b2c01e8fae0d9e0176e33b203f620fad0a79e989fbbcf973b
human-04331,human_response,general_qa,459,response,704,314,0.015692,0.363636,333dbfc2ad435c1e96d620f965976ada74c092590bcbd226ef359e0a82b568d9
human-04332,human_response,classification,12367,response,318,166,0.012698,0.433962,39b99c2057c2c90be99f020cbb4035c065d202f81e68eee70dad02a3e3c0e8af
human-04333,human_context,summarization,282,context,269,166,0.015038,0.375465,aeebcfc592fe516d0fd5646254878157fbd55965807a37cf888bdd65e43b9c6e
human-04334,human_context,closed_qa,720,context,1119,216,0.263441,0.673816,e93dddcd70fe1568798cd906e753d19fff1ac0533e569bd6e9902202ab6cf5bf
human-04335,human_context,summarization,5781,context,797,354,0.036524,0.393977,5786ddc436ee92a57aac8a900bf8ecf453c08f09b6c2005795c4c867c71e912d
human-04336,human_context,information_extraction,12863,context,430,214,0.039813,0.402326,515ec6adc20ccb0c0cdc182f9a273eb2a60bf84b74ae618ee1197df15acf99cc
human-04337,human_response,open_qa,919,response,198,100,0.010256,0.530303,e03f16585a8a6ec91c786436ca5b28f8dfddffbd87ac266e8496a23470498b90
human-04338,human_response,general_qa,13624,response,216,147,0.0,0.388889,c42aceb6920262c70d01099b3198621cfd9cadc962121a2c2d8fb1983f1190f7
human-04339,human_context,summarization,11781,context,440,208,0.025172,0.443182,468a4199db9147efdcd667bacc21e38ae1ebef3b83e63aceb9682e811aec9e9d
human-04340,human_response,open_qa,740,response,316,158,0.00639,0.455696,2ac18f5f69b790462cc622d02496c2a285331ee59b3877131b55ab079fa05d6f
human-04341,human_context,summarization,2421,context,548,281,0.033028,0.383212,e396501d44cba80769db2724e8bbefee946b7791b1826631dbcc568a91dce802
human-04342,human_context,closed_qa,5131,context,150,95,0.013605,0.48,7244624a2e470331e27475806a6b6227dc67862885346bc6694ca1e029b375b7
human-04343,human_response,summarization,2715,response,247,130,0.032787,0.469636,0ae76453db6d795fb19e8f79968c9105a673a528e97a36fba8338a5c9161d8fe
human-04344,human_context,summarization,4540,context,5842,1443,0.110293,0.355015,23b370384d5211f5397c100284b13981158103dc29a00ccba9c1476991fc1a36
human-04345,human_response,summarization,13966,response,752,340,0.033378,0.428191,af3d9b91a2c07e40cda104bc462a6de560314a4ed191a64f711e436695a5c229
human-04346,human_context,summarization,6083,context,146,95,0.0,0.458904,e506d8676457324210ef4fc23ad531be9b8c5d3da867fed049f186e230516f52
human-04347,human_response,summarization,7140,response,179,90,0.028409,0.541899,9009178b5c1130c409b027edd2e48cc72976d6e06aeca2957c29496f23272331
human-04348,human_context,closed_qa,14801,context,429,200,0.025822,0.445221,e5e2d4fabb7c6925150857eb2d5b1bdd7054e312c4ca68db811bb9289b843474
human-04349,human_response,general_qa,6029,response,148,100,0.006897,0.459459,ae7e79cbfcc27fc782552ab1b355adb620c095b67020c9926ecc94e07c0c7ba6
human-04350,human_response,general_qa,13420,response,181,95,0.011236,0.519337,5ab95a43294da459ebe5815a2f97a011b06841a72bedddfcd141bb1f35fe56e4
human-04351,human_response,open_qa,9508,response,139,84,0.014706,0.460432,b54a6e592bf00bbde65714c5f1e726c407db139bdf55c2fd7b678130547c81b1
human-04352,human_context,closed_qa,7891,context,326,160,0.027864,0.444785,f9a0ca6dadbaa950927f185b1a63fde81d6dba27c8195c2f8986919f0c60adb6
human-04353,human_context,information_extraction,6980,context,232,144,0.017467,0.396552,0fc69f122356020bd321f9b113339f05432fd02628b79c936b7bad607abe79d3
human-04354,human_response,summarization,7893,response,242,135,0.012552,0.458678,cf99573a9bce141f457ae6f9242816f9f01865488f5b2458765fc3269b305531
human-04355,human_response,open_qa,7719,response,133,66,0.1,0.56391,90b1ec477e7f8568766181b715c40d46f3f03809fbeeb592c117ae25f77b5829
human-04356,human_response,open_qa,9254,response,156,118,0.0,0.358974,34311a4a4e72302cbbbd8413da0d5ed2dcc95767ce4861ec4e805fa5203b20b1
human-04357,human_response,general_qa,13462,response,193,120,0.0,0.430052,c2667a52dd15e060fd4683df4b755f441d7bafc14ae6de9394f50e4fceabbfb0
human-04358,human_response,open_qa,10669,response,150,99,0.006803,0.433333,7b2b1ca619d79a25f844d94d96ebe68f8d6ec2385e367d545416e6585701835f
human-04359,human_context,closed_qa,8469,context,250,156,0.0,0.432,6d3709ef299cdad8ef9a6f7e888f007bbba6f1b4a2404c69fe60cc93866ce5c6
human-04360,human_response,open_qa,5670,response,163,109,0.0,0.447853,ea3cb73bd800986f8c79ce6ae08c04b67d9fa0d95d41c6b6369ec7c5a035da86
human-04361,human_context,information_extraction,1001,context,267,137,0.003788,0.456929,73a922a7475415f5a6e5e3b2bedf1c5a76794df5f5cbecf361124596869574b1
human-04362,human_response,creative_writing,9225,response,188,95,0.010811,0.553191,5de8d77c3dd6e70ffe49b460aec871fad4b84f5c948523a0c91c600989f58fb5
human-04363,human_context,closed_qa,1846,context,147,84,0.027778,0.510204,cbd46dd6c0509a1805a346777d2dad73fe414278316dd16bfb0424a85f8b1c96
human-04364,human_context,information_extraction,603,context,209,123,0.019417,0.421053,d1f65186a96c53d2d76f01c11f8c68188c6861ece66a1647e69e250e74f90059
human-04365,human_context,information_extraction,14422,context,201,125,0.005051,0.41791,2f3b2cfb35280ca8f499dc4ba04021f0098716803b9a81cbfd47ef47a38507e5
human-04366,human_response,general_qa,4376,response,215,129,0.009434,0.469767,9ab1ed750d0d0e04ca28d3ccfac24e0f3d12fbea091853140fdd7feeffd6ddd1
human-04367,human_response,open_qa,8852,response,160,91,0.0,0.5375,021b0f4686309c2536d6978105bb455c654ee46498ce79491a87cc7387d86d71
human-04368,human_context,closed_qa,10376,context,600,259,0.060302,0.446667,80ef328babd81ae3cee479f92a98cf8d6b0b39ff9a1add70d4c7ee34932daa48
human-04369,human_context,information_extraction,6896,context,190,122,0.02139,0.415789,eafa9fc43f8052969222072fc4a754f728fe3308c403b365b6c631b820e5dd76
human-04370,human_response,information_extraction,9687,response,198,120,0.0,0.424242,6831ef5a79fe5dfdf22d7ad5c9a12f0d9fb380df017cd1f6d23e1b0e959d4c39
human-04371,human_response,open_qa,11262,response,143,93,0.007143,0.461538,fd14e244214685c8b65f5bc34217ced1dcdcc31086d9d4b327ec6841174f94e8
human-04372,human_context,information_extraction,14414,context,262,121,0.050193,0.545802,d3b0344716b33c6937f636a172c54b0f620fe9265eeaea7b816ba28ee44338c5
human-04373,human_context,summarization,2898,context,388,183,0.054545,0.399485,333e3d7778ceb063d769027c4c957ead5c51ad4edf0022a071a98f27fad03eb8
human-04374,human_response,summarization,10094,response,508,247,0.023762,0.397638,639f6567c494aae353e1b62c70b787247a1876f3429e9834b9e8b77176b24404
human-04375,human_response,open_qa,34,response,179,117,0.0,0.413408,5a76107d5e55dd009aacf42703e30f16cce6ab8ab0fe429dcd8dbda53a7a260c
human-04376,human_response,creative_writing,5615,response,325,166,0.003106,0.443077,4d39f8db039e0f19cb3a667ed48b591104ca3f966fcce7526ef530afedeecb1e
human-04377,human_context,summarization,9816,context,1803,703,0.036667,0.374931,d1773faddfbf906326eeaaec269f929f72ecdb2f0155f8a43673ed2e3c56e658
human-04378,human_context,information_extraction,4948,context,681,208,0.181416,0.562408,d982c233ca228aefecc130e7b1972bfb09ce48f17bc911badcc63649a64b7f88
human-04379,human_context,closed_qa,342,context,133,81,0.0,0.533835,c2373883c1917e3f7c091fe6c8d6e67cb460ba1b06e1623e3ec3a12162f9012d
human-04380,human_response,information_extraction,2970,response,373,169,0.083784,0.477212,02e7f57770ee534e4074a9a4e4ef6a6633addcb9c086b20fe3c4074d89263aeb
human-04381,human_response,creative_writing,5712,response,190,125,0.0,0.415789,4153daa67889667841ab4e8c0ea3f0b84721032b2bc8960fa8ee0656af8abd94
human-04382,human_context,information_extraction,9106,context,261,138,0.015504,0.471264,440963fb677333d57550b9aea2a27cad5d3cda9d5492bb3b01e3d988beb2377e
human-04383,human_response,summarization,10849,response,218,128,0.0,0.463303,bbfc08d0ca0031dd1ecd516d364b35f233dc1ac578dfce494538aad32d2d6d59
human-04384,human_response,brainstorming,2001,response,171,115,0.0,0.374269,1ce75806ee39e0cc7b1ba1d3b834b4475a16947a9c6de4d1d86f16150dc594b3
human-04385,human_context,information_extraction,13349,context,282,100,0.032258,0.613475,512389e68233c8b36400df5e423d33e4da00a78a3fbc3dd90c8a590610166c77
human-04386,human_context,summarization,9461,context,297,194,0.0,0.360269,ce038b3f1b0e50bc2e20c1f7780398b4fcd90733af51ad4eb1376b1feeed8c65
human-04387,human_context,closed_qa,3814,context,266,141,0.053232,0.462406,e63ca3b3210631e9c794bf137c6ea4e10ca981c6ae86c07424e19dd49353f1fb
human-04388,human_response,information_extraction,9627,response,198,87,0.112821,0.661616,fff8479a78fb6e54719e8c2acb843d568f020b9457a3e562c1b7db487f377ce3
human-04389,human_context,closed_qa,9631,context,172,122,0.011834,0.366279,9cfc23d064ff315da4c40234737adafb8ac510618e38012e5e3974d1e6df970d
human-04390,human_context,information_extraction,5158,context,284,176,0.007117,0.380282,9092c4640e1dc22be1b4c3ac1c7aa7a02544d805d6e9014af46c2d4921ac2b41
human-04391,human_context,summarization,4687,context,135,87,0.0,0.503704,83f4c6bb9840667323493869b193d4316409ca741ff95ba8e3655adaac5ccc21
human-04392,human_response,summarization,97,response,231,141,0.0,0.428571,31c31a6197d5cab42e6d9c1b2f2d3f21378a204771daf7948ef64a34de4dd442
human-04393,human_context,summarization,10108,context,234,124,0.012987,0.512821,4b0505ec9e7f2556bb8a34f6c87b804a38557fcb146cf6a46a4a4d2ccde55c91
human-04394,human_context,closed_qa,766,context,233,113,0.043478,0.484979,d6d2bae7ba71ee35d2b671ebe1ab774d62adccbf8187b1b969b50402f868b753
human-04395,human_context,closed_qa,7118,context,234,120,0.004329,0.517094,282db89ffe8bdfa74d02d511c25aaa286020f2b14a94aa3d2145af5d94958f39
human-04396,human_context,summarization,11700,context,168,99,0.0,0.505952,6caaa0762af3b09696bc79950cf0f5e73b366a3535a26d752e99b98cdb0e95ce
human-04397,human_context,closed_qa,13754,context,141,93,0.050725,0.460993,9eadf654fb46963c9a3094cac8a779a7d5076c7ad44d73032625e627facfa252
human-04398,human_context,closed_qa,12786,context,164,91,0.062112,0.52439,2b60738dce34fc83b532100eee36d47ac2cede40f881e125759966b8886dc7b0
human-04399,human_context,closed_qa,5480,context,137,90,0.007463,0.489051,57a9690e4088d458bf22cc9413c60320f8228eda0b899603f24e196dd74db7f2
human-04400,human_context,summarization,4876,context,530,273,0.018975,0.377358,16f2c158f9acc86cd8af72c4e045ccf74f476501564d4d2d35a535d34152c674
human-04401,human_context,information_extraction,10276,context,185,114,0.016484,0.443243,5e8b9dad34380dec1a5db51d3fed3e870b355852ae708463748fa0e1fa501c79
human-04402,human_context,closed_qa,13137,context,136,75,0.015038,0.588235,8ebb12591cd1fc2d8e1e55335f868564bf53bb0ae0019456cb7d445089314299
human-04403,human_response,general_qa,4853,response,157,96,0.0,0.44586,5f1616433e5a907b68899b22566961bb08846ad58eb1d37bba83a9cb08762486
human-04404,human_response,general_qa,4401,response,139,86,0.0,0.517986,3b498a6a1302e147f9bfb1c7db5665d3052f42182c25df2be73bf5d7d5f93d84
human-04405,human_context,closed_qa,13676,context,435,269,0.013889,0.347126,3e4b268af37f520452fea3f44c808821d695430d94a165ba39da538d28835cab
human-04406,human_response,brainstorming,8493,response,193,126,0.0,0.430052,58db12a98f084c2e94c4825bd9271eb83800c64a8f9f019c06fe6f7a8679fe48
human-04407,human_response,open_qa,2335,response,151,95,0.02027,0.443709,559f4d5ad620ca2461d8b1a408b7b26528f4c367047638ccc6bad5e900f9d43e
human-04408,human_response,summarization,10268,response,405,177,0.047264,0.506173,4fda4039b8a1e8302b095b97eed0603af976f60b76606b879c162efebdf0847a
human-04409,human_context,closed_qa,2828,context,286,172,0.007067,0.388112,72da099b0b87d576245ba24dfaf147f4595d4a017f5f3fbc397cc6d1da606315
human-04410,human_response,summarization,7384,response,168,127,0.0,0.363095,5cbba8bae0dfdc66d0c7be55119d7bf83062e3f13c3fbc2a4af6e95ce0b67189
human-04411,human_context,summarization,2978,context,307,167,0.052632,0.42671,7e2397dfd06ae2111e6e60e4346d198b8f9bbb1282ca7bbef326159643f33911
human-04412,human_context,information_extraction,11283,context,311,179,0.003247,0.385852,4d33920478d6b4ba3572d62116342a983a1a6744b2039a5a047564725787ba5e
human-04413,human_context,closed_qa,3575,context,285,154,0.007092,0.403509,026e14736019ae71cc59883b2299fcf5cd27af2016e4d609b484d62158a6b22e
human-04414,human_response,creative_writing,2837,response,145,76,0.014085,0.537931,e374cb89d0be08589c33fdbe50c53af0716146ba5d4a87abeb5eb56dbc99d6d3
human-04415,human_response,open_qa,12324,response,1544,549,0.035042,0.358808,75cc2d4886f5945c7a362286b01288083a453ae64fd972d73f2074aadf11bac3
human-04416,human_context,closed_qa,9004,context,146,95,0.006993,0.465753,d7df8e61664e9acc2725df1c8325a9b399b7e107409cce1f4ff8374cb6f54494
human-04417,human_context,closed_qa,8499,context,180,109,0.011299,0.422222,60dfd8d368cc4eb8768247676ddda45fbdbd537f74660186627a05c3c17b8841
human-04418,human_context,closed_qa,2579,context,168,114,0.0,0.434524,dcd0ec70921488739c6d71b86801a22e954d346b6274e4343e5218c43b00dea6
human-04419,human_context,information_extraction,10949,context,227,65,0.325893,0.722467,e9872a8227904f8a09fe537dd536257bc42861593e875d8ae9d21e3808d0df98
human-04420,human_response,closed_qa,344,response,429,219,0.028169,0.435897,d1a9999cf96ff8ab1846886f968c4ba837e438352cf775f5f5176bffa604e6a6
human-04421,human_context,closed_qa,10680,context,323,192,0.00625,0.399381,a701886dc6f37a0444ff0dae7eaa844c3a355c33ae00bc4978a2b5fe5e024078
human-04422,human_response,closed_qa,5094,response,146,63,0.13986,0.636986,4a8649787aa6257b5c5ec13218e7032d9cdfdc0a9b58b954866c9c035585bf85
human-04423,human_context,summarization,5173,context,171,121,0.0,0.374269,3a3b1b0c6332b452fd8374ad9728018b4abfb97350adcb268d1027f782ee3bc8
human-04424,human_context,closed_qa,4737,context,486,223,0.033126,0.45679,98e10078b1e5b7d6292c2b0f1c97a74345b683babb22a1aa8e572648dd893f48
human-04425,human_context,information_extraction,1630,context,304,145,0.049834,0.490132,f50778cff52cab17232469f1bc799b5664bd84a82c5f1c20a8012c88ea7cce94
human-04426,human_context,closed_qa,14154,context,4130,1121,0.084323,0.383535,3e73db8175865596a494472a57beb7cabbd402eeb1790faf33a4f3d5f389c5a4
human-04427,human_context,closed_qa,11742,context,276,124,0.040293,0.514493,494118f1600da355566d9c6e7b8feb1bbb0da1707d44c5de20614ded65f67e1f
human-04428,human_context,summarization,13227,context,447,241,0.004505,0.38255,50f79e37b7d08491fcc03bb2a8687695f360250152fa0fa270cf9de801f661d3
human-04429,human_response,open_qa,3122,response,221,121,0.009174,0.452489,505cccd301df7e397ea5ba16a0e9639c3dd5b411b8f7900a8058f5a92ef8caa8
human-04430,human_response,creative_writing,6358,response,311,131,0.051948,0.469453,2071e65a13e2fa8d31d91fc8f396325002cbd9272057e243cc34ac725c1cf381
human-04431,human_context,summarization,13500,context,134,101,0.0,0.395522,c23e1e74588e7b3a45c18a4061031678afd35f9e302c7fa88162c42ae39ceee9
human-04432,human_context,summarization,9216,context,145,102,0.0,0.434483,4759980e21f33f118314a2065f72849f079ba6d023667495573371eb12d8ba69
human-04433,human_response,general_qa,6287,response,293,166,0.010345,0.419795,85e98c673af091d7da5ff0a26451adafa21f7a61066d74456fd6829d1df23565
human-04434,human_context,closed_qa,14514,context,129,88,0.0,0.472868,a39d9c43a524f63c0967f987f9fa5a2b31339b1c136dbbd80368beca505ab2b2
human-04435,human_context,closed_qa,2168,context,329,181,0.039877,0.382979,45e47861b240e114c488af62c4aa7050afa556291ee1181bd650db80cc83e5a2
human-04436,human_context,summarization,8249,context,195,117,0.015625,0.482051,87a3e401293ebed38e642e97da776d832f6dcea3768345006cfffc645c7474af
human-04437,human_context,summarization,2378,context,302,140,0.023411,0.493377,5c35b1f44848772d3bfbefd60438005277417ad24a0034f878ce08ca8b1f821e
human-04438,human_response,summarization,6873,response,162,106,0.0,0.41358,055debcf41911fe1e4b525fb2d4cf78f890da39fd957514035e0e9666378e4fd
human-04439,human_context,closed_qa,11468,context,349,154,0.052023,0.446991,348d88b57a16b336b59c2dcb6e07b5e2dd3c3b4f949c598748a4c63506f233fe
human-04440,human_response,creative_writing,11911,response,132,80,0.007752,0.530303,cf503f24c2a55c030ed85e5809980965e37009ae9926e1cac39dfa9d3baf1df8
human-04441,human_response,brainstorming,3364,response,219,120,0.0,0.43379,32ea4f3c1fe0eb0daaa5e4269a11a6b6c22a639a2087b0cbf8fb5abc58ea72dd
human-04442,human_context,closed_qa,3811,context,167,103,0.0,0.45509,59da3f1708e5b39227b2812047a063193c6a6982ca94a12faddcc37a650e566b
human-04443,human_response,general_qa,2046,response,255,130,0.015873,0.454902,e73c048008d2eddc05ab3d3b8e51793bbea9bd8f9d395019e64af9f1a71a9c88
human-04444,human_context,information_extraction,10228,context,189,98,0.064516,0.555556,aab48493620fef77d6dedc81944f0a0bdcb9be13d81725656c71ef31f18350c3
human-04445,human_response,information_extraction,1107,response,723,331,0.041667,0.42047,75334b1d528080a6f8533c6ec5a5cf951e186686e309d6fbcfe678fe3560de4a
human-04446,human_context,closed_qa,11418,context,561,291,0.014337,0.413547,60e988f93c67f15dcf9445319bd92f878e83ac993b3f28f870942510f91f1c00
human-04447,human_response,general_qa,294,response,171,85,0.017857,0.573099,cc927f26e947c3270b0c8179f8b1991a24944864210b11c27e3595659b22a478
human-04448,human_response,closed_qa,8332,response,411,202,0.068627,0.408759,31fbe3d51c14802b1f34e026e7f93528bf68a2f883fe54f21238a3df50a79e37
human-04449,human_context,closed_qa,4351,context,181,110,0.061798,0.436464,bb3a9112cd36047ce925a811469cda0f8c75c5676f2f8b75844bfea529c78a86
human-04450,human_response,open_qa,9327,response,318,191,0.006349,0.377358,b5d33d55c361d2161d18ebf80b5a192e200d10aae3cdb29ed87595e095ac56ff
human-04451,human_response,general_qa,11079,response,138,92,0.0,0.42029,9fce7a30beacefb83e00eecb69571d46e42316ec9e5388612758ea605354e194
human-04452,human_context,summarization,6360,context,299,169,0.060811,0.434783,6f1076fdff00d65b4691f75f73decb06ff44e81aafbf8536b61fa8d7777e5e27
human-04453,human_context,summarization,9197,context,167,103,0.006098,0.479042,47c039bb1ea6517890e5762d00ddae300d566d4c535a62f076ffe095d8838e51
human-04454,human_context,closed_qa,8082,context,276,151,0.014652,0.387681,ec6577c01243cc9780b8311288a1f33cea07881804cdc980dff5c91bb98f417f
human-04455,human_response,classification,12097,response,207,106,0.014706,0.487923,c84477fbee0f628174f55c656630830e075ab3afa206d4102a07fffa40942997
human-04456,human_response,general_qa,12621,response,402,181,0.007519,0.450249,2857e1860980606c33e0151849fe4b994c7f7f22d48184c90959fb763358db8d
human-04457,human_context,information_extraction,8471,context,226,127,0.0,0.469027,0b69197073f45421bc0ca9b199ef9f95976fe78e7c865ce1981ad1c0a3eb38aa
human-04458,human_context,information_extraction,6992,context,191,130,0.0,0.418848,0edb08cb1dd2db915b444a1c886520cfdbeac621d1ce35976c67ae45673f1ead
human-04459,human_context,summarization,558,context,382,200,0.0,0.387435,b4c20ed96543d52449a0cde8b3f3c0b62d739b8c563e6056afca6092914817d0
human-04460,human_response,open_qa,2140,response,154,89,0.0,0.506494,092b75c8bd557290d5d15b4cfe325f903cf2138296739733ac7965c661c69ca1
human-04461,human_response,information_extraction,13369,response,164,87,0.018634,0.530488,c5947c16ebfb3dda694090d718e5ba3f698c39fe7163b8916a749856d6eb66a7
human-04462,human_context,summarization,14434,context,464,240,0.004338,0.415948,90c7ba0c5a146b5572444de33b0067ede0e79530a567307b5c70830431e9b963
human-04463,human_context,closed_qa,1501,context,4032,1333,0.089104,0.295139,02895213b77fb55be7c60ae7e206332a97e88934145a8e05df9af5e11a518a7b
human-04464,human_context,summarization,2788,context,239,132,0.0,0.464435,89f085e18c8e8338a4acd4bbe5b20f5f8442fa747425149fb4538b8def17fc8d
human-04465,human_context,information_extraction,8367,context,204,123,0.014925,0.465686,f81741be289cfe2c241e77012ead544269e68bd265f397b4402eff6f4dd995f6
human-04466,human_context,closed_qa,8210,context,143,94,0.0,0.461538,519c1e19651b8118ce0e3610beef31193604fd9c8230e043f55d13c1b82bbdf0
human-04467,human_context,information_extraction,4019,context,199,107,0.010204,0.502513,84e56fe8c2c5a4bbeb844ca3e9e8a49f61f734d7616238b2a6ffa37d8ecfcb5a
human-04468,human_context,information_extraction,2693,context,269,142,0.037594,0.438662,cdd6e4dc2ec18ab032dec7c6af7c63f1bcb9d87968bc9dae880ee6f9373c4f59
human-04469,human_context,summarization,1558,context,1134,461,0.04244,0.42769,1729e693aa10974e45342c3c84c140f787737416f014eb87247a7c0d0363190d
human-04470,human_context,information_extraction,6684,context,154,92,0.039735,0.474026,ea0b96d9835576ac52ec7f43924aa9e0fbea5d2b5f416a44823d11808aa10b03
human-04471,human_response,open_qa,8766,response,210,116,0.014493,0.457143,eeb868ab25088b7ebc4f3796cce68c5deadc6335d28bca0fe9447b3005436ee0
human-04472,human_response,general_qa,11715,response,136,96,0.0,0.441176,f8ae4fbca3f2484d669f26db29e568353a64f157becdeb22afd325fa93e5f29d
human-04473,human_response,brainstorming,7714,response,144,90,0.0,0.513889,c4fba5ca5326e53298a24fcfcd771569f653b51d6237c7f85a388858b4e324d0
human-04474,human_context,closed_qa,5001,context,233,158,0.004348,0.360515,bb7f790e741190372aea809412a2d2680252d6440ffa459c5312f1869e2ac5fc
human-04475,human_response,open_qa,10727,response,160,90,0.025478,0.54375,072e712ebff769463229257e6d64ffbe923609627bbc7e92494658bf45bbbb62
human-04476,human_response,creative_writing,5488,response,292,130,0.048443,0.489726,3bc33bc37a50ab4fab981f7721255a10fd2e0ce24798a8748bfceadf4bdc92fc
human-04477,human_context,summarization,14890,context,787,401,0.024235,0.348158,e82255bf852963b3c879ec3a5126d9fca161416d977b6d6eb5345411e1babff2
human-04478,human_context,closed_qa,9941,context,345,170,0.02924,0.446377,1214b70da074b3bb571aa0820eddcb8fff87cae049ddf765a0e473e3727e0169
human-04479,human_context,summarization,10356,context,981,471,0.033742,0.361876,bdd7d99e55ea1217c41aae4914f9827d86d9ddfcf3f68429deae99020f5c704e
human-04480,human_context,closed_qa,10117,context,149,98,0.0,0.42953,33b7578d1cae65c9eabb822884dc49d61938581e9afe513ca1b8c37fa89a0941
human-04481,human_response,open_qa,9065,response,132,71,0.03876,0.568182,7a37ad12c85091bbdb421794a77daa965f85c78b2571a6733dbda4dbf96179d0
human-04482,human_response,summarization,11587,response,130,72,0.007874,0.553846,5768c2ac1f49db1fca97bf3646e042536fe81c38acdf0d2c1c6ca7805b6a3aab
human-04483,human_response,brainstorming,14749,response,145,93,0.0,0.462069,fb52d8fea1d7f89564955cf4717a2dbf1aac4e038b0002dc02de61e164d8f4a1
human-04484,human_context,closed_qa,4197,context,252,141,0.040161,0.416667,30e757dfb2af37467e1cfe8390b4605e9bfaaa0caca988a69f61af8ea3452b1e
human-04485,human_response,open_qa,12965,response,162,99,0.031447,0.432099,993af5ac27f7c687d522589fc80b4d03a2827d94fb5280ee618e4a5e6fced7ac
human-04486,human_response,open_qa,11028,response,193,94,0.031579,0.533679,79c891823ed5e250eb90d3dd573878a1c113128555f2f2dd8f3c31268440ee66
human-04487,human_context,closed_qa,6013,context,326,169,0.018576,0.40184,40ef0dbd087e96f55e8a59f813749e52b96de762a80f918d37bdb297683836f8
human-04488,human_response,general_qa,15009,response,261,145,0.0,0.455939,a2fd4a167037ad2bb79287f7a56380c62935338fd359bcc12f777ac37fdb89cf
human-04489,human_response,open_qa,8562,response,192,96,0.0,0.484375,000c0b83b6595300b376f8e2352f97b3c7dbbaf718bd494bbac7fcc7d495bb8c
human-04490,human_response,open_qa,218,response,134,82,0.015267,0.507463,392711aa9b6e1d635c0bd679f284dbcc712ffcb57285307f22ec877c753552ce
human-04491,human_context,summarization,1403,context,1823,753,0.026374,0.355458,c996b1a893d9ffbd2143df47a6dc213b3f3dddd0a207c506578514bf49eb1e33
human-04492,human_response,creative_writing,13139,response,184,55,0.237569,0.782609,251be61f647f078ef43e4764a08cca6d70353042204a37a21c1b6413004c17e5
human-04493,human_context,closed_qa,12900,context,221,132,0.004587,0.447964,54b6db372e2f89e8a85fa8772cfac52a0649f49c27edd8499b0e70a137475d76
human-04494,human_context,closed_qa,6922,context,211,103,0.004808,0.526066,8ec41a2c489abe660c7e9e9ca3722a64b65d37b1b193d4092294913ff1766715
human-04495,human_response,general_qa,8632,response,151,80,0.013514,0.503311,50a53f5e4a5507a2e42cd05cdee932d051f87b57f8ad43ab7224b812e090adab
human-04496,human_context,summarization,2413,context,196,115,0.020725,0.469388,2eddd79c31af2f7ed97abda90efcf5b17197fa986a3e6147ba2994b717e05145
human-04497,human_context,summarization,6004,context,548,160,0.244037,0.567518,8898fc6f78d7569b4eb6ffdf16b02c57ebb4b272c361e6eaed00c807b498c862
human-04498,human_context,closed_qa,7479,context,199,112,0.010204,0.482412,880cd063c2b9caa1c4cb59901585678a8d6d1e2db0e42f11d2e42f9a13ce98e7
human-04499,human_context,closed_qa,7460,context,205,99,0.00495,0.512195,168d9686c3808fd4e8c61282cddc09b89500bb90d5d47463b3e1047232b62b1c
human-04500,human_context,information_extraction,11334,context,678,346,0.028148,0.334808,7c2b189264738324296f05f43cb6b2d24159ecbc0a46578635d47b88b3459af1
human-04501,human_response,closed_qa,12980,response,164,113,0.0,0.426829,b2a71b1b071fb56ae3768ca5496b57f18c2925020b9f1e43102b7c20c5464485
human-04502,human_context,closed_qa,9737,context,307,169,0.042763,0.429967,ccec4124523ea607efdf7ada4cb4ced4fe6f96ea75be14829f00c48a29d49c37
human-04503,human_response,general_qa,11050,response,202,129,0.005025,0.450495,6f30940e1bf5527172ac1009928bebbb4712f68204d4bc3c3181062ef927b5b8
human-04504,human_context,summarization,11279,context,139,75,0.029412,0.553957,75bb7fcaabd92a7a81b31aa11a86615b2368e39806419860cd98d2bbce0f949d
human-04505,human_response,creative_writing,14019,response,342,169,0.011799,0.491228,2eabc5bef911a5c40145c7b2710cc8e563b010a60f359523fc4c71ad6560e471
human-04506,human_context,information_extraction,4742,context,241,122,0.042017,0.493776,da5afa5994f085abf7a4b5444d360c106733ad89c96e5f3ecf94221e3b078d44
human-04507,human_response,general_qa,8874,response,134,92,0.0,0.440299,3543a8cebc08d595a6db441b883e173552d19914d1c73bee055449d92717d5af
human-04508,human_context,information_extraction,14077,context,268,144,0.007547,0.451493,908985a92d009e6f9abf2d16eef6eed75039ec5917aa7159173139c3468f949b
human-04509,human_response,brainstorming,12173,response,176,108,0.0,0.448864,b259d322f1aa9d1e04c8de008d368460a590620811eec726361c0cf31e988d55
human-04510,human_context,information_extraction,14388,context,137,69,0.11194,0.620438,460ffef4a293f71577763c60b4e847362712a28c6fc27efcd1c7d759606f235c
human-04511,human_context,summarization,11726,context,1946,759,0.045291,0.368962,19708134ada8e5c7e46596d2799643e959bd2c6f721c259ed1ff7718345132a3
human-04512,human_context,information_extraction,8376,context,152,92,0.013423,0.493421,33f48f098dde523db0c07f1d2adc81cbfadf8b99d45f0afa1aa71d67411a0a02
human-04513,human_context,closed_qa,2503,context,161,106,0.0,0.434783,4a31c28d5afe2f80fa8ec48fc63a77d3bbf32f8deb52e514aacab02245ea1d57
human-04514,human_response,general_qa,12536,response,278,156,0.007273,0.420863,9c95b91e5ddbf91a5ca2156136e8aa588df8471f2e766768b2434418d0b324f1
human-04515,human_context,closed_qa,2178,context,200,133,0.0,0.395,f9b2fe9ee6ad21601c66835a9d858824fa845d3c6c08c0a71902eff252714f3e
human-04516,human_response,brainstorming,5066,response,189,106,0.0,0.481481,f11302e1d22905460a3769431488e5989a46fc58a6a0eb54ce64d36b14c6e108
human-04517,human_context,closed_qa,8266,context,303,132,0.04,0.524752,5f199bc13b853d7dfa6d855b5f83463523203da015b5317ee4ca493ad90227b5
human-04518,human_context,information_extraction,11812,context,252,158,0.008032,0.369048,682d495a02f56e71220ba26fc3e14fadf198e51a6b13fb27b9190cb89fa7653b
human-04519,human_context,information_extraction,4213,context,242,109,0.025105,0.528926,a0ad6f9084d72d4c61193c20a1f3c903561f5f4a93a51c5851de5b8f6a1723dd
human-04520,human_response,general_qa,9803,response,174,94,0.011696,0.528736,07d775c7cee683ff3e06e353c5073444e7e9669b9476cc25b676cd48f0b9c40d
human-04521,human_context,summarization,8786,context,139,78,0.0,0.57554,4db51558d023faccfa04d7b7cce649eb6acf2cb400ffbb6bd2b6797f3725aa54
human-04522,human_context,information_extraction,1168,context,214,110,0.037915,0.5,67b1b77df0c79739cad14bf71bc9ab910ad9772e0d91138de353e4c016571aab
human-04523,human_context,closed_qa,13207,context,131,99,0.007812,0.396947,4c9e9142569bec83847b20dfea1f49e9ba655ee760ef6a3874700a55646dcc2d
human-04524,human_context,closed_qa,6145,context,533,193,0.158491,0.560976,8254efb7d827f873778a90cd429190d5ccf4c226abd67e0284de2f2520c3ac36
human-04525,human_context,information_extraction,4645,context,557,280,0.01444,0.378815,92ce9d8f57bf27e980a95086167f6e24d454f40f0ac76c81169e99e8d75d6b1d
human-04526,human_response,creative_writing,4267,response,150,114,0.0,0.373333,1a07297e472c7ef82b18fab5475254a0dae52368b52ab22192972d6dc35b2166
human-04527,human_response,summarization,2287,response,243,130,0.0125,0.469136,7d2ebea9a0557acb66307ccc9fae6360a143b637b36adfa6cdd12c6bbb9c0401
human-04528,human_context,closed_qa,7216,context,189,117,0.037634,0.444444,c3f8c1cc5b1e64c786f4e4c8d0a1d01fca43ae0cbfbdc390a22d5c481294411a
human-04529,human_response,creative_writing,11709,response,279,153,0.0,0.444444,c824a086647321d846da77492a371cb7bf3da2e53f625accf778005ed55af49f
human-04530,human_response,creative_writing,2993,response,153,109,0.0,0.385621,99cc5cd9d530b8b7cac64b00f4069542aeca21cb4de5c9e0d612fb1b1b15c2fa
human-04531,human_response,summarization,11917,response,148,99,0.0,0.466216,5fbde1027109ebd8084401277d48e55b8e48a6391c67720df2f7833ab46317cc
human-04532,human_context,information_extraction,292,context,143,91,0.014286,0.48951,7522f62c7a29abcbd8e6d18461340a4ba2d8bc141f625e72450526c5a54590bd
human-04533,human_response,general_qa,13065,response,1012,517,0.004955,0.337945,59053938d19a6211a4447e1761d1f5ba9e0af8cfa2ede6ed20f70a236ff25396
human-04534,human_response,summarization,12797,response,136,79,0.022556,0.566176,71175882bd373d540b1dde972aacbbc5a96d4b3f1e56e9b21986c416abaf54c6
human-04535,human_context,information_extraction,10288,context,160,95,0.006369,0.50625,02087025f7fcd71f4c3b375df763adc5398f9f2adc272776c5dbb02cd5913e15
human-04536,human_context,summarization,3827,context,218,87,0.074419,0.582569,55ffe7ea7404d0e2ba5fc1ce59f31a6132a3b63076fb16875d6896834c7ec3e4
human-04537,human_context,summarization,10237,context,321,183,0.044025,0.383178,e5ec92fbecb83f853987360b32c671ee10a01f696f5e0b6a8b565f62b793f579
human-04538,human_context,closed_qa,11623,context,282,175,0.0,0.368794,10c0d17e750c74e814daea80ba248d7561d5114816d98e628654c9a44a5bb2d1
human-04539,human_context,information_extraction,913,context,221,114,0.004587,0.511312,f147869dbd178ad3fa67c9cefe41b62f0448fe30d8c2ab6f796d0d0d0537692b
human-04540,human_context,closed_qa,1702,context,151,95,0.0,0.490066,8be676254d99da8395c280e759321c2f20a9a87064f08564d08266b051bbca49
human-04541,human_response,open_qa,2340,response,234,122,0.008658,0.487179,9b64c311c1ee411feb4af9af8a5e095dc40268b03fb4da8cd042152c7938068c
human-04542,human_response,brainstorming,4001,response,220,114,0.023041,0.440909,162b1fe52a5d14c63bffa2b90fafc5e71bc3394458bc63741b3943b68cbdf751
human-04543,human_context,closed_qa,8456,context,239,115,0.012712,0.48954,4b81f6b608f983f50311c66d1505988883c5bdabaef6cad06bd9f40fa8db77ba
human-04544,human_context,information_extraction,3481,context,150,84,0.034014,0.546667,830d06b7bfd82014b1a21ecfc7196500bf1db6ffc277e8660862aff7b720dc93
human-04545,human_context,closed_qa,10658,context,251,135,0.0,0.446215,66c9630ff563e37c0d74aabddb57a5b1bbd113c617eb234ddd5416cd144b7dfc
human-04546,human_context,closed_qa,5233,context,202,121,0.0,0.480198,09fe66f3938a0f3e18818d852e6d587c5dee2ab15ab3aa37893785ab62aff621
human-04547,human_context,summarization,10689,context,134,72,0.015267,0.61194,59ce3a0d95a937decbd9265423d33db56eed96ea9b5087043e33f78b3f227eae
human-04548,human_context,closed_qa,8865,context,214,114,0.004739,0.53271,3008dd4abc021a9799eb2a5ab3ce5814c508c5932b7e0c41d67c798a4cfd5e47
human-04549,human_response,summarization,12913,response,137,95,0.022388,0.430657,892b8bec2a24b823bc527ab40ccb2d9855c44717a8fdc4816f86e85abaa85e3d
human-04550,human_context,closed_qa,8345,context,213,105,0.07619,0.530516,ae78ac9cd1ebac819b088c033164a72daf2f3634116f6a4431016cf9bcde9948
human-04551,human_response,general_qa,14961,response,174,111,0.011696,0.448276,04c3ce73967b822dad26f1736d57910ccc601bba70ab7c5338c1b654413e0245
human-04552,human_context,summarization,9400,context,521,269,0.046332,0.393474,baf4c8050720a91d08d54f301f77d378241e1c1f90358a9ee93d68476e602ce9
human-04553,human_context,summarization,3969,context,423,206,0.07381,0.404255,4955d4b4c9b94891f8586b2593eb218317422cac6350f1bec705a9fbc0a2577c
human-04554,human_response,open_qa,14718,response,315,182,0.0,0.428571,9f02ef81c76294623831b3b86eac4c8409d3aa8bce5b65b8c08be7e93a0daa84
human-04555,human_response,brainstorming,10489,response,165,99,0.012346,0.478788,68fa0e86e48ec6a6cac49256d79ff3b4e65d27811493bf9daef0510fa807cf33
human-04556,human_response,general_qa,8839,response,393,199,0.005128,0.386768,686306faef2b39a311a1bfdedec1adda8d59758f9140818698b6aff6961f1c41
human-04557,human_context,closed_qa,5962,context,154,77,0.238411,0.551948,7e40335d2db6938088ed63ff26a96885c18eaeb3b895111b05a3c6e9b525be6f
human-04558,human_response,open_qa,12308,response,130,80,0.0,0.484615,bcc762d1317766eb42b5e250fe3b07ad7eb79311790820da9ef66d9c061eb339
human-04559,human_response,classification,9825,response,216,122,0.0,0.449074,463e7934a5652ed9b6b056d39f2ee434836737206f428fcf5a2a458266bda21b
human-04560,human_response,open_qa,3468,response,156,91,0.013072,0.49359,3f7b10f705b848274ca23f778fb2dcb4b7016814acb660ebc48d337f342c6b77
human-04561,human_context,closed_qa,9038,context,643,301,0.042188,0.399689,a675a6e08b6ab89cb8bd65aa499d7a4c69addc8b56f0d122dcd23b60dd719906
human-04562,human_response,brainstorming,4657,response,156,102,0.0,0.448718,2feed72e084dc8a4f5ddc4d56b650247a50051a749c614f71de48ad91c434970
human-04563,human_context,summarization,6017,context,197,119,0.010309,0.451777,6da0915ba5dcec153a59d9eb2240f15bfc16d7144e90be7f1304fe9b40108d54
human-04564,human_context,closed_qa,7711,context,154,96,0.033113,0.5,a989126599141de52e122efcf045c7cc68ca581ed01a6fbca6fcfa8440d0ee8b
human-04565,human_context,summarization,12570,context,325,157,0.040373,0.44,95c4168328c372776e8bb4f28d4db6ddf65fb74f026de9d9418efce7455b51aa
human-04566,human_context,summarization,8336,context,350,193,0.014409,0.394286,54b0fc004289a1ca146c25b5b5905a26ff5fa9df8151210cc71491b5f116b6ac
human-04567,human_context,information_extraction,14204,context,482,242,0.010438,0.417012,26db667b4adbb93ee89fd11a103cd1e7e0d5db7bad7b6e5d1ebd401847325f2a
human-04568,human_context,closed_qa,14731,context,246,136,0.061728,0.512195,13f6bcdc1bc3a300a56820432dfc3a2e4da77295800377a38699315df02e4245
human-04569,human_context,information_extraction,2621,context,317,146,0.015924,0.451104,fd9feb203d352a5933c73f6ca9a5d2433bf071d7daf2fa0454846c2bb43edb50
human-04570,human_response,open_qa,9349,response,338,169,0.041791,0.41716,fb2a808da27c51a2fc5eb42959f27d1d726da68cf054f957994fa1ac0fb1c078
human-04571,human_response,open_qa,7283,response,137,87,0.007463,0.510949,f6e7b3493d7770b95cde6c0d1fc338fced88548e53d4640637b4a242e79c9c26
human-04572,human_response,brainstorming,14873,response,285,168,0.003546,0.385965,f1840704fb835b6541383599ed4b2ce6bbdade46a3a35278e56e9d18af885e11
human-04573,human_context,information_extraction,14283,context,675,336,0.035714,0.391111,21dddd86c2d4a92652365d0262274958b8af8a6d0aec0c6ff3ad1cec12d06be4
human-04574,human_context,summarization,6859,context,156,92,0.0,0.467949,bb254b22f34ff8fa0e2fbf2f6b3a079c76678fbead9eb9c5127828a26d2730ab
human-04575,human_response,classification,9320,response,746,315,0.0,0.58311,44021efd85750f8987313ea85f3cb9419d5b25ac49394dcb06f9b507a5a6fd87
human-04576,human_context,closed_qa,5614,context,137,90,0.022388,0.474453,c764ecd030f51952449f75c5cf67461e73ceebc082de95d078323d2edce6c123
human-04577,human_context,closed_qa,11522,context,206,107,0.049261,0.495146,3941687fe0c7e7d7f0002b999cba28c6c0cd12f9b5a113d1de514b0b89b1e871
human-04578,human_context,summarization,13344,context,530,226,0.039848,0.407547,e157532afd8f60f64d7340f2b1d501adf16fe357835813aa8239eb8ddb63c14f
human-04579,human_context,information_extraction,5264,context,249,129,0.03252,0.473896,d9f5d4732302cf6d5f05fbd7e8efc9bda150786b2636c2cd17ff048a91bb0a8e
human-04580,human_response,brainstorming,2219,response,183,111,0.005556,0.453552,80bb7996e9a5b14b24837b39268f72be8f01fb3ff55ccbba414d0a18535a0d56
human-04581,human_response,summarization,12544,response,291,166,0.017361,0.378007,a9020fbf3a057025c512abbd421ff7ca01d5f3b510a6366faf5547d6afd502de
human-04582,human_context,closed_qa,10391,context,194,114,0.031414,0.463918,ff3f9d38c73f1d28c71a541977c4e3b4e33fe9553e2cbcada0454e1e8998fa2b
human-04583,human_response,general_qa,12747,response,168,104,0.048485,0.440476,4543d0a46bb3f2dcffb976baaf67868880a6de56be073a199005e6be4132bc4b
human-04584,human_response,general_qa,6195,response,284,153,0.007117,0.433099,a614a8b7b398e073cd3916e0ffa98429e57aad49e5944ca30d9f69bfc941dcda
human-04585,human_context,closed_qa,12217,context,128,92,0.0,0.4375,7c022501c8bd95966efacb3fd9c1c756b5e6eab9be429b3ed4708152fc9a48d6
human-04586,human_response,open_qa,9652,response,185,106,0.049451,0.491892,3faa8b396269f6647007877d2c65402d6d84f0b049ae84370397551c74041a98
human-04587,human_response,general_qa,8873,response,161,108,0.0,0.453416,7ac8644be26f60008b3d0a5461592d29be55f4bf85cd6254e40198a46e6b8500
human-04588,human_context,closed_qa,6370,context,470,219,0.047109,0.42766,b1b9b32b048e33afaf2483732f1037d6c59cdd5e1f00a2fc6fc35727b6c19ab4
human-04589,human_response,general_qa,432,response,264,128,0.011494,0.481061,8d63c9a51ed977de3573c0702328487e9e34c3572178d27bd34c8cbe96b0d4bf
human-04590,human_context,information_extraction,4338,context,388,159,0.07013,0.536082,b38525c287785f579005e14d27229283bcc017061bc7d6c5c5c28bdfb29605f3
human-04591,human_context,closed_qa,14823,context,160,101,0.019108,0.45,1844d57fdec4d52650b4813418bdf78cddef8a1a1d8bd4ea3d5979b7277966b2
human-04592,human_response,brainstorming,5413,response,138,66,0.222222,0.644928,460ea4a8c4991213f418f39904d74787ab65b3ba0d68d109b1f52b75f5537f24
human-04593,human_context,summarization,5999,context,282,149,0.035842,0.471631,94a6ee54181366ee7d114191df2c75616dade6e8eff24a8d26b7ea246a55bdc0
human-04594,human_context,information_extraction,2449,context,177,124,0.0,0.40678,d602d91bf75691a2884e133549b20823cc2f4f37ffa24dc4e100eb2c4793f599
human-04595,human_context,information_extraction,3819,context,642,340,0.032864,0.352025,4b4b9e913a5e2fcdc68e5afd4b81400234a04741689fad516445377436589f15
human-04596,human_context,information_extraction,9691,context,262,124,0.096525,0.541985,029525904c423b3fab3708d4af263585b9cfad29584f60dc63b2e8205cbb3117
human-04597,human_response,summarization,11939,response,145,88,0.014085,0.510345,2126aab99e6077544070c41d067a6894306700267ed68306c685d9b8d90fe1e1
human-04598,human_context,closed_qa,13337,context,137,90,0.0,0.489051,1436c281fe277428487e2083de3494d5d12094ea964dbbe94ebe49108a90d746
human-04599,human_response,creative_writing,1216,response,251,141,0.024194,0.474104,111b6d3942e52036b24adbc94aed1107fd544aad85456d4a204f815df5932ed3
human-04600,human_context,closed_qa,1897,context,144,80,0.0,0.520833,36b31801c4d7b4a2d57bdadbc6795b91a161b9532c7356da7a7c82d1bb055406
human-04601,human_context,information_extraction,12427,context,421,206,0.026316,0.422803,910810dcb8794296868c6986427e5d8bfeae63c9b28fde6be08b97b367bd3a0d
human-04602,human_response,summarization,9400,response,148,94,0.0,0.466216,f2e03c3728c1a2686693c9fab6582050f805a0dd107cf6788ff0293ddc22fdc0
human-04603,human_context,closed_qa,7561,context,161,103,0.0,0.465839,b9bcfeb65e116cad81f446acc3908b71f07adfca4d4010e777b986b3a8367c87
human-04604,human_response,general_qa,7141,response,266,133,0.026616,0.43985,61931cf33ea9cf83f997d94a8147f1e2250491710d3d1d1b6e7fdc77dab94905
human-04605,human_context,information_extraction,3598,context,493,243,0.014286,0.427992,4029425e7ba8092a9f7aa7f391dbc52d45c387a008393a23c9f3203b92a289ce
human-04606,human_context,information_extraction,2697,context,173,128,0.0,0.352601,7927d4110530b4e002f2e9c025a8dfa0b32636a6de6c2fdf1e00a4f3c34ca9ba
human-04607,human_context,closed_qa,5009,context,394,206,0.005115,0.426396,379be1a2f1cf0a72461498f62e372adba9b14c72d229665398345beab2152e56
human-04608,human_context,closed_qa,8318,context,169,86,0.048193,0.526627,a81544305da81aaed2ef65c726fd5ac3276accfcd3510c73928581d808aa168d
human-04609,human_context,summarization,5625,context,252,111,0.056225,0.563492,95e3cf9e3444e66c3d96c6e5e09e0192537412f0c331fdf6d479ef2fe31ed92c
human-04610,human_response,summarization,11547,response,133,100,0.0,0.398496,10de79c7e6dc9ad09b636688e34665477cf1729ee0d890460e48ea09aecfebf8
human-04611,human_response,brainstorming,10080,response,131,90,0.0,0.458015,3a210858ae8678b2c18fb2defd21d12e9f2f778f238bd0700026ce3ccceb53ba
human-04612,human_response,creative_writing,4895,response,307,164,0.0,0.397394,45c26463cdfffb8f5bc5aa41e6487411d99627efbd6f38eeb3a01918868785b7
human-04613,human_response,general_qa,3416,response,391,225,0.002577,0.381074,d22432ab38a92959dedea8e6f56bc477be07dd485bd888e84a1811f3f272bcf1
human-04614,human_response,information_extraction,585,response,268,150,0.037736,0.402985,9c8f33f9a92a3ad83ce93459f359f7c48f942d3aab21a95cbe72c50359492142
human-04615,human_context,information_extraction,12001,context,464,210,0.043384,0.461207,b9ec25d11d4e83730e74d1a1579b079d7622ace26e245e6a75300c43617e0bcf
human-04616,human_response,summarization,12565,response,142,82,0.035971,0.5,ce3a3dc49a72f4796a01bb3cd603086b6fcf5642bbde76103ac325e68551ed94
human-04617,human_context,information_extraction,4580,context,301,181,0.0,0.431894,095b2da18d62fa634d5cbc1e23cbd7e78f34d5030ee9eaca9957b8a23494d9b9
human-04618,human_response,general_qa,12415,response,155,76,0.092105,0.619355,740481acf9b0ac1111febfbbc4222f16e687e7d0f26137925df70c82bff9d378
human-04619,human_response,open_qa,7322,response,156,84,0.013072,0.532051,b3a06456b3058adeb5d8db0a7587d32941d3a859644c87ecc9e1abcaebb69f97
human-04620,human_context,summarization,3042,context,243,138,0.0,0.403292,f366a613e88faf21c4a2d3083ee8a7eb3d280885b056d008c22cb8a3b26a5140
human-04621,human_response,brainstorming,12959,response,175,116,0.0,0.422857,c0b10c7588b3c1e044a9b6672355f34a209d6df53ccbb32d827cf0ade5dca466
human-04622,human_response,creative_writing,9251,response,277,175,0.0,0.364621,d806db12ce91a3177d8d07138f7c1e738e683b14856e6bc34546515aecd8b54d
human-04623,human_response,general_qa,6611,response,147,74,0.069444,0.544218,90c037ec6d3fc1ed9a54e1be0cafc152b9544bff6d5981bec579989e5bbfc986
human-04624,human_response,general_qa,3617,response,155,99,0.0,0.490323,0538a6409b03f38c5060f2be6ea740e3e84e97d5494aee866ed37a32713ce9ac
human-04625,human_context,summarization,11210,context,152,106,0.0,0.407895,6983cbd4c6db45b665d74e0f53165ab8c471cd161b8c06eae1b00834f1d33de5
human-04626,human_context,summarization,7169,context,176,121,0.0,0.420455,e6060c56683482b95d17cb73b4b794068c996079f8cef353a977d831e04823cb
human-04627,human_response,information_extraction,12647,response,194,121,0.010471,0.43299,263fca25fb4d28960f25ce1a1fe98ec723aa0d85715dca5352ba4b5148f12602
human-04628,human_context,summarization,10953,context,392,201,0.020566,0.436224,800ee72cefdfc9b9cc01f868ee14fa7bb04efd7a3449aeb3e3ec290bd469f6a6
human-04629,human_context,summarization,4705,context,222,146,0.0,0.40991,3de891366442c81cc94dd7c66d8a090287716ec948ba811e263ed2a854073d82
human-04630,human_context,closed_qa,6993,context,242,125,0.029289,0.454545,b465c3c619bf10ffffbe912c886c0f409163cd79c22af3a677096a6f2cdcfd99
human-04631,human_context,summarization,4497,context,504,230,0.031936,0.444444,79cc754542659ff48763f05cdc7dd0a41bdd6e8fab117a35cdf1ec964f913d4a
human-04632,human_response,general_qa,9149,response,258,109,0.039216,0.503876,a32c0815fac27a569da32cf624ffc454be91cf206da7cc44d856c8ed68096003
human-04633,human_response,creative_writing,12765,response,202,130,0.0,0.376238,81180352f68bdcfc3dd8333cdca0e2d3a3db3dc89d971143a00cfb36d39dd1ac
human-04634,human_context,summarization,9243,context,727,332,0.009669,0.396149,7a92e319bbfd5915653f9a0fa1e1a2cd93a17d482e6044d588e467f3f6c47daf
human-04635,human_context,information_extraction,4020,context,134,84,0.030534,0.447761,ab089632fc35cc488140c1aecf1a3c7f33eec7ccc1c7b5cf80d3748e8fcce46a
human-04636,human_context,information_extraction,3288,context,789,348,0.02799,0.346008,9435497e5a0a1762482fe96ddb64a34939bbbbf74d83f302db0ee6641cdc9a1d
human-04637,human_response,general_qa,5886,response,205,118,0.0,0.463415,54579ccbce6988bef8f8ca908824d46c42b466105faf042660d90c10e07431e1
human-04638,human_context,closed_qa,9705,context,345,154,0.038012,0.472464,5d1defa407d3079bcf2e51b5e67dc5ddba81aa738798f597289d45d4249669a9
human-04639,human_response,general_qa,5225,response,146,89,0.0,0.506849,a78ecdffe78334fa65adca80b6e440bac6aa2ed18e974035359d899f70e41778
human-04640,human_response,creative_writing,11914,response,191,101,0.031915,0.486911,d03a31f03af249e8fc4067295bc79076d0da909ed0c502867c55b97f9553d1e1
human-04641,human_context,summarization,6138,context,380,162,0.034483,0.505263,bfb10ee1543978ebf2220dca8e3899b4f7903465fe65553610bea004fb936028
human-04642,human_response,general_qa,3774,response,533,232,0.067925,0.403377,6121f5e2c9556dcfe35cc7fb5f9957bef51f5fa2ee31ac0fe93dcab0a08e871e
human-04643,human_context,closed_qa,2033,context,141,92,0.028986,0.432624,265d552c4346029df02d383f47aeb473279ad5701e99b55766df9abaa0cf1eec
human-04644,human_context,information_extraction,8649,context,453,243,0.02,0.373068,5bb0915271406e06f1ad291dcb46523c313bd661f65ea2ed6b08cc9b18f94b82
human-04645,human_context,information_extraction,3934,context,362,210,0.019499,0.392265,6ff3e66f5917ff2a092391a7de0276110e542ccf114ec4f2954cb6e664d26f96
human-04646,human_context,closed_qa,10050,context,152,115,0.0,0.375,c996f5050ba96d82bca6a6ef0683e4a9b3f15c5b6dc5f77d55f9008296d53e2a
human-04647,human_response,brainstorming,14714,response,135,83,0.0,0.533333,d92836c0cf93bb73be410f38e08fc4f86ddb37679d958ee661e72f875e79681d
human-04648,human_context,information_extraction,10037,context,475,257,0.012712,0.385263,5b5ad17bc3deb4ec69f5f52c385f08581c34e484b3205c82540ac448ed83eb74
human-04649,human_response,open_qa,140,response,280,176,0.0,0.367857,cc7e87f12bae4598d742ce5055f8b88112a3a97e817500adae258196cca2b1e7
human-04650,human_context,information_extraction,13163,context,215,114,0.028302,0.469767,ccebb887500871736c1ae2530d2d869e8f241f113a8c16ae86dffb30f656bc98
human-04651,human_context,closed_qa,12485,context,147,97,0.0,0.462585,427987a8570ca05ee14080bca773ef40041eeeb4c1037ee4b56d00e1d831f3e6
human-04652,human_response,brainstorming,4944,response,192,121,0.0,0.421875,4fc134e0097fbeb06b0d95b07f344e1bd05b204f09488c4efad14374b1612152
human-04653,human_context,closed_qa,2673,context,228,113,0.084444,0.548246,b4720fc2217336839dda1dd057ee863184ca0834f86045a57758a29d3fa0e407
human-04654,human_response,open_qa,7166,response,225,110,0.004505,0.484444,2eb4a9bdb5a2a7f1ad12aa22722affa0921d3f18f7bb2f5aef57b700bb42716e
human-04655,human_context,closed_qa,11933,context,201,94,0.025253,0.547264,f0da0930d540e50f819bd73b6a45d3e2f5d17bf1cb1e66afdd578c350c79b849
human-04656,human_response,open_qa,13266,response,197,91,0.020619,0.558376,0ef922f496a20b4d2bfe87019e74b52f340af729b2a3120c70e00c46ce721884
human-04657,human_context,summarization,6715,context,160,83,0.050955,0.58125,bb290017071f725660f838a7444b399637857ffcb28b1bee8676030e24325364
human-04658,human_response,open_qa,11082,response,286,128,0.031802,0.493007,9cc48c8e93c220d038436167389793b4163eba93d6b8ecf68de80ab3be682c65
human-04659,human_context,information_extraction,13846,context,318,208,0.0,0.349057,33c98735e49104f4173b8dbd62045fa60f73fa6c3fc1f8f2921a180b440bef26
human-04660,human_context,summarization,8729,context,136,87,0.0,0.477941,137f7fc4d04bdefbe0ebe368be84b6a4b77e8252829043c1c1076cc519183834
human-04661,human_context,closed_qa,538,context,506,256,0.025845,0.450593,fec5dd0967a5ee488f9503f0077bfd39be44a765f04d24527f687fd75bb00114
human-04662,human_context,summarization,15007,context,353,211,0.005714,0.362606,ab49dac5a8ca4a56554440395c3dabbb6d3a873d0696d181ef7252aeec0e6e99
human-04663,human_context,information_extraction,5330,context,128,64,0.072,0.65625,ad5b3417e1961efb01ad3cbdf850036895527f83182d9b6dada9a0caef315572
human-04664,human_context,information_extraction,10358,context,177,109,0.028736,0.446328,774fde096ac1037b53b74c9aeded3e13d294829f9802084d558498cbbf174dbb
human-04665,human_response,information_extraction,5392,response,468,188,0.092473,0.519231,26e7eebb9a52b033bbefa727b44cb8c30bd373538f20df77d76a03ec837fb077
human-04666,human_response,summarization,6668,response,135,81,0.0,0.548148,037029eab12bd942e96a0d5d4f11fd787f51161ec740ebf210b33e91e49f1747
human-04667,human_context,closed_qa,5165,context,143,111,0.007143,0.363636,98f1d36c739c829dd9cf78ca0d906f503f0c50283bab75e0a8d5f9f113d75326
human-04668,human_response,classification,6156,response,648,316,0.006202,0.390432,98311f8b994bcdf233de2e47d3f074778fda3ba5ac38e731dd14f2974d7bb650
human-04669,human_response,open_qa,1710,response,157,97,0.006494,0.452229,d2880156ef4ba7e2a41881511582cece6e189cbb90748a2bfd98685af9b3edff
human-04670,human_context,information_extraction,2317,context,531,242,0.051136,0.448211,40729f579774abbaf25ab3d4fe9b7e589413add1faa1a95b81876ad8ec857098
human-04671,human_context,information_extraction,2085,context,672,241,0.06577,0.449405,475acff24a7e67e61e2b0aaaa0a870d655ab77ae857fe252154afc6fe067e585
human-04672,human_context,information_extraction,10947,context,152,84,0.026846,0.546053,0f7b90d37ce23f08cd6433e78a5b8efad8606b63438bec8882bbfbc73a6096c1
human-04673,human_response,general_qa,5135,response,260,144,0.077821,0.384615,792ba3e6984d25cdc58aade0c02c9affaaebf45767db6c657962fda8a909a283
human-04674,human_context,summarization,1614,context,235,125,0.008621,0.459574,064fbc4a176072df7d5a22cd3e2faf140741cb74b4571397949263ed29292145
human-04675,human_response,creative_writing,266,response,199,102,0.020408,0.452261,622c7cfa7b4952ace70f72002bfaf23206d4922c03872d019a44e1cb555a41d1
human-04676,human_context,summarization,5166,context,225,126,0.0,0.48,1bc13312ff2e7b0c2a86077dac40a549c5cac2c7f8976e3b6ede5c20456e4d31
human-04677,human_response,classification,4681,response,146,84,0.027972,0.493151,ef7daeec3a7d4c71d34bbe2b6ec6e535173d9b77b6383e23e9f2957627a60401
human-04678,human_response,closed_qa,5302,response,128,72,0.0,0.554688,0ca8be07b8b1d5fa815d96e7467ec84448a214e38834705ea4809e4b28192ca3
human-04679,human_response,general_qa,458,response,185,106,0.0,0.513514,c6f4d356ce73a70fcc886596ba29ad27fb86ef805f4fa22234228d903f905fc2
human-04680,human_context,summarization,2330,context,254,136,0.003984,0.480315,15307c4ae392db828a7c8ef34c3da571a0cb9a1645932d9745c7a0a08371799c
human-04681,human_context,information_extraction,4440,context,263,154,0.019231,0.391635,a2dc1152fa210829a3774f41d9deb32c95b8e8233cd443738b58ad8599299f77
human-04682,human_response,open_qa,8523,response,138,83,0.0,0.507246,934fb4d8e00c1ce49be800ded9003ec345e4005997490eb11b9da4430403beec
human-04683,human_context,information_extraction,13834,context,157,96,0.012987,0.452229,c5e22d93144911dfa33b06ea1d44d6f0b35d2399d6a4e89605e24657b6e278ca
human-04684,human_response,general_qa,2778,response,176,94,0.017341,0.517045,56c5b32198873be9d47d83e60673896d19d3284a6c8e310dad2d0903c479b6d4
human-04685,human_context,information_extraction,13707,context,157,89,0.012987,0.515924,42be2e5b1a8d70b706deffaa02c9f7c7ea7d6f553772b57c534d03087455efdb
human-04686,human_context,closed_qa,326,context,230,133,0.008811,0.443478,3ce14aef91ceb2798ff8674c4a4488f2888248262edf2cad89f3587132d8cd17
human-04687,human_context,information_extraction,151,context,348,202,0.0,0.413793,79b6d80ad4936376baa39a64da6e617d50857005c265de64138e50a62efec1f0
human-04688,human_context,closed_qa,13733,context,293,160,0.024138,0.412969,2110b39b770047887aa82c11d005a86b59e281ccba5f794c20884b3f7eb08e34
human-04689,human_context,summarization,12107,context,347,176,0.014535,0.449568,0ab29983d47c5bc8a185dd4d31beb6ff43d5e200e1297fa3800457ccdccd0491
human-04690,human_context,summarization,13028,context,392,210,0.015424,0.354592,24bbc84e24a4f559663b6b86811d60ac40e19f1a1dfb5dde7436d600f3094a92
human-04691,human_response,brainstorming,11624,response,187,125,0.0,0.417112,87de5b160bfdba411d1c3715982967021ed3fff0006e63aa8f60f9ae376b44cd
human-04692,human_context,summarization,11104,context,292,179,0.0,0.39726,bee36f21178b5d83bf93140f49a420ef924e954dc2f066bd35d9ffdc67a9455a
human-04693,human_context,closed_qa,7952,context,291,159,0.03125,0.398625,6afbd86afcc3a75e329d1a4a7c1706f8d7ea45a851f287d582aad9ae279495ee
human-04694,human_context,information_extraction,12484,context,485,236,0.024896,0.364948,fa85614266b743527de271c2c28f70b40008c60dcd7cef093bb97b7f8371d758
human-04695,human_response,open_qa,3342,response,200,131,0.005076,0.4,0fabdb708f793c3920ec382db456185800b07c96c25a6e4680b3c969363a517e
human-04696,human_context,closed_qa,13081,context,203,130,0.005,0.423645,dd152744532a4b1af18dbce038c6ea8cc62e638ca5febfc3f54cedb41e3ac11c
human-04697,human_context,closed_qa,14290,context,185,128,0.005495,0.372973,a46d13173525b937a4fec4a415c348b1136186387e70933f2ea821ca41a8ea54
human-04698,human_response,summarization,1555,response,407,199,0.014851,0.454545,59cfa3a220556dcb1bb828e625ef7c7851b2eaa99d2bbf3e126354318a31a954
human-04699,human_context,closed_qa,7825,context,266,150,0.007605,0.390977,afb80e25f7cd5a2ede5dbd50a2dc09452169930dce1e45c579edcc85317b4cd4
human-04700,human_response,creative_writing,170,response,175,122,0.0,0.365714,bf6778836fcea92553e4c90d4019ece6a9c4c0de880794e5a9215d5f44572dd6
human-04701,human_context,information_extraction,11005,context,410,220,0.039312,0.397561,1d95b9296e2b8072cfb8fb2626a834447f4b73570577a11f56b045f43359a1fb
human-04702,human_response,classification,15004,response,396,190,0.005089,0.358586,7473f7db5968fe6ad7eeeeb585a70c0bc1d8806ea36efd56003bf7ca3dbd6d7e
human-04703,human_context,summarization,4333,context,453,268,0.008889,0.342163,8ac862fa95d725d516a72367cf9b5e742a097fbf5451a41e8bb1250c1bb16b39
human-04704,human_response,summarization,6500,response,206,102,0.019704,0.543689,933db2d19f10d5ed7db945f779dd9bcd30eb71852addbd33365915b17075d2d2
human-04705,human_context,closed_qa,1636,context,240,122,0.012658,0.491667,9cb31d42ba06e4cde345a00229ec47eba640c14502eeb9b350df2e2c79692748
human-04706,human_response,open_qa,7670,response,340,217,0.005935,0.361765,b13fc17ac1504e0bfe13f8189d5496b0bab0399dbdc6d635e42be752b348e56c
human-04707,human_context,closed_qa,12356,context,368,179,0.032877,0.456522,a5e6eac6b394c82b4ffe96c2d8790b95617bca0337b641f268a93d9a4c8495be
human-04708,human_response,summarization,5539,response,386,161,0.039164,0.437824,0b86a565d0f224beaf823b984628f778ddb16d52ad0a32acc49ef6e6a45212f5
human-04709,human_context,closed_qa,10031,context,234,114,0.017316,0.491453,20f6d782ee5a6229e151d6b96ff676566c50f93ac973523b43f61f0010aeb0be
human-04710,human_context,information_extraction,7473,context,294,192,0.0,0.35034,3f95e69f887999a6fe99fc1cf1de82d7d436c25c457620dc6b24e9c1f9bf61e2
human-04711,human_context,closed_qa,9407,context,331,163,0.079268,0.462236,63616721019cfd8214948cd833a32e3c98b12eb14b2050dbc7be50d96d22a87a
human-04712,human_response,classification,12082,response,164,113,0.0,0.402439,2a2380c8aed4af70e357992cca308b080a1ac9c03d682786da0d97ccf16400e8
human-04713,human_context,closed_qa,14784,context,144,99,0.035461,0.416667,9036482f3ac7fb84c87161f80688366301878184fdcf4023b841f245c08350af
human-04714,human_context,closed_qa,7057,context,266,157,0.007605,0.394737,435c3807decf94c16927b67070bcc8e9e3b4ad7b54f3e25d9493b9a75988badb
human-04715,human_context,summarization,7409,context,208,134,0.019512,0.408654,87f4cf39ceb182de15a5c554519cf46e690139bda78dad100a0b9d40c6e51982
human-04716,human_context,closed_qa,13708,context,130,84,0.007874,0.507692,f328f80b304c474c102102a8508c386042819b1672ce52c28133ee8dc97ae014
human-04717,human_context,closed_qa,5175,context,190,102,0.0,0.5,ddafcfc5e61853805289de5d02347c506431ed740a087b9876acdfc69758dbb6
human-04718,human_context,closed_qa,3745,context,216,128,0.0,0.449074,3d87b7063b192b8f7ae4245b619951956883ad4798b6404d5375c743e54b4803
human-04719,human_context,information_extraction,2779,context,559,256,0.030576,0.402504,8b7b7fbfc82a82622e9c61fedbc16ce51e3e6e54cd0002ef418bc76c376efe5c
human-04720,human_response,summarization,7394,response,467,251,0.021552,0.340471,7bc63c24d668d438a35c49d3bb4b2da0f2c10bb4e9b02db3049e976a905e8aff
human-04721,human_response,closed_qa,8882,response,272,162,0.02974,0.393382,4cc29839c7f88fae86a50766088b883a734ecc855098975482d0f258b0913df1
human-04722,human_context,information_extraction,6168,context,133,99,0.0,0.406015,513fe03b2ea9829937d0498a6a4e43efeec73a84050db7e3364278077fc3b4dd
human-04723,human_context,information_extraction,13970,context,143,84,0.057143,0.531469,cd6ff0c6c1f7c99275cade391b2ae81147051a3a15d74566e4c7ab82e6bce05e
human-04724,human_response,information_extraction,8561,response,154,85,0.05298,0.525974,c8023c63afd0aaedfbba407695ebb54ddbb0a593da2a143df8d413bfb9f6a440
human-04725,human_context,summarization,2885,context,641,305,0.00627,0.371295,c1518b6e7eb9a2a6a800b66db6bad1ef96c0d35d7bddbd4dbe20f5f87c5c1d71
human-04726,human_response,general_qa,7082,response,171,80,0.047619,0.614035,c2274cb1fa59d94eac4a944010bab64ae77cfdcef411605a46dbefa27126472e
human-04727,human_context,information_extraction,1259,context,401,178,0.047739,0.471322,6baac2ebfa5068e981df230c8a16a33f2924ecda07e6efad82cedadc8fc1fe0a
human-04728,human_context,summarization,2431,context,801,365,0.013784,0.373283,993f3ed2db7058d10a85d8456720ca16aa5670760ec52a05aced4f44114ebf8f
human-04729,human_response,summarization,15007,response,132,105,0.0,0.356061,ad9d24510cf57716e51630b72d1d862ae2abd05bba2159c9c0f5bb2d70778f79
human-04730,human_context,summarization,7794,context,555,271,0.007246,0.403604,b63ead77e04714a5cdbc8b8b45a95ecce0f7284ca2e3473f1a1712cddfaa9ac1
human-04731,human_response,summarization,3132,response,160,99,0.006369,0.5,87a81aed5bc335309310e1984111880fcef5eb8adaa3d16f83c00a4af6611805
human-04732,human_context,closed_qa,8089,context,220,123,0.036866,0.427273,4f362ccd52c2dcd72394ec003c54cadded45b2e0beba43f3c80ea12ee01e4b0e
human-04733,human_context,information_extraction,2625,context,155,99,0.0,0.490323,450973aa19d1ee38c9e26f1b5bb2b04094bbe3b4d638763c9f8999c79215fb94
human-04734,human_response,creative_writing,6533,response,190,106,0.010695,0.489474,ae1d4f122d5512b80d3349b58ade6637cc1e21a81bb72ff697f7475cafe53e8e
human-04735,human_context,information_extraction,3005,context,663,342,0.016667,0.303167,7be1be195f64ec6e06322eb20e7a22dda214134e7947090337ebab525f2154dd
human-04736,human_response,general_qa,6277,response,128,72,0.008,0.539062,644132f9887a30f451e8d6d1e18df04cf3787cf3aa23ddba7177df0c0e30a6e8
human-04737,human_context,closed_qa,586,context,243,141,0.016667,0.411523,5ee1ff512f5d1f015a7fd71c39852044f3a55f3e72ea8ef9d704b062f532e3c3
human-04738,human_context,summarization,875,context,584,178,0.068847,0.578767,9b9b06d594625fdd42221917eecbb36aa4a01397ac09ad11f4a85f029ca72972
human-04739,human_context,closed_qa,5751,context,339,150,0.041667,0.460177,20161ca5d56475e90c8ef4d57c7105eab84c39354514f6b13b58407c4fb93a09
human-04740,human_response,open_qa,7869,response,201,122,0.005051,0.402985,1003fe08c7a44fd3274765ce677ef555bacd2c5f96d4c565e0965f30090039f2
human-04741,human_context,closed_qa,3328,context,162,102,0.0,0.469136,a19754a5d81d9feb6aadcf34c69d4178d0c5ffacfa0b9e9e1c5ca344d350431b
human-04742,human_response,open_qa,14944,response,326,162,0.006192,0.460123,fad2c08a0596012710f2986bbea5f1d907facec45bb00cb0ddb14503782df1fb
human-04743,human_context,summarization,13548,context,154,94,0.033113,0.467532,7ec49e5196089abdb5648938910dad3d07bf8f7915df01417f4177912d02e488
human-04744,human_context,summarization,3822,context,155,112,0.019737,0.380645,8fb20d44c70c89dfa06acf378ceafd46693db336a993a6621dd87c4fdd09389d
human-04745,human_context,summarization,14151,context,152,106,0.006711,0.361842,a3d4262056b863423293c31464c8bc61777861474a5cd451f8ae6137209bccfb
human-04746,human_response,classification,2374,response,531,284,0.007576,0.344633,2a9ebedca62e13dd8fb86f2e76951ae4c6a9cb16e73a8c55a42c79d847c2020a
human-04747,human_context,closed_qa,14230,context,148,68,0.0,0.641892,3742d2a15e3dd5ee3f3fe3978503587aa5fe3bf1408f41917c157bd100c97177
human-04748,human_response,general_qa,6449,response,152,105,0.0,0.421053,be8e07e764af128088db1e6ca32e7a75e394605c6ed31338e1981ea85331b494
human-04749,human_context,information_extraction,13893,context,259,144,0.011719,0.455598,690c3c1f4a9b7a38e380707975a6216fbaaea5ceacf498fda36322360793b2e9
human-04750,human_context,information_extraction,840,context,635,303,0.036392,0.373228,4bf435f5165b04aa9699c28eace7806158ea9308ead8c2882762a6a6fa0f4047
human-04751,human_context,closed_qa,10596,context,308,172,0.016393,0.402597,45bfed0469a12f2920d6ff84368df7f13dc779251fe1b977f5505fd70adc2fbf
human-04752,human_response,general_qa,3592,response,782,295,0.025674,0.445013,3990705434ab19d419b57dc5553dd8f46e3c3c7c1b2253bace11accc47747732
human-04753,human_context,closed_qa,10316,context,166,104,0.01227,0.433735,4c61c48e45611e2061cb01ee48cecbdf97ad9ba80913a44cb0df3384ca468c6e
human-04754,human_response,general_qa,9072,response,213,132,0.0,0.403756,ab96d81f33fde290eed88e7bc578a406f8f303c5dc1f9594477ed0107bcc25ba
human-04755,human_response,general_qa,1209,response,135,94,0.0,0.444444,6753af9ec0fb7156c5d791371e9b149b31bb2e241343751d12a2d4602ff46f8e
human-04756,human_response,general_qa,10146,response,411,214,0.02451,0.413625,c855f5741f4ea2c63a7ee10b707232a2a30818056ba8b3e4a9c1aad116816954
human-04757,human_context,closed_qa,1768,context,433,218,0.032558,0.39261,ca46f4555b519cba34ae2cff6813d91901e1c7990a2bb0f3af199cb1e9f946ae
human-04758,human_context,closed_qa,8481,context,242,141,0.0,0.421488,f068ffd1276a05966bcb6ee40372396a9169066ec754a8f97f1077a0cf1fecde
human-04759,human_context,closed_qa,3048,context,351,195,0.025862,0.358974,d9abe7227be7dfc267e0529ecc472d2732915f4dc01634315ab0ef30c34d8e81
human-04760,human_response,creative_writing,12381,response,138,87,0.0,0.485507,fbb6e20071e27b03331ed4ef664c6c13c79c9d45068ab82a30a3af7b2d2ca197
human-04761,human_context,summarization,13252,context,1019,482,0.019685,0.361138,0260ffcbd7f0189c35a1efb329e782f43ae7d9e7e161d397fe2dba5bc80d88e3
human-04762,human_context,information_extraction,6122,context,281,120,0.043165,0.519573,8ae3acff527da19fabf30cf9b8c620e8ffd88dd8009a40f327a5f3c53acd1005
human-04763,human_context,summarization,1482,context,253,122,0.036,0.533597,2ca55bebe7ed6110e7a9894a290c3b49461c0719c096fd7cd0842ec8550eb4a7
human-04764,human_context,summarization,8149,context,191,126,0.010638,0.445026,a5399cd17a9ab38419b38be77808830b5b126a065ae8352ee862a74f1ed5f271
human-04765,human_response,open_qa,9925,response,159,92,0.032051,0.471698,445ede51f8740cb3aff3808df55ef4ae9c8314dd89f8260f0a5018e95d872436
human-04766,human_context,summarization,7039,context,568,313,0.00354,0.373239,4646e832aabfe3f203e6e4727f72615df85f91790bb84fca15cab646dcd87649
human-04767,human_context,closed_qa,6797,context,191,128,0.0,0.39267,bdbf72bfe2aa6fd5c42a0836a2db5db5f7d7690949784f333b897170e4e147cf
human-04768,human_context,closed_qa,4107,context,204,118,0.00995,0.485294,f683e9aef0673c6b2f9b693727a529fd8a268e5651f64bbab58540b82e5ac3c3
human-04769,human_context,summarization,13881,context,196,103,0.062176,0.530612,37d6102f6f40ec89385d85c5b46fa5f8513a88f05b4ffb40b611e6778c8083b3
human-04770,human_response,brainstorming,8132,response,308,160,0.016393,0.444805,a12664e56d009f452ce6a8994d33b156ddf864b9228a73a52861f865cae6a8b7
human-04771,human_context,closed_qa,11637,context,140,87,0.043796,0.478571,6c1c5161672cff08fa52576c886811f92ac248dfc511a2e75d01e7ad8430f744
human-04772,human_response,summarization,12769,response,131,84,0.023438,0.473282,82418046e81d06a7e77e9be35d9bb3d10ab243e6d60ac7302df4639b6ed550f1
human-04773,human_context,information_extraction,13369,context,344,209,0.0,0.354651,e330a0436a4da18ed849dbae1ee5dea5ab0fa97e3d1e3fcd483c1ff5f3cd9fde
human-04774,human_context,closed_qa,2406,context,680,262,0.054653,0.463235,5cc93b2f3f51727cdba7981e8b833d999c76012ca8e445fe9bf5df342a071e73
human-04775,human_context,information_extraction,5976,context,368,175,0.10411,0.505435,87a604b28555c90e1539520ddf5e4ab7624f04957a91ab5e44174c6ad1b4e132
human-04776,human_context,closed_qa,4648,context,176,129,0.0,0.369318,ca36409de0e5dd8ae4593c9f177605a1a91a390b7826890bbbf3aa57603719bd
human-04777,human_response,summarization,4941,response,182,112,0.0,0.434066,9a41e73c60df52edde1b91477ef309b2a0327fda4aa62cfaeab1907f23cf3b2d
human-04778,human_response,summarization,12327,response,155,105,0.0,0.43871,8543caa1820b8fbb505fa330ff4424da7d34e20af7964ef62a477326eb8bcbaf
human-04779,human_response,open_qa,6429,response,272,135,0.05948,0.507353,9f9c23c70e67f73114d8277f4c00bac1afdee51429f34df42115a5f3800fb34d
human-04780,human_context,closed_qa,9278,context,150,95,0.006803,0.473333,c9740de4bf9b89db0ecfa02f79341079404ed54c57480c07ee6feb98f47f6b88
human-04781,human_context,closed_qa,10254,context,195,118,0.0,0.430769,aebe892bf9570146c118737c1d8e2e7097aeb87ec7c1638ee4d9d5d0665c91df
human-04782,human_response,open_qa,14826,response,160,82,0.012739,0.53125,a6b545b3eb1f75721726dcab22a4be43c7622d61a857d8d2eb4b31be7e9229ca
human-04783,human_context,closed_qa,13705,context,283,162,0.014286,0.431095,0c5bbe7923e902eea5cd39c659ac2644504e412306088ba00db439e93ffdf785
human-04784,human_context,summarization,484,context,164,123,0.0,0.371951,8e0b5fd60130fd58261c78985b7c82af0136d15b269fa4a0e6000f9c020191d5
human-04785,human_response,brainstorming,7741,response,950,392,0.002112,0.364211,2ebd87858432f82e58e3f6634913bd0aa8dfc92f7fda5eaf9c5cc946b5bbb7a8
human-04786,human_response,summarization,1790,response,282,146,0.007168,0.407801,f6920211536c83be7e2ff564c1984adcca5d4212105014b3ec1137821f648535
human-04787,human_response,open_qa,7648,response,140,80,0.007299,0.55,458a8624bee08b18389c979e60b28233ee6967466329c7dfaa5f087fac86ab6e
human-04788,human_context,closed_qa,8402,context,166,88,0.030675,0.53012,3a67ee94a01b7669fbdb01097427d1ef4e325685bc1e08c01ece996e06939ddc
human-04789,human_response,summarization,10335,response,139,82,0.0,0.517986,449070f9d4cf7650347b24123f1f6dad168391b9a7c725c7adc2d3becf34392c
human-04790,human_context,closed_qa,14805,context,162,101,0.006289,0.469136,8f2a2631484815fafbef6f17b6513d17b333fda043d23c2c0aa33109c787ea02
human-04791,human_response,brainstorming,13936,response,199,128,0.0,0.396985,426abff91aeb8ae6f4f72e2342bbd66aa8e40e52c5ac5aad70e746347a7ee936
human-04792,human_context,summarization,14568,context,129,82,0.0,0.496124,bcb21ca27048357e52f9a7b0b0f50bfe280e5deee96bfd9e7cf4ac26593ac92d
human-04793,human_response,general_qa,1579,response,151,91,0.0,0.509934,f30e70b884616ecd24721b26622c42a5a5c8d7907caa6560d346f4e4e7425985
human-04794,human_response,general_qa,7940,response,162,103,0.0,0.450617,5f74d068bc2f987e029c03eaf0e22fd573eb8fc52f01abb9765db4beb764c7d3
human-04795,human_context,information_extraction,6580,context,144,90,0.049645,0.479167,274f8a618dfb69633245befb8494862a645375e927281d76ab8525eab098af64
human-04796,human_response,general_qa,10382,response,250,141,0.004049,0.476,1f951d4fdd9f3999a1eb92bd57b5fbf11362573290a2b3da597de4f9ceb2b7b6
human-04797,human_response,general_qa,3382,response,174,93,0.0,0.54023,eb64a271f11d897663d86e030146bf3bd67b534865d270c272bebb45b5b301f1
human-04798,human_context,information_extraction,3344,context,180,100,0.0,0.5,36331503f339ec52ff364cd01f5649f70e2f4d457965eba5fce74ce3dd2c56d8
human-04799,human_context,information_extraction,6068,context,779,404,0.011598,0.310655,a1a315f6b839512a45d07302c7614927d5387e741027eedc5edeee307fee230f
human-04800,human_context,closed_qa,11989,context,158,91,0.03871,0.531646,850105dec08fb4b71795dc0f12521d0dfe46bb6a91f8ba99d292e67ec779cdb5
human-04801,human_context,information_extraction,346,context,213,142,0.009524,0.413146,7efd91a9f5d93a14457183746dc6887bedd72d0635513b7d938b8755112c0e3f
human-04802,human_context,summarization,7721,context,319,189,0.009494,0.420063,9f00e6ee87303f55d59bb4f2feb4bd5be7527ec91acd688f0768c3f577e945ef
human-04803,human_context,closed_qa,11307,context,236,145,0.021459,0.436441,b108d459aa8b52d5ad19209d5becef8d9eafdd722cc79aaca8412d8e94482997
human-04804,human_context,closed_qa,9678,context,481,193,0.039749,0.409563,8ead531791aeebc2c4b8a42fa326967bc8663fbe5a5ce60d456058d597e411a0
human-04805,human_context,closed_qa,1010,context,152,91,0.060403,0.447368,9ad753e31a330314658c20dafd16675b5e684318769bccd2392f7819dcde8ec0
human-04806,human_context,summarization,5636,context,129,87,0.007937,0.457364,685c4d4bf023697c2d786dc6ace5a3eceaa2396204af6a8873c172e686b39691
human-04807,human_context,information_extraction,11123,context,424,212,0.009501,0.408019,e856706a227acee8fff40207fc0f6db0da2efe5ee87ccd3c89aa74abf68bd388
human-04808,human_response,brainstorming,8522,response,178,114,0.0,0.432584,12851cbbe40be88ace76c55fb5208af18a46f664f49fec62a125baad85d10622
human-04809,human_context,information_extraction,9481,context,761,313,0.065963,0.402102,f268ee3e1af826bdd4a7d0a1e49bf1933e27d15f8c1ed8692edb877ea6db98e8
human-04810,human_context,information_extraction,11755,context,198,142,0.0,0.378788,f02feb9a3e684797abf226c72bfdc96c26db589f29cf03d6ffb5831c571c2b12
human-04811,human_context,information_extraction,7802,context,235,114,0.043103,0.53617,52f6cd39f7ecef6d5e63362f5a5748ac8d5ec00e8f5b1b5f61b454ade7ea6ee2
human-04812,human_context,information_extraction,1190,context,1328,450,0.018113,0.374247,c414377ad4aab94b77caf7c80d1f2f0a0fb77a566599b5aaf3fec8ef4a537929
human-04813,human_context,information_extraction,12346,context,422,210,0.031026,0.379147,b71bd6772ec1d428e65dd296d7a8a28a133a382f781578bd80204b19683c44c6
human-04814,human_response,creative_writing,7939,response,722,297,0.038943,0.421053,6d921014f43a6eab2a270fb9cba2e069a58651f34835ca54f55fff4c175aa83e
human-04815,human_context,information_extraction,11156,context,149,95,0.006849,0.496644,057a8af70346ab46fa3bf7cf06f3214f404c35d5a35b028d52dc038b5f98c234
human-04816,human_context,information_extraction,9892,context,172,96,0.029586,0.5,c1bde9bf3b8956beab17e2dbfd284964c40e4f04fe5c6eb49ae00570c62ce8a9
human-04817,human_response,general_qa,14050,response,179,97,0.011364,0.47486,874d7e8b4d70669850749ad5d3c7150151b096bb98fcaf17122abf271b016ea8
human-04818,human_context,closed_qa,11640,context,145,66,0.077465,0.62069,7371b3a6a0dfaae63dc98d8a33f2efcc1a79e467fe5b2266b415acf7fadd8c3c
human-04819,human_response,creative_writing,888,response,248,138,0.012245,0.439516,4725c8e801b71208e3e1f2b6785753880b85f061a4ea6be27e096b229cde221c
human-04820,human_context,closed_qa,6110,context,405,210,0.014925,0.4,519f74ff598dfde7864c779624649046ae6c7a2b5262a987c497913db6545f6c
human-04821,human_context,closed_qa,5244,context,194,130,0.0,0.42268,486f86f0fea89105fb3b6af48403f991357014b9c0d41816ffe71ebad5c254e4
human-04822,human_response,general_qa,7383,response,288,111,0.035088,0.579861,c9bf9bf2a159fec96141a6e7ced4895da94d81552317d48c1235c79847f19444
human-04823,human_context,closed_qa,4101,context,305,166,0.023179,0.462295,a1bc33caf3a5d135eba9357b81f2f89db83d23fa963518393bb86d9a6810ed54
human-04824,human_context,closed_qa,9429,context,140,104,0.0,0.392857,2b4257c640e8ffd3bb4d3d4816e69f9aa2e3d347d7f41ea5f6bc0695c265c7c6
human-04825,human_context,closed_qa,4514,context,280,145,0.021661,0.439286,21ca7f61610b2d979a6394cb69c3a773beba84a154ad7a0f7250821bdbd64099
human-04826,human_response,closed_qa,1893,response,146,85,0.0,0.554795,771fc7b87c34bcadf0a1bc7e951bf04108f45da72efeabb12a8eaefea54b8183
human-04827,human_context,summarization,3208,context,187,113,0.032609,0.427807,02cc5742e11ee823fd12899f261ba6730a9e989dd5fbe2943d17b5de1a70322a
human-04828,human_context,information_extraction,12276,context,167,89,0.030488,0.556886,f9065877f1aa4a79c39c5f3a74693927c29fbcf32ec3dda3c7ea9e7f022cc5bc
human-04829,human_context,information_extraction,1747,context,838,382,0.028743,0.348449,06a52ed3fddc6cdf1b26e2427162e6d63a5634af403852ef52d4b761f9627a9d
human-04830,human_context,summarization,11575,context,338,166,0.01194,0.423077,9f5dd63e30d9d1098cd10cb40a44000f8b9c0403b6775bf1a7428261b04cf991
human-04831,human_context,summarization,3477,context,275,139,0.036765,0.494545,1c0fe26931dcd42edbafcfbb9b49b214545076cfe09f832f828a326e52a0592e
human-04832,human_context,summarization,10083,context,139,97,0.014706,0.446043,d6d2b4a112451e54ff3a6780a63d421d82f1b93fc39994d76331b36cd4fdd992
human-04833,human_response,general_qa,2113,response,180,119,0.0,0.394444,8bbd876744979ccccde0b4cc336e048300fda12867eb8a342249720c24d5b582
human-04834,human_context,closed_qa,9018,context,276,163,0.040293,0.351449,664a96e54fc33c0a51e8cbf4d032dc48b80cb97bd421441f880c3fa5d27172bb
human-04835,human_context,closed_qa,2232,context,178,72,0.097143,0.662921,8d235872a85a1e774d3f8f5d80eac6d8dc0a6fc49c50056a13a053b9053fd36d
human-04836,human_response,creative_writing,8442,response,156,94,0.006536,0.487179,12fd4db8fc2acc6571262b231c643d7257ab458df6d9e41d51a08028975f71ca
human-04837,human_context,closed_qa,13204,context,141,99,0.014493,0.432624,67de9fee0d1dc9cf446fdb5cab1f04ecc874177006ac5c1c8cd3441ff5eb5656
human-04838,human_response,brainstorming,2345,response,141,102,0.0,0.41844,c57de991b4a36c7bb4b89445a8db18f290f27967eb680121ce6784331c15fc33
human-04839,human_context,information_extraction,5191,context,481,119,0.299163,0.735967,98668cd21707be8a9ad19c4e374a77bab94d2b77bc57088b9dcc3ad268c8ce56
human-04840,human_context,information_extraction,13366,context,437,227,0.0,0.416476,2eb633e44c05fcdce265ef95aae0ac411ba533568f97deeff7341b3fe7fdb87d
human-04841,human_response,general_qa,10716,response,131,79,0.007812,0.549618,2e35f118caca3b53a68321d25121378b339e11fdbec861f99754d1b2b5bfd438
human-04842,human_context,summarization,6422,context,316,125,0.095847,0.588608,3000ba099802d2e3f1ea9b7323354c67ca39520dfb6cf69000b42695d46ea4b9
human-04843,human_context,summarization,12737,context,149,85,0.0,0.563758,1dcf64ea7e7a3fbf9c03f067b099ddf71d8cd9938646ac4eb2e54c85181e00a1
human-04844,human_response,creative_writing,12907,response,333,165,0.009091,0.447447,78a8174e1c84d4f7d4355a1c183831fffa2c8c9edb57e1aae43f07ba80ebaa64
human-04845,human_response,open_qa,1513,response,222,131,0.013699,0.441441,944f928c4043c8547ae535598a627c9ed4e41464183d15125bcdf5ba028a3952
human-04846,human_context,summarization,3980,context,338,175,0.068657,0.449704,ce24be75a36b54ffb7c72b0e64699b6ce1abd489efaa4cec0540a899e4c66a7f
human-04847,human_context,closed_qa,4309,context,323,155,0.0625,0.495356,2b2967a5b606f294c813a474aa262eab6cf53b44f8b46a1b22e96a621f3401e1
human-04848,human_context,closed_qa,856,context,267,140,0.049242,0.438202,c72be3837e266e1dfac5a96cd29b5d5404d5d3af1c91d215b4f4c2ed21f40e72
human-04849,human_response,open_qa,5743,response,204,113,0.0199,0.480392,ffbff42a51b2694748fd537c5ac3d4c77d015384c78d991dc3b36ed50e802c36
human-04850,human_context,information_extraction,9037,context,236,147,0.008584,0.398305,fddc93f3db9e69658ece114e3bd0b915db1d7bff17716d7cd371fe20cf046e4e
human-04851,human_response,information_extraction,254,response,172,87,0.100592,0.593023,9fcb4ecf620b0c850289bb6e7deb8b8d90fdf6f062b9c7c0dc918d737a903d5b
human-04852,human_response,creative_writing,8995,response,240,134,0.004219,0.425,3f7b5ca48fda0d1765b00ba02bb87737dd20883793570a14d1233f90b53dca63
human-04853,human_context,closed_qa,4383,context,330,112,0.015291,0.645455,2e4ae62138cded736be06f909f3f129d3a2af59b830ca9ac3617094e10219601
human-04854,human_context,closed_qa,7265,context,163,108,0.0,0.398773,0012157cd53a9cf0001c87a819ff634e916b599df296929370cb5c5171161093
human-04855,human_response,summarization,4502,response,170,93,0.071856,0.558824,46111147e155d12fdbc4550f0e6de97242ad919961d73a088daa42d3ede94348
human-04856,human_context,closed_qa,14919,context,531,245,0.005682,0.389831,2fbf40ea658038bbc7a1b16ca21a735730e2989e5a6dd4575397cd7a2758a953
human-04857,human_response,open_qa,13186,response,144,83,0.06383,0.506944,cdbe92f992a548d03e5b40995f19e37906fa9e154100acfb595d4f0cb502d2c9
human-04858,human_response,open_qa,945,response,354,212,0.008547,0.350282,4b3f0d9088ff8d35b7e946dedccfb396bbff5c274b91240d2cef98b468b2f3ec
human-04859,human_response,summarization,10587,response,581,285,0.027682,0.3821,cdcb7ad0bc69d1d05d0d5fc597103ef06fcfa488eaf3f361574092bf7758376a
human-04860,human_response,general_qa,4778,response,138,83,0.007407,0.521739,9954c126f75e02c30e10847123474619bcab5f94a0617a1f9e82ef0bd474a4d7
human-04861,human_context,closed_qa,5714,context,143,92,0.021429,0.468531,2717066ca52f8e29f5be94cce369ae2d49d0269ddee1f21c5726a39dec361899
human-04862,human_context,closed_qa,4997,context,484,203,0.074844,0.522727,cdedb925ce725f4675bd4db544080ab0e682f7eccd9588755543bf11104168ed
human-04863,human_context,summarization,1948,context,366,187,0.044077,0.423497,0f1ffb7b4182e2139c245a893cc755c1e7c88a45d1d155c45966751a8aa955e0
human-04864,human_context,information_extraction,4583,context,141,87,0.108696,0.475177,ee0b4dff58e561b4ac40efdf32cf2822c016dde4080eaf850cc9609263844e91
human-04865,human_response,general_qa,12803,response,135,90,0.015152,0.481481,b0ba6e02c4b1c7698b300f0917aa98620c4c3595bb78477e4461c89c6afa78b5
human-04866,human_context,information_extraction,13956,context,457,221,0.055066,0.424508,3b9993463e1da0ca96c51e408d12dea32eb6a6540f49822bcacf182db96fe8dc
human-04867,human_response,general_qa,7253,response,158,112,0.0,0.367089,4b986a58c8097d86e0f708c36ca0825d8fee1bc9f2cfdcbad1911b9e02c49a04
human-04868,human_response,open_qa,14655,response,219,126,0.009259,0.410959,776a788b3bdbae01acfca36a338a5aef2010e56844f8169d09bba361527d7484
human-04869,human_context,information_extraction,10946,context,265,119,0.015267,0.486792,acfa82d6743c7af76e4c93266f7154609455f2fea2f7ebddb40a5ee8a9cd6c6e
human-04870,human_response,summarization,2431,response,260,140,0.015564,0.426923,d67899ecac9de8eccb2398f48b0f4beeac755f6f031ef0c4e4ca9462f010bff8
human-04871,human_context,summarization,6481,context,619,302,0.043831,0.363489,ab437940cc24e4d6e06c3ec6e88d73af8e7d0562d3cb91c35016bdf356a6e085
human-04872,human_context,closed_qa,3333,context,180,102,0.011299,0.455556,9eb67d2b8e6f7c88817f3af1bb87450594abda3a26097b47956616e8c0eec4cd
human-04873,human_response,general_qa,5697,response,129,80,0.007937,0.527132,2cdb148d00d317dd6e960ef2d6a144e89b0fc548f668eb4558cb434d1fcf7936
human-04874,human_context,information_extraction,1104,context,157,100,0.025974,0.458599,feb46e433377dba4e36065777ebba88b9ffe97e4d03f2088c9f956eada56fca2
human-04875,human_response,open_qa,6148,response,145,91,0.007042,0.455172,43d434ccd372f6bb9bc5dc27515096c23e16165e5496911f9aae110887008c0a
human-04876,human_response,information_extraction,7453,response,605,302,0.036545,0.381818,0473e5a34ac8657e6ce1fe40e0130aa2bb9ca1b488362b0189b3f96389bdef6f
human-04877,human_response,general_qa,13651,response,276,163,0.003663,0.431159,a259d12db0d128cd5d259771a72b4475bac863278ad05685332b7583f24689f8
human-04878,human_response,creative_writing,7773,response,204,110,0.004975,0.460784,3add3c73a0f15b4a0327d31326e34e5b683a1939ae60be544a5b18a771ab1296
human-04879,human_context,summarization,5509,context,701,322,0.047278,0.399429,a2302567284272444a5c5c511d30a5cfdc197cfd9ce905c5318f9f1da5f79239
human-04880,human_context,information_extraction,11322,context,255,129,0.047619,0.462745,a6e894af992060f13fb9c40fd2b5db33ee966b710577a7ceb4d8e467916c7472
human-04881,human_response,general_qa,8702,response,228,134,0.013333,0.442982,94a3b8ab25c574fbc72a42de67e65390ce5c54d9a9909f2948e6af25a65c8137
human-04882,human_context,information_extraction,4508,context,593,279,0.035593,0.362563,1af2eef885d5e4f45cf0fcdb9cbe0ccdc8de1904f0f095db9eff3ecc99d977b3
human-04883,human_response,closed_qa,3966,response,185,120,0.0,0.437838,83e96cd4059e2321630c44c1cba7f2c1bfd1af410e44a33a80963dd6ae8438ab
human-04884,human_context,information_extraction,7416,context,406,248,0.012407,0.342365,e0aac87fab07ed009b735e2349413dab6cce4f945d1ebfcf619db8b96f42d5df
human-04885,human_context,closed_qa,11486,context,249,161,0.00813,0.361446,1ff4ede0a4c4df686ff313802976374b5115af8a70d14c10f9caae4f4e8f539d
human-04886,human_context,information_extraction,5312,context,185,133,0.0,0.356757,1fb725a8a6692886be12c7ea8e33d9f168be034a4bf9c3bde65182160dac2bae
human-04887,human_context,closed_qa,11851,context,199,119,0.0,0.427136,b53088468a2d55f8d8c1cedf65359c8636a6d549e39ab9fbd035930a759e39e6
human-04888,human_response,open_qa,3281,response,143,73,0.028571,0.573427,6200ed6b42f651d4084be5cfea26e1221f4929afdde86575753480eb755da4c9
human-04889,human_response,general_qa,5400,response,143,85,0.05,0.531469,afefe0d64f41f11dfa661f06f1592135a7114be3c0aadd9a297cdd7e5d6136a2
human-04890,human_response,open_qa,6030,response,784,351,0.007682,0.371173,815816196a2c5fccbcc6534cb6fd7c0acc8d88f430c7745b03790bf9a92ba0e0
human-04891,human_response,open_qa,5267,response,231,98,0.105263,0.571429,b3fe61d3652d99fea923c4c620fe2df9184ce3f649c73ac947acb5e41464fbf9
human-04892,human_response,general_qa,5199,response,811,372,0.00495,0.355117,4405a1851bf869cde1c824f46efd3cefff582681c23e920dab9e04cbcd800ad5
human-04893,human_context,information_extraction,9665,context,361,176,0.013966,0.404432,cf6b8f460f2bea870a2b79b2b2360f619c673b7619eb40b33b3624efcfe3a0d9
human-04894,human_context,closed_qa,12920,context,395,196,0.038265,0.458228,8d2372b6f912d1fdcd19043e6f28503b7ec3ecffbbb27b930063110df807826e
human-04895,human_context,information_extraction,11067,context,205,132,0.00495,0.380488,1a272b7377745d3e4182400da67ea3170aefff49bac16db7d76721e2444c1832
human-04896,human_context,closed_qa,8133,context,197,119,0.041237,0.406091,43cd0b5d146be734be46c18b4ff129ab0c70ee39a421c4c1549c02900b01a3ab
human-04897,human_context,closed_qa,806,context,151,98,0.040541,0.423841,aa035de4b5f2d06b37d17e31cbf7e7b649a74f2b76a653c253ef243ad1e939a7
human-04898,human_response,brainstorming,3767,response,138,95,0.051852,0.413043,47e2e26f5dea29492230dc17aba55d6aa50289617ca646ec64f0515af2b4bbba
human-04899,human_context,closed_qa,12987,context,1904,773,0.02262,0.31355,1bd99b74cca35216213021ccf6f64a058091dd5b349ce5efc8595ea41cfb1247
human-04900,human_response,general_qa,30,response,139,95,0.007353,0.446043,a9a07068a6e3f7a690c0f746c4c0c8d0b200f8fcc05ae9390a14d429f064c14b
human-04901,human_response,general_qa,9220,response,142,96,0.0,0.464789,a5b5973fcb8bd561557b88749840c15849e484ba2f9c336aa55614c9006086d2
human-04902,human_context,summarization,533,context,331,185,0.012195,0.416918,25dfde2fca6bb06b0262e82630eb498e80a5c2efcaee14a272135c95eefb9710
human-04903,human_context,closed_qa,11429,context,148,106,0.006897,0.398649,6a3730b59b6dbf432a873603ebce16fdf27fd6cdf03d57f0a14a2e69bc803144
human-04904,human_response,general_qa,8788,response,368,168,0.021918,0.4375,62f9c63ea892fb5e82799fc7d713f43279efc3c2d018df401cf462c7d9100348
human-04905,human_response,summarization,5256,response,171,103,0.0,0.467836,65ba20a7e81c7d636fec0dbb69cb3ba4c2d390f46df39bf6fdf2810965730b05
human-04906,human_response,open_qa,13700,response,193,111,0.026316,0.476684,a34d0f0beaee40f97b46f09cd946c00fae1e4615f37834101575b23065120c86
human-04907,human_response,brainstorming,14472,response,739,392,0.033967,0.317997,c3f587a48424a2dee1fd0d64c2d20e3fb23eec9bc89b0ebbd3a0b24f752333b8
human-04908,human_response,closed_qa,3454,response,129,83,0.0,0.511628,a055c484ec986731d92d7c6ab44bcb195cbb18749fd7d73e3922f9c758e47d3c
human-04909,human_context,information_extraction,2502,context,235,119,0.030172,0.47234,46b700f088dc482e0901e7d671af45538a251608d4277102040214e7e2019b5d
human-04910,human_response,open_qa,11431,response,255,146,0.003968,0.411765,ed8a0833724a119ac86a63be94fa706336219a303937ec56130e586a30dbc33d
human-04911,human_context,summarization,13957,context,367,199,0.021978,0.419619,3d891c322ded283b8e2dc0967a42b2fa632ce9c42579baf54946f6a1f76961c2
human-04912,human_context,information_extraction,6943,context,405,175,0.121891,0.518519,11a83016292de0c2cffe639e2a602f290576cc6e29bc9848bb05b4596d71c090
human-04913,human_response,open_qa,1416,response,599,253,0.035235,0.462437,c73b45dc51bbcaa18a420ffa778a5bf3282cbea5fb052b8c2504db7c037f881b
human-04914,human_context,closed_qa,2092,context,195,119,0.0,0.451282,caccaa4694872c177c548db62eba237532e0cee82428b3e26aabd7ff848bc169
human-04915,human_response,general_qa,13449,response,275,160,0.0,0.4,727f0f871ed242bec097f011d56d3025cf07a6450611b2ab4fa8f3465e558b7d
human-04916,human_context,summarization,7928,context,293,180,0.010345,0.375427,55928787e294cb542a34f93a43a5ce85bc456f167a270f5cd7e82e942df7e019
human-04917,human_response,information_extraction,4795,response,675,283,0.037202,0.447407,5ca85bb74cd228b7a9e33cca2774f879a28c4d1dd5c7b21d21498d17ed881993
human-04918,human_context,summarization,354,context,172,95,0.011834,0.494186,32ea757fe72d7001ea8b752fbaaf7556254dd75a37e990d42fde6f80594ae950
human-04919,human_response,general_qa,5577,response,157,97,0.0,0.484076,34bc8b975f0a21114d74348a82a8d3b26ce0f717f0d8de1b7f578911082b840f
human-04920,human_context,closed_qa,3976,context,138,85,0.014815,0.478261,aacab0baa49a883aef0177f8f39d9aaccfc25640c417944e2d5a503a1c43bcd3
human-04921,human_context,information_extraction,1749,context,287,106,0.024648,0.630662,a0ac8dc0856a91c8afea13a40259389257198e41500e21fd185a99b2f2d51f8d
human-04922,human_context,closed_qa,9610,context,244,164,0.004149,0.331967,43a64dc2776f090cd6a5c8f0a59c470cd6942c65a8eafc678ce68912d0303a6b
human-04923,human_response,closed_qa,11567,response,182,95,0.01676,0.489011,6e9cfe89b27b65c454b410733c36b92a441d72f15d3eda219b68b577f44324cf
human-04924,human_context,summarization,2815,context,441,238,0.013699,0.399093,37033c3b7f0b9ad55ebe9b33fd7d744cf23fcb4fefcd540621ea6fa536993b8b
human-04925,human_context,closed_qa,10153,context,154,97,0.0,0.461039,469afe7ba54f4bb23c75aedd35c537c87de030a0b8647950682a7a76f766d128
human-04926,human_response,creative_writing,9725,response,282,154,0.007168,0.429078,5f94c10d77b2f9ac87b8faa7df26a24e199e3e3765aca0f89bcf85ab74110be1
human-04927,human_response,creative_writing,600,response,423,128,0.080952,0.567376,5701737c6df6c4540299fe6852e44a1aeee5cf326733c5780d5aad92373b9491
human-04928,human_context,summarization,14247,context,366,191,0.011019,0.442623,4c2b372f4950f59a8566d8b17f7755f7f60afe4476a6a50aa48408977ba12195
human-04929,human_response,information_extraction,11516,response,187,81,0.11413,0.673797,75180f5535709b1d245371f490145c6635d9c472676d674c9ae3610777e51f81
human-04930,human_context,closed_qa,9486,context,144,90,0.0,0.493056,a49234aa67c6f74c0941170d0ebbe94da20c958f59cbda77397aa2fc01c79ed2
human-04931,human_context,summarization,11734,context,132,83,0.0,0.507576,989af686b7110a2e8a5658688e38b41203c6f82996d21607940de372cd69256e
human-04932,human_context,closed_qa,7910,context,1024,341,0.090108,0.454102,5138f3d0b9d6d2e484bb12da1879a5f823ef09908f64a10307abbd878e290f00
human-04933,human_response,information_extraction,9163,response,175,100,0.017442,0.497143,cbe96c67f5b796fa09ec324424ef299755e7803994e7fedbb1068089ef60c03d
human-04934,human_response,information_extraction,7107,response,156,82,0.006536,0.551282,b90c0f160ecceba53a68531badefaa2551b3ab9315a8ba0018f1cb4c5dbdfbb3
human-04935,human_response,general_qa,10601,response,158,105,0.0,0.455696,544f560adec3614c2d08f81f98c462ee21ca87172a8835f76f590842e1159694
human-04936,human_response,brainstorming,11489,response,282,165,0.02509,0.382979,916de3af92c6413631249015772dc6fdc7fc134b379733a89a0360002df395cd
human-04937,human_context,information_extraction,12313,context,191,109,0.015957,0.460733,a6633578cacda97486a6af2d8d391d78575d5fd0d1731d28fcf9084ceeb1170d
human-04938,human_response,creative_writing,11135,response,373,127,0.091892,0.504021,3c15397585456743d257031a82af7f72c3ecc3cd5d4dfff0e1a826554a0a1784
human-04939,human_response,creative_writing,5824,response,199,120,0.0,0.437186,395d8c81b32357c9bb09a0cdccb2611f4b1b081122e03686a81ba7b57d5c91f1
human-04940,human_context,summarization,3126,context,422,176,0.040573,0.473934,51f97c64242a15f804317f0ba907a254140ca03f371a804241ca939c01326e3b
human-04941,human_context,closed_qa,800,context,215,149,0.004717,0.348837,6b28e242ea74b362db98ee05a1c4edf4e0170e4bcd444bb1e0d7d83dbcf1736f
human-04942,human_context,closed_qa,10938,context,231,130,0.02193,0.458874,63a79a0ee263fff1c9f5fe5785719160d528aa6cc0ed4bb4caac939500729866
human-04943,human_response,information_extraction,5941,response,410,184,0.014742,0.446341,818f7a9556993514e3db796eaeba16e82d7378e9c9395fdf9a0a9fb64d5c37c4
human-04944,human_response,summarization,6859,response,162,99,0.025157,0.45679,d27e8ec4ffa6186c93648fef2df0db4abb3b25438553a3d22c1f59b059a9b44f
human-04945,human_response,creative_writing,8563,response,195,113,0.026042,0.497436,d39d3d77b81ed12e044d4c5db75e6f89b5a18f880f76524c5bacd24af40f985b
human-04946,human_response,creative_writing,6474,response,982,357,0.017365,0.3778,e8be8b6de81f3e17a88e02d79bbbeaf1feb13f67815f235b9ae4e00538494f21
human-04947,human_context,information_extraction,14509,context,133,84,0.007692,0.503759,f68d866fd3521f01bd7b6fe63bb55b6833621210fb2970c943cab0856ad873a9
human-04948,human_context,summarization,957,context,237,147,0.004274,0.396624,01116654eb754a2215cb40a6e06dfb53adda4485be99e48e02cb677fd46009eb
human-04949,human_response,brainstorming,14984,response,330,171,0.012232,0.451515,9e1b7084501c8f533720dd112d090184913b4bcf08d7cff1018a5250b467f7c5
human-04950,human_response,creative_writing,7850,response,147,99,0.006944,0.455782,f770ca29a6a11f0c44dd653527620026c8d43879f4aecf659c5b97a7cc579763
human-04951,human_context,information_extraction,2014,context,212,95,0.009569,0.580189,372d0fb1173035e75e4c9baf91c9e7eb07d763b56b1a8fba3cc3ba943148ef52
human-04952,human_response,brainstorming,3107,response,163,101,0.0,0.496933,e28e4f2d32295bb86bea458fbb762454a0f1419af16366bf5b4bfc1e810272a1
human-04953,human_response,summarization,14599,response,225,137,0.004505,0.422222,06723bacb0cc56f3a9aa24b1655d0fb3cedeed4ece80d45d4436962f116ba0eb
human-04954,human_context,summarization,14808,context,306,179,0.019802,0.421569,a391cb0b85ab0d273d29b923bebf79253522ccd247e14e15a4352a0a3d9f7a1c
human-04955,human_context,closed_qa,11177,context,182,115,0.0,0.423077,cf25ecd1320203afecc4e0fa0cf8ac26e4f53db7d77ae8acec51ce80d94e5e2b
human-04956,human_response,closed_qa,6602,response,154,93,0.0,0.480519,43a9863c8d085e82340c565706812bbe3374d153a6093cf3163af6ba76b299b9
human-04957,human_response,summarization,3989,response,248,150,0.020408,0.427419,f894365937f6e5b8d52f9cd7a5c81b26329cc4701cb9c99814d0230d8e22be3a
human-04958,human_response,general_qa,2701,response,157,97,0.006494,0.509554,ce62fda77f9fc52c551afa1325e3a67ec9c6e61951ab3a2e3cef302715fa739e
human-04959,human_context,information_extraction,14906,context,159,111,0.0,0.427673,233401bef5d7f7ece429c0a4565c805bfbd382f5cfefb31515d2f06c8a1302ab
human-04960,human_context,information_extraction,13658,context,319,177,0.009494,0.394984,dfd4cd06ec761352cdd0b4414279dd1953dbd7adac9d714ace1c4ff8fff0a965
human-04961,human_context,information_extraction,13922,context,743,219,0.105405,0.542396,ae211908ba2eff3bc19d4cc46d76a0377d5fe05dcb476e85f5b04ac4bd6fe299
human-04962,human_context,summarization,9299,context,215,132,0.033019,0.437209,a10f564022deef1d4d6656d2e1456c6c453d74852831bdeccaf163bbf418bf45
human-04963,human_response,summarization,10900,response,187,117,0.01087,0.449198,a6dc7db3078e5c7a7553f428ff129b8b3f23ed7eff3e5f7188684dee59a11610
human-04964,human_response,brainstorming,13828,response,403,205,0.0175,0.394541,03e14183da9ca94d9783261d1b9a9d89776d871213ff64a897693ef4da4b5247
human-04965,human_response,brainstorming,4212,response,189,126,0.0,0.396825,fcf05318333cc5b77b81c55738567baf7b08e098109fcbc577513788b392a04b
human-04966,human_context,summarization,6395,context,529,241,0.051331,0.449905,5a13d717ccedbc3e1b3166c54b654ecc49bdf0c1f5ae26fe73b04ea2883a349a
human-04967,human_context,summarization,14863,context,131,95,0.0,0.427481,9857808c16e315ea754e5f974730b70a63a901adf1390db06876bb5934ba2e88
human-04968,human_response,creative_writing,2612,response,158,103,0.019355,0.474684,00993bf7ff6910e6af4f03f49f1917a13802a691db32aeeb688584a33dad2f56
human-04969,human_context,closed_qa,11879,context,229,120,0.00885,0.50655,6ee9f008ed4a444cca9bda591b56f66a1e708278fb8fca6c260dec27325532c1
human-04970,human_response,general_qa,4964,response,131,83,0.0,0.496183,2b77e9140e52306b72e4f820253182a4c1bc82adb1feaf89a3420accae1cedd9
human-04971,human_context,information_extraction,585,context,219,124,0.027778,0.438356,a8bf384172213baf4d2e78da5148f96e6af93e814be0e0388990e4c30d8ff8a6
human-04972,human_context,closed_qa,1305,context,249,168,0.0,0.345382,2491c1303ad1efa94cba874e0cfdf8da4368df2a4cc6288f671dfec222b373de
human-04973,human_context,information_extraction,4859,context,274,147,0.0369,0.478102,88cc41166c10a04ae0ae8afe408e2b762aee47cfd393c8beafa82fca7a25498f
human-04974,human_context,information_extraction,10817,context,406,200,0.081886,0.423645,41707c43dbc314b974e37dc3a8269dbd8b1779fcb32351d278b15b6b9791d568
human-04975,human_response,general_qa,7699,response,819,271,0.050245,0.483516,573c8e2312537a3d9870a9ff1726b7e5d5bf57cc3adcb3b27dac5ade0d2890ba
human-04976,human_context,summarization,7560,context,562,308,0.012522,0.346975,283b8e0b67785e62e871bec514ba6fc4d24d765b0caa0342583fedc20b9904cc
human-04977,human_context,closed_qa,6748,context,272,162,0.011152,0.397059,9d17dd33b8e761340d5f2b5bbb270f994e02bda17755f84634100e9d12a5c26e
human-04978,human_response,brainstorming,3790,response,135,71,0.045455,0.525926,7202c2a511f036c806ee95bec97beebe441712cd704e4a4fd359664027485ec4
human-04979,human_context,summarization,195,context,196,109,0.0,0.469388,77234d8c7d199f0f1a39950f9cef6a1e0110445870909fc655fe7a0ae42dc205
human-04980,human_response,classification,819,response,136,83,0.075188,0.536765,5bcb15a7f5250c0fd8f06073f96bec2f277d4f567fc0b10c915f8a69c572c700
human-04981,human_context,closed_qa,10709,context,168,68,0.206061,0.702381,ace8f66f34ed2076f8f1d6ec22cc81cde3aeeda5c3fcd2f240f6402ab3d9157d
human-04982,human_context,information_extraction,3801,context,274,110,0.107011,0.591241,3b3431794688df7dc0209ced662875768d303a0177039275b9322b98877e89ce
human-04983,human_response,information_extraction,13625,response,236,90,0.167382,0.538136,9bd7f1e56f8ebd96468d92628b09d7eab060ed2fc280cc540611ac7e403ae860
human-04984,human_context,closed_qa,7067,context,213,66,0.12381,0.713615,a73df86a5aaae9f70bf780fd25744a79b894626ed298a60a95c7581bca220424
human-04985,human_response,general_qa,12280,response,292,140,0.013841,0.476027,6edb1e3fabaca9cb8d04b6736c987448d723767a628a0fa8dc92443dc8213d5e
human-04986,human_response,creative_writing,14162,response,152,102,0.0,0.460526,cd2710ea06d2b2bcad1ca4603256d261decf04414eacc79ce62c7ef38d3d6c82
human-04987,human_response,general_qa,4422,response,185,110,0.016484,0.481081,a886170dee5c480b0674718853db9fe5544b4f7f562574e8b5dcce37da919e9d
human-04988,human_context,summarization,5563,context,500,227,0.044266,0.452,eedecf98454b2ed86d4c85eef99314b82d4f070437f4dab8df308d436bbce9af
human-04989,human_response,open_qa,12667,response,226,146,0.0,0.39823,2c74c3306c01885b90bfbb1c06c68beb18c62a045e657ecb8b0378ce0bfa13cb
human-04990,human_context,information_extraction,6000,context,204,116,0.0,0.460784,6d34ca9eb33c512b1fecdf51a77af097db2ade6cd5ce27dc7cbe9a0c99d90727
human-04991,human_response,open_qa,394,response,297,163,0.0,0.40404,94b5993039bce4a308e9b559f517d5d8a320e3cb124bd86847278241bfcbc8c5
human-04992,human_context,summarization,9098,context,1285,473,0.093604,0.421012,46668ecca2b6c8cb5cebc788cb41e03a726e5a4e789fdf2265d55e935bc356d2
human-04993,human_context,closed_qa,11756,context,464,243,0.015184,0.392241,0eafe1b9335a41e800bcd42f627ad7a86d3ade501644862826037485312a6e1e
human-04994,human_context,closed_qa,7272,context,212,129,0.0,0.45283,678c591d0e25463e5ca2acd8646ba0e2e89022b47d59799865628f34fbf6cd4f
human-04995,human_context,closed_qa,647,context,238,131,0.008511,0.445378,88879f234cc0ba85113392496178e5b407b04ddda4d7b23a1e6625e91d10182d
human-04996,human_response,summarization,6428,response,165,100,0.006173,0.454545,ca81986627f9dc6c5c982fe06688e765ef37f860728f525c2de8fe4b3fe9fa70
human-04997,human_response,creative_writing,8739,response,297,176,0.027211,0.37037,22d2d9e894b435342df0d41193d5e0974a3323fe49b17af427a8866f861bacc2
human-04998,human_context,closed_qa,11636,context,177,110,0.04023,0.435028,11269e1281c0e7bda7e988c5d6423dfca826bf421903510e8a5552691180dcac
human-04999,human_response,brainstorming,6340,response,128,85,0.008,0.460938,e1a9b5b6b7c6b8521677ca98bfe6bb8f3cefba56b967784343c56a5edaa87cd4
